update,reward_mm,reward_exe,mm_inv,mm_pnl,mm_bidq,mm_askq,mm_mktshr,mm_top_action,mm_top_action_pct,exe_doom,exe_left,exe_top_action,exe_top_action_pct
1,-0.001114734448492527,-0.6448798775672913,-0.06,181.57,0.9,0.9,,1,11,0.5,276.8,12,8
2,-0.0016579286893829703,-0.5669301748275757,0.07,-209.403,0.91,0.91,,2,11,1.0,298.4,2,9
3,-0.0017141280695796013,-0.7305435538291931,0.05,-142.178,0.91,0.91,,7,11,1.2,303.1,8,9
4,-0.0013936720788478851,-0.8028403520584106,-0.05,158.206,0.91,0.91,,4,11,1.2,307.2,8,9
5,-0.0014863584656268358,-0.8081262707710266,-0.02,65.166,0.93,0.93,,8,12,1.6,324.7,12,9
6,-0.0013810332166031003,-0.9391531944274902,-0.09,268.349,0.95,0.95,,8,13,1.3,319.5,12,10
7,-0.0015244805254042149,-0.7938241958618164,0.04,-126.909,0.97,0.97,,4,14,1.4,325.7,12,10
8,-0.0010238008107990026,-0.819701611995697,0.06,-172.7,0.98,0.98,,4,15,1.9,346.8,12,10
9,-0.00045518751721829176,-1.088108777999878,0.15,-394.08,0.99,0.99,,4,18,1.5,316.6,12,11
10,-0.0002494551008567214,-0.851546049118042,0.06,-150.004,0.99,0.99,,7,18,1.6,321.5,12,10
11,-0.0006106904475018382,-0.9102621674537659,0.09,-292.146,1.0,1.0,,7,21,1.5,330.3,11,10
12,-0.0004980498342774808,-0.9317012429237366,-0.01,37.599,1.0,1.0,,7,25,2.0,342.2,11,10
13,-0.00016977833001874387,-1.007711410522461,0.05,-162.355,1.0,1.0,,7,23,1.9,331.9,12,10
14,-0.00021403032587841153,-0.9652329683303833,0.19,-541.977,1.0,1.0,,7,22,1.6,317.2,6,10
15,-0.0001942480739671737,-0.864860475063324,0.13,-385.997,1.0,1.0,,7,19,1.6,324.9,6,11
16,6.692381430184469e-05,-0.8741421699523926,-0.03,98.355,1.0,1.0,,4,19,1.5,328.8,6,11
17,-0.00044296978740021586,-0.8532536029815674,-0.04,125.123,1.0,1.0,,4,19,1.8,335.5,6,13
18,-0.00013728419435210526,-0.9603327512741089,0.07,-208.106,1.0,1.0,,2,18,1.8,336.9,6,13
19,-0.00017852151358965784,-0.9315783977508545,-0.05,182.096,1.0,1.0,,4,21,2.3,359.3,6,12
20,-8.937599341152236e-05,-1.119139313697815,-0.2,553.587,1.0,1.0,,4,22,2.4,361.0,6,13
21,-7.596877549076453e-05,-1.1006739139556885,-0.07,198.193,1.0,1.0,,4,23,2.0,340.3,6,14
22,-0.0002368281566305086,-1.0127098560333252,-0.03,76.442,1.0,1.0,,4,23,2.3,347.0,6,16
23,-0.00018640822963789105,-1.0727119445800781,-0.02,65.847,1.0,1.0,,4,27,2.2,348.0,6,16
24,-0.0001416875165887177,-1.1099289655685425,-0.04,110.731,1.0,1.0,,4,24,2.6,372.4,6,16
25,-0.00012170900299679488,-1.2445781230926514,0.01,-33.328,1.0,1.0,,2,27,2.2,356.9,6,16
26,0.00010885058145504445,-1.0900311470031738,0.03,-92.67,1.0,1.0,,2,27,2.1,339.5,6,17
27,-0.0002847558935172856,-0.995327353477478,-0.01,30.633,1.0,1.0,,2,33,3.0,381.5,6,16
28,-0.00020712503464892507,-1.3357316255569458,-0.08,245.561,1.0,1.0,,2,36,2.5,358.4,6,18
29,-7.674904190935194e-05,-1.155958890914917,0.01,-8.9,1.0,1.0,,2,38,2.4,353.9,6,16
30,4.061618892592378e-05,-1.1820471286773682,-0.05,152.906,1.0,1.0,,2,36,2.4,352.7,6,15
31,2.3064432753017172e-05,-1.0836658477783203,-0.09,248.723,1.0,1.0,,2,36,2.9,377.6,6,16
32,-0.00021900194406043738,-1.324557900428772,-0.03,85.767,1.0,1.0,,2,36,2.0,340.0,11,16
33,-2.2117212211014703e-05,-0.9173328876495361,-0.15,455.64,1.0,1.0,,2,29,2.4,358.8,11,16
34,-3.940332680940628e-05,-1.0956097841262817,-0.02,34.711,1.0,1.0,,2,33,2.1,343.7,11,16
35,-0.00012277053610887378,-0.9784280061721802,-0.14,406.934,1.0,1.0,,2,33,2.3,351.8,11,17
36,-0.00026054494082927704,-1.0843636989593506,-0.04,119.022,1.0,1.0,,2,31,1.9,334.4,11,17
37,7.835926226107404e-06,-0.8438619375228882,-0.11,321.306,1.0,1.0,,2,29,2.4,358.9,11,16
38,-2.992580266436562e-05,-1.1746269464492798,-0.04,112.32,1.0,1.0,,2,25,2.5,360.6,11,15
39,-0.00011705958604579791,-1.130818486213684,-0.11,290.25,1.0,1.0,,2,28,2.3,345.5,11,15
40,-0.0003049971128348261,-1.1402764320373535,-0.15,454.837,1.0,1.0,,2,30,2.0,341.2,11,15
41,-0.00010357910650782287,-0.9467500448226929,-0.09,252.392,1.0,1.0,,2,34,1.8,326.3,11,14
42,-0.0001448320399504155,-0.8942364454269409,-0.09,278.682,1.0,1.0,,2,33,2.6,359.9,11,14
43,9.552438859827816e-05,-1.2579114437103271,-0.16,501.075,1.0,1.0,,2,26,2.8,380.9,11,16
44,-0.0001483222731621936,-1.258918046951294,0.05,-170.866,1.0,1.0,,2,24,2.5,361.4,11,15
45,-0.0004270264180377126,-1.1647584438323975,-0.22,610.381,1.0,1.0,,2,24,2.1,351.1,11,15
46,-0.0001941933878697455,-0.9925332069396973,-0.1,282.053,1.0,1.0,,2,29,2.4,353.5,11,16
47,-0.0002607343776617199,-1.1146214008331299,-0.1,297.439,1.0,1.0,,2,28,2.2,341.6,11,15
48,-0.00020662404131144285,-1.0289121866226196,-0.12,343.5,1.0,1.0,,2,30,2.8,362.5,11,15
49,-3.3162126783281565e-05,-1.2101125717163086,-0.09,256.999,1.0,1.0,,2,30,1.6,323.5,11,15
50,-0.0002525537274777889,-0.8060376048088074,-0.04,125.334,1.0,1.0,,3,34,2.4,355.2,11,17
51,-0.00016984864487312734,-1.1302261352539062,-0.06,198.572,1.0,1.0,,3,34,2.2,356.5,11,17
52,-0.00015056933625601232,-1.026820421218872,0.01,-41.894,1.0,1.0,,3,30,2.5,358.0,11,17
53,-6.178126204758883e-05,-1.1690086126327515,-0.03,75.447,1.0,1.0,,3,31,2.4,360.5,11,16
54,5.2353498176671565e-06,-1.1521704196929932,-0.04,136.17,1.0,1.0,,3,28,1.8,335.2,11,16
55,-3.95683673559688e-05,-0.9297568798065186,-0.07,200.883,1.0,1.0,,3,26,2.3,351.1,11,16
56,-5.787012923974544e-05,-1.0827220678329468,-0.04,107.461,1.0,1.0,,3,27,2.5,367.9,11,17
57,-3.0140625312924385e-05,-1.1119107007980347,-0.02,81.316,1.0,1.0,,2,27,2.3,347.2,11,16
58,-0.00022665332653559744,-1.055153489112854,-0.02,44.66,1.0,1.0,,4,29,2.0,351.3,11,17
59,-3.712988836923614e-05,-0.9667715430259705,-0.02,70.894,1.0,1.0,,4,32,2.2,338.8,11,16
60,8.98242160474183e-06,-0.9565656185150146,0.05,-150.347,1.0,1.0,,4,33,1.7,328.4,11,16
61,-9.511722055322025e-06,-0.832011878490448,-0.05,143.821,1.0,1.0,,4,33,2.8,369.7,11,17
62,1.2553711712826043e-05,-1.240417242050171,-0.01,27.615,1.0,1.0,,4,33,2.2,345.7,11,18
63,-2.9567385354312137e-05,-0.980060875415802,-0.02,58.323,1.0,1.0,,4,40,2.8,373.8,11,17
64,3.2744137570261955e-05,-1.27017343044281,0.01,-19.77,1.0,1.0,,4,32,2.0,340.9,11,16
65,-1.3140627743268851e-05,-0.9950618743896484,0.0,-12.125,1.0,1.0,,3,27,2.6,357.2,11,17
66,-2.367774141021073e-05,-1.1364266872406006,0.04,-124.189,1.0,1.0,,3,24,2.9,369.4,11,18
67,-3.7216768760117702e-06,-1.3187775611877441,-0.02,64.37,1.0,1.0,,3,21,2.2,348.7,11,17
68,-3.755469879251905e-05,-1.0299079418182373,-0.03,91.99,1.0,1.0,,1,20,2.1,349.2,11,17
69,-0.00013272168871480972,-0.9852356314659119,-0.06,176.205,1.0,1.0,,3,22,2.2,347.9,11,15
70,-2.1117199139553122e-05,-1.0652836561203003,-0.08,239.248,1.0,1.0,,3,25,1.9,339.7,11,17
71,-8.953613723861054e-05,-0.932778000831604,-0.05,156.484,1.0,1.0,,3,31,2.8,374.1,11,16
72,-8.327343675773591e-05,-1.2481586933135986,-0.03,101.445,1.0,1.0,,3,26,2.2,342.9,11,16
73,-3.8928716094233096e-05,-1.0414273738861084,-0.03,76.774,1.0,1.0,,3,25,2.3,346.2,11,15
74,-1.9869135940098204e-05,-1.0458917617797852,-0.03,73.123,1.0,1.0,,4,25,2.4,351.7,11,15
75,-2.5556648324709386e-05,-1.1223649978637695,0.08,-230.596,1.0,1.0,,4,23,1.1,291.1,11,15
76,9.185839735437185e-05,-0.558405876159668,0.03,-83.677,1.0,1.0,,1,25,2.5,364.4,11,15
77,8.648421498946846e-06,-1.0907891988754272,-0.03,87.905,1.0,1.0,,1,31,1.8,318.6,11,17
78,-4.898828046862036e-05,-0.8712010979652405,-0.01,16.51,1.0,1.0,,1,31,2.3,347.8,11,16
79,-1.4832035958534107e-05,-1.0375738143920898,0.03,-73.905,1.0,1.0,,1,33,2.3,351.8,11,16
80,1.8399405234958977e-05,-1.111611008644104,0.02,-48.524,1.0,1.0,,1,31,1.9,321.9,11,16
81,-6.458009011112154e-05,-0.9068388938903809,-0.04,99.961,1.0,1.0,,1,32,2.4,346.7,11,16
82,-4.695313691627234e-05,-1.105848789215088,-0.05,130.251,1.0,1.0,,1,26,2.6,346.6,11,15
83,-6.950192982912995e-06,-1.1907089948654175,0.08,-206.474,1.0,1.0,,2,21,2.8,366.1,11,15
84,-1.2172851711511612e-05,-1.2661244869232178,-0.05,139.965,1.0,1.0,,1,24,1.9,338.2,11,16
85,-0.0001764316693879664,-0.9247044324874878,0.0,-6.456,1.0,1.0,,4,27,2.6,358.0,11,16
86,3.509179441607557e-05,-1.1497470140457153,-0.03,78.764,1.0,1.0,,1,26,2.2,345.2,11,15
87,2.8501945052994415e-05,-1.057033896446228,0.01,-23.392,1.0,1.0,,1,31,2.6,357.7,11,15
88,5.8476543927099556e-05,-1.1130213737487793,0.01,-42.601,1.0,1.0,,1,31,2.3,338.5,11,15
89,-1.5267583876266144e-05,-1.044466495513916,0.04,-112.88,1.0,1.0,,1,26,2.0,328.5,6,15
90,-1.4237301911634859e-05,-0.9221609830856323,-0.0,18.014,1.0,1.0,,1,32,2.9,371.3,11,16
91,6.201367068570107e-05,-1.2614402770996094,0.08,-212.996,1.0,1.0,,1,28,1.6,305.2,11,15
92,-6.344531720969826e-05,-0.8659341335296631,-0.03,111.22,1.0,1.0,,1,25,2.8,360.2,11,17
93,-3.0439457987085916e-05,-1.1785016059875488,0.0,-7.42,1.0,1.0,,1,26,1.7,335.7,11,16
94,-3.557129457476549e-05,-0.8433793783187866,0.04,-94.299,1.0,1.0,,1,31,2.6,358.9,11,16
95,3.522460247040726e-05,-1.1301217079162598,-0.03,72.101,1.0,1.0,,1,30,2.6,363.0,6,16
96,-2.546192627050914e-05,-1.2239832878112793,-0.02,65.793,1.0,1.0,,2,26,2.0,328.0,11,16
97,-5.722070636693388e-05,-0.9522956013679504,-0.0,2.873,1.0,1.0,,2,31,2.7,355.8,6,15
98,7.187518349383026e-07,-1.2403602600097656,0.03,-82.747,1.0,1.0,,2,35,2.7,362.0,6,15
99,-3.702443063957617e-05,-1.18180513381958,0.02,-45.292,1.0,1.0,,2,41,2.4,352.6,11,15
100,9.990271792048588e-07,-1.1088347434997559,0.01,-24.793,1.0,1.0,,2,44,2.5,345.3,11,16
101,-5.785158464277629e-06,-1.0724618434906006,0.03,-83.192,1.0,1.0,,2,43,2.4,345.7,11,15
102,4.891406570095569e-05,-1.0485897064208984,-0.02,51.037,1.0,1.0,,2,35,2.3,343.8,11,14
103,6.435491286538308e-07,-1.0307377576828003,-0.01,27.7,1.0,1.0,,2,29,2.3,341.1,11,15
104,-3.657227352960035e-06,-1.0524734258651733,-0.02,46.151,1.0,1.0,,2,24,2.6,355.4,11,16
105,2.2651352992397733e-05,-1.2408994436264038,0.02,-62.714,1.0,1.0,,2,23,2.9,366.1,6,15
106,3.03613205687725e-06,-1.2844465970993042,-0.05,150.73,1.0,1.0,,2,23,1.3,297.6,6,15
107,-5.346877151168883e-05,-0.7179430723190308,0.02,-62.868,1.0,1.0,,7,23,2.3,344.8,11,14
108,-5.598438292508945e-05,-1.0304234027862549,-0.07,227.163,1.0,1.0,,7,28,1.7,317.1,11,15
109,-6.11679715802893e-05,-0.8153148293495178,-0.03,98.616,1.0,1.0,,7,29,2.1,340.6,11,15
110,-8.437305223196745e-05,-1.066558837890625,-0.0,12.097,1.0,1.0,,1,23,2.6,363.4,11,14
111,-8.795215399004519e-05,-1.1618541479110718,0.04,-109.093,1.0,1.0,,2,24,2.4,331.5,11,15
112,4.810541213373654e-06,-1.1474723815917969,0.02,-58.686,1.0,1.0,,2,22,2.5,352.1,6,15
113,1.2550778592412826e-05,-1.0921093225479126,-0.02,44.594,1.0,1.0,,2,22,2.0,336.9,11,16
114,4.251952304912265e-06,-0.999829888343811,0.0,-8.672,1.0,1.0,,7,21,2.2,337.0,6,14
115,-0.00017290041432715952,-1.0274312496185303,-0.01,44.558,1.0,1.0,,8,21,2.5,354.9,11,15
116,1.1407227248128038e-05,-1.1529932022094727,0.02,-43.433,1.0,1.0,,8,21,2.1,329.4,11,14
117,-0.00020060256065335125,-0.9746406078338623,-0.03,78.514,1.0,1.0,,7,24,1.9,322.8,6,15
118,-9.320019307779148e-05,-0.9407764077186584,0.0,-3.812,1.0,1.0,,7,28,1.9,325.8,11,15
119,-5.41865338163916e-05,-0.8899326324462891,-0.02,58.089,1.0,1.0,,7,26,2.5,346.6,11,15
120,2.4068354832706973e-05,-1.144240379333496,-0.02,52.677,1.0,1.0,,2,22,2.5,351.4,11,15
121,-2.929718903033063e-07,-1.1193265914916992,-0.03,88.253,1.0,1.0,,7,25,2.1,330.9,11,15
122,-0.0002612470998428762,-1.005282998085022,-0.0,0.093,1.0,1.0,,7,30,1.9,328.5,11,15
123,2.9751943657174706e-05,-0.9432988166809082,0.08,-222.742,1.0,1.0,,8,28,2.1,324.3,11,15
124,-8.569337660446763e-05,-0.9703069925308228,0.04,-108.957,1.0,1.0,,7,30,2.7,350.8,11,15
125,1.3941405995865352e-05,-1.199659824371338,-0.02,52.327,1.0,1.0,,7,29,2.4,342.7,11,15
126,-1.2071282981196418e-05,-1.127232313156128,-0.08,242.251,1.0,1.0,,7,29,1.9,314.8,11,14
127,-0.00015072364476509392,-0.9715431928634644,-0.04,119.351,1.0,1.0,,7,28,1.9,328.3,11,16
128,-3.9547863707412034e-05,-0.942135214805603,0.02,-54.309,1.0,1.0,,7,29,2.3,337.9,11,15
129,-2.9331058613024652e-05,-1.0456569194793701,0.01,-30.103,1.0,1.0,,7,31,2.8,360.7,11,16
130,-1.1510745935083833e-05,-1.2259019613265991,0.14,-403.344,1.0,1.0,,7,28,2.4,353.9,11,16
131,-0.00019052933203056455,-1.1371521949768066,0.02,-59.13,1.0,1.0,,7,27,1.9,325.1,11,16
132,-4.067285044584423e-05,-0.8776858448982239,0.03,-82.057,1.0,1.0,,7,23,2.3,345.7,11,16
133,2.0361294446047395e-06,-1.038893222808838,0.08,-226.203,1.0,1.0,,8,22,1.9,335.2,11,16
134,-5.4862328397575766e-05,-0.8854381442070007,0.09,-260.538,1.0,1.0,,8,23,2.4,349.0,11,17
135,-3.521289545460604e-05,-1.1452021598815918,0.12,-358.126,1.0,1.0,,4,21,2.4,343.9,11,15
136,-6.0969727201154456e-05,-1.066199541091919,0.11,-335.582,1.0,1.0,,4,21,2.4,350.1,11,15
137,2.417949872324243e-06,-1.136853575706482,0.15,-428.604,1.0,1.0,,4,21,2.0,326.3,11,15
138,-6.786525045754388e-05,-0.9657827019691467,0.15,-428.499,1.0,1.0,,7,18,1.9,312.9,6,14
139,-0.00014551957428921014,-0.8746901154518127,0.12,-333.236,1.0,1.0,,7,20,2.2,322.2,11,16
140,-0.00015225098468363285,-1.0576801300048828,0.17,-474.157,1.0,1.0,,7,19,2.2,334.4,11,16
141,-0.00020833889720961452,-0.9763548374176025,-0.0,16.153,1.0,1.0,,7,21,2.1,331.8,11,16
142,-5.8413097576703876e-05,-0.9846179485321045,0.05,-133.144,1.0,1.0,,7,23,2.1,338.1,11,17
143,6.534862041007727e-05,-0.9898911714553833,0.07,-207.078,1.0,1.0,,7,26,1.5,303.6,11,16
144,-4.585156057146378e-05,-0.8304409980773926,0.02,-78.026,1.0,1.0,,7,28,2.0,327.7,11,16
145,-9.195313032250851e-05,-0.8844829797744751,0.02,-53.377,1.0,1.0,,7,32,2.0,322.1,11,15
146,-6.137696618679911e-05,-0.952750027179718,-0.01,51.414,1.0,1.0,,7,37,2.0,329.5,11,17
147,-0.00022184084809850901,-0.9203249216079712,0.0,-10.845,1.0,1.0,,7,39,2.5,350.2,11,15
148,3.2019517675507814e-05,-1.1273226737976074,0.04,-129.679,1.0,1.0,,7,45,2.2,335.4,11,16
149,7.36269576009363e-05,-0.9655712842941284,-0.02,47.345,1.0,1.0,,7,52,2.0,325.9,11,15
150,-4.060544597450644e-06,-0.9411874413490295,0.06,-151.858,1.0,1.0,,7,59,2.3,342.5,11,16
151,4.527440250967629e-05,-1.0719016790390015,-0.01,34.254,1.0,1.0,,7,55,1.4,295.9,6,14
152,-6.0394551837816834e-05,-0.7390227317810059,-0.03,107.539,1.0,1.0,,7,55,2.0,318.5,11,15
153,-0.00019555956532713026,-0.9558716416358948,-0.14,423.749,1.0,1.0,,7,52,2.4,351.1,11,16
154,-0.0001644892618060112,-1.1131868362426758,-0.1,314.146,1.0,1.0,,7,41,1.7,308.3,11,15
155,-0.00037587108090519905,-0.8652908802032471,0.03,-95.233,1.0,1.0,,7,34,2.4,342.3,11,16
156,-1.2687506568909157e-05,-1.0716609954833984,0.08,-227.445,1.0,1.0,,7,32,2.4,338.7,11,16
157,7.231347262859344e-05,-1.0887742042541504,0.0,0.001,1.0,1.0,,7,34,2.2,340.7,11,16
158,-3.279784868936986e-05,-1.0579273700714111,-0.01,23.195,1.0,1.0,,7,36,2.1,336.8,11,17
159,-0.00029095704667270184,-1.030717134475708,0.02,-71.242,1.0,1.0,,7,33,1.6,312.9,11,16
160,-2.8123056836193427e-05,-0.8403397798538208,0.03,-84.238,1.0,1.0,,7,31,2.1,326.9,11,17
161,-4.345508205005899e-05,-0.9489966630935669,-0.01,22.748,1.0,1.0,,1,32,2.0,326.7,11,16
162,7.715820538578555e-05,-0.9811351299285889,0.07,-208.917,1.0,1.0,,1,33,1.9,318.0,11,16
163,2.0772462448803708e-05,-0.9394174814224243,-0.04,132.733,1.0,1.0,,7,36,2.5,344.0,11,15
164,-0.00017495019710622728,-1.148851752281189,0.06,-175.331,1.0,1.0,,7,35,1.8,311.1,11,16
165,-0.00011229396477574483,-0.8907859325408936,-0.03,110.489,1.0,1.0,,7,34,2.0,312.3,11,16
166,-0.0001625664153834805,-0.9357852935791016,0.0,12.859,1.0,1.0,,7,37,2.5,352.4,11,17
167,-0.00025321682915091515,-1.1447043418884277,-0.02,88.218,1.0,1.0,,7,39,1.7,297.4,11,16
168,-0.00019039164180867374,-0.8325173854827881,0.02,-49.98,1.0,1.0,,7,40,1.8,312.6,11,16
169,-9.612599387764931e-05,-0.8608404397964478,0.0,-2.723,1.0,1.0,,7,37,1.8,308.8,11,15
170,-5.912404230912216e-05,-0.8285412788391113,0.1,-287.423,1.0,1.0,,7,39,1.8,305.6,11,16
171,-0.00026482425164431334,-0.8442058563232422,0.04,-119.545,1.0,1.0,,7,40,2.2,332.3,11,15
172,-7.773438119329512e-05,-0.9627441167831421,-0.08,253.277,1.0,1.0,,7,34,2.2,329.0,11,16
173,-0.00022034379071556032,-1.0671052932739258,0.01,-11.798,1.0,1.0,,1,29,1.6,304.5,10,14
174,-0.00013043556828051805,-0.8193851709365845,0.04,-113.438,1.0,1.0,,1,33,2.0,313.1,11,15
175,-5.63154426345136e-05,-0.975141167640686,0.07,-206.2,1.0,1.0,,1,34,1.7,309.2,11,16
176,-0.0001345585915260017,-0.9048315286636353,0.08,-221.99,1.0,1.0,,1,28,2.3,338.7,11,16
177,-8.22841830085963e-05,-1.0140244960784912,0.07,-210.75,1.0,1.0,,4,29,2.4,329.8,11,16
178,-8.796388283371925e-05,-1.0857772827148438,-0.02,80.522,1.0,1.0,,1,25,2.0,321.9,11,16
179,-0.00015822656860109419,-0.9415481686592102,0.01,-37.687,1.0,1.0,,1,25,2.1,333.9,11,17
180,-0.00017576372192706913,-1.0050474405288696,0.03,-80.186,1.0,1.0,,7,29,2.0,324.9,10,15
181,-6.025389666319825e-06,-0.987837553024292,0.07,-203.863,1.0,1.0,,7,26,2.1,318.7,11,15
182,2.135545582859777e-05,-0.9804983139038086,0.06,-181.225,1.0,1.0,,1,29,1.5,298.7,10,15
183,-4.2066414607688785e-05,-0.793529212474823,0.04,-107.343,1.0,1.0,,1,33,2.0,317.2,11,15
184,-6.187404505908489e-05,-0.9601539373397827,0.11,-332.488,1.0,1.0,,1,36,2.4,346.9,11,16
185,-9.933498222380877e-05,-1.108487606048584,0.02,-57.475,1.0,1.0,,1,37,1.4,293.8,10,15
186,-0.00013591701281256974,-0.7575657367706299,0.05,-121.121,1.0,1.0,,1,33,1.9,312.5,10,15
187,-0.00013542971282731742,-0.8763924241065979,0.01,-26.044,1.0,1.0,,1,29,2.3,340.1,11,17
188,-0.0002644922351464629,-1.04128098487854,0.03,-106.764,1.0,1.0,,1,26,2.3,338.3,11,16
189,-0.00011058398376917467,-1.0332444906234741,-0.01,32.207,1.0,1.0,,7,27,2.1,327.2,11,16
190,-0.0001364902564091608,-0.9358758926391602,-0.03,95.743,1.0,1.0,,7,29,2.7,355.3,11,17
191,7.437011663569137e-05,-1.1783721446990967,-0.06,161.629,1.0,1.0,,7,27,1.5,293.9,11,15
192,-2.549317287048325e-05,-0.8085448741912842,0.05,-141.546,1.0,1.0,,7,24,1.8,315.3,11,15
193,-7.373243715846911e-05,-0.8751539587974548,0.05,-149.567,1.0,1.0,,2,28,2.1,320.9,10,16
194,-3.776270750677213e-05,-0.9817436933517456,0.04,-112.267,1.0,1.0,,2,29,2.1,339.7,11,17
195,-9.902247984427959e-05,-1.0272529125213623,0.04,-119.103,1.0,1.0,,2,35,1.8,316.7,11,16
196,7.71385839470895e-06,-0.858629584312439,0.05,-146.269,1.0,1.0,,1,30,1.8,308.0,10,16
197,-1.951073863892816e-05,-0.864194929599762,-0.03,88.059,1.0,1.0,,1,31,1.8,319.2,11,17
198,4.029290721518919e-06,-0.8208460211753845,0.12,-330.312,1.0,1.0,,1,30,1.6,296.6,11,17
199,-0.00027637992752715945,-0.8195403814315796,0.08,-241.586,1.0,1.0,,1,32,2.1,323.7,11,15
200,-5.901367330807261e-05,-0.9757785201072693,0.11,-322.179,1.0,1.0,,1,27,2.1,327.3,11,17
201,-0.00015424122102558613,-0.9697777628898621,0.11,-324.666,1.0,1.0,,1,26,1.5,299.1,11,15
202,-0.00019102833175566047,-0.768169641494751,0.09,-262.675,1.0,1.0,,1,30,1.6,287.1,11,15
203,-9.407521429238841e-05,-0.7672731876373291,0.04,-115.544,1.0,1.0,,1,27,2.4,334.3,11,17
204,8.525348675902933e-07,-1.086803674697876,0.04,-107.418,1.0,1.0,,2,26,2.0,323.3,11,17
205,0.00024752147146500647,-0.9537240266799927,0.05,-126.326,1.0,1.0,,1,25,1.7,315.4,11,16
206,-0.00013524999667424709,-0.8376991748809814,0.0,-0.56,1.0,1.0,,1,24,1.6,283.4,10,16
207,-3.1159182981355116e-05,-0.8540577292442322,0.03,-84.508,1.0,1.0,,2,26,1.8,324.2,10,17
208,1.8091785022988915e-05,-0.8546324968338013,0.01,-40.494,1.0,1.0,,2,29,2.0,324.6,11,16
209,-3.977344022132456e-05,-0.9508782029151917,0.05,-164.305,1.0,1.0,,2,33,1.5,299.1,10,17
210,0.00011875684140250087,-0.7692310810089111,0.03,-86.83,1.0,1.0,,2,35,1.7,319.7,11,16
211,3.9020509575493634e-05,-0.8685541749000549,0.01,-15.551,1.0,1.0,,2,28,1.5,301.4,11,17
212,-2.0250006855349056e-05,-0.682105541229248,0.02,-58.103,1.0,1.0,,2,28,1.8,311.5,10,16
213,-0.00013241797569207847,-0.8539016246795654,-0.01,24.204,1.0,1.0,,7,29,1.8,303.9,11,16
214,6.150780973257497e-05,-0.815089225769043,-0.01,24.93,1.0,1.0,,7,34,2.0,322.7,11,17
215,5.751867320213933e-07,-0.9010263681411743,0.04,-103.584,1.0,1.0,,7,36,2.3,330.7,10,17
216,-9.104982018470764e-05,-1.021543025970459,0.02,-77.261,1.0,1.0,,7,34,1.7,300.6,10,16
217,1.6252924979198724e-05,-0.8015788793563843,-0.05,149.696,1.0,1.0,,7,32,2.5,333.3,11,16
218,2.2884758436703123e-05,-1.0409493446350098,0.03,-83.367,1.0,1.0,,7,31,1.6,300.0,11,17
219,-8.280469774035737e-05,-0.8099766969680786,-0.02,69.599,1.0,1.0,,7,31,2.1,338.1,11,17
220,-0.00014350195124279708,-0.9838207364082336,-0.0,3.645,1.0,1.0,,7,35,2.3,330.2,11,17
221,-5.393554602051154e-06,-1.0290933847427368,-0.01,45.657,1.0,1.0,,7,38,1.4,290.8,11,16
222,-5.58594456379069e-06,-0.6838383078575134,0.01,-36.258,1.0,1.0,,7,33,1.6,304.9,10,17
223,4.354882912593894e-05,-0.783650815486908,-0.02,49.788,1.0,1.0,,7,29,2.0,320.5,11,17
224,1.025389792630449e-06,-0.9472793340682983,0.03,-94.789,1.0,1.0,,7,25,1.7,311.8,10,16
225,-3.3781248930608854e-05,-0.7914613485336304,0.04,-103.947,1.0,1.0,,1,28,1.9,318.4,11,18
226,-1.6854502973728813e-05,-0.9253661632537842,-0.01,38.247,1.0,1.0,,1,35,2.0,325.6,11,17
227,2.846288407454267e-05,-0.9498830437660217,0.09,-265.875,1.0,1.0,,1,38,1.5,288.8,10,16
228,-0.00012426855391822755,-0.7625821828842163,0.02,-66.934,1.0,1.0,,1,40,1.9,318.3,11,19
229,-8.471582987112924e-05,-0.880277156829834,0.06,-185.36,1.0,1.0,,1,43,1.8,323.2,11,16
230,-0.00015004200395196676,-0.895587682723999,0.02,-71.171,1.0,1.0,,1,40,2.2,323.5,11,17
231,3.8666992622893304e-05,-1.0299205780029297,0.01,-38.979,1.0,1.0,,1,32,1.4,294.3,10,17
232,-0.00015013868687674403,-0.7104259729385376,0.06,-163.329,1.0,1.0,,1,30,1.9,312.0,10,18
233,-1.156642974819988e-05,-0.903989851474762,-0.05,147.067,1.0,1.0,,7,30,1.3,286.0,10,16
234,-6.447558553190902e-05,-0.7044887542724609,0.05,-143.846,1.0,1.0,,1,34,1.7,304.8,10,18
235,-1.2208987755002454e-05,-0.8585799932479858,0.1,-290.239,1.0,1.0,,1,41,2.3,329.1,10,17
236,-5.483593849930912e-05,-1.0490139722824097,0.07,-199.921,1.0,1.0,,1,39,1.9,323.7,11,17
237,-1.534668990643695e-05,-0.8720340728759766,0.05,-140.628,1.0,1.0,,1,38,1.6,295.5,11,17
238,5.055651854490861e-06,-0.8152338862419128,0.01,-27.423,1.0,1.0,,1,42,1.9,314.3,11,17
239,-1.690436874923762e-06,-0.9521769285202026,0.04,-105.321,1.0,1.0,,1,45,1.5,286.2,11,16
240,4.8689445975469425e-05,-0.7259464263916016,-0.01,36.608,1.0,1.0,,1,48,1.5,302.9,10,17
241,4.026073293061927e-05,-0.7667344212532043,-0.01,17.814,1.0,1.0,,1,48,2.3,324.3,11,17
242,6.705859414068982e-05,-1.0246329307556152,0.0,-9.061,1.0,1.0,,1,54,2.1,320.4,10,18
243,8.328027615789324e-05,-0.9573917388916016,-0.0,10.816,1.0,1.0,,1,64,2.2,322.5,10,18
244,7.853807619540021e-05,-1.029676079750061,-0.0,-4.844,1.0,1.0,,1,67,1.1,282.7,10,17
245,-3.888866922352463e-05,-0.6271457672119141,0.07,-192.848,1.0,1.0,,1,62,1.5,288.2,10,18
246,-0.00011419533257139847,-0.8037685751914978,-0.04,111.149,1.0,1.0,,1,59,1.9,318.8,11,18
247,-0.00011209963849978521,-0.8803989291191101,0.03,-90.44,1.0,1.0,,1,57,1.9,301.5,10,18
248,-3.801565617322922e-05,-0.91232830286026,0.01,-30.371,1.0,1.0,,1,52,2.0,308.0,10,18
249,2.2081048882682808e-05,-0.8980844020843506,0.02,-45.963,1.0,1.0,,1,50,1.3,279.9,10,17
250,-7.878419273765758e-05,-0.5912816524505615,0.05,-146.012,1.0,1.0,,1,53,2.2,317.2,10,18
251,-0.0002586953341960907,-1.0486797094345093,0.06,-181.766,1.0,1.0,,1,47,1.6,298.1,10,18
252,-0.00012784377031493932,-0.82343590259552,0.01,-22.903,1.0,1.0,,1,46,1.5,290.4,10,18
253,-1.3766612937615719e-05,-0.7582783699035645,0.02,-72.993,1.0,1.0,,1,47,2.0,304.8,10,18
254,1.2298822184675373e-05,-0.9859187006950378,-0.05,153.092,1.0,1.0,,1,44,2.1,314.5,10,18
255,-5.7644545449875295e-05,-1.059266209602356,-0.01,32.821,1.0,1.0,,1,42,1.6,301.6,11,18
256,-0.0001900400675367564,-0.7895252108573914,-0.01,33.793,1.0,1.0,,1,45,2.1,322.6,10,18
257,7.759763320791535e-06,-0.9771448373794556,0.01,-17.928,1.0,1.0,,1,47,1.9,314.8,11,18
258,5.3611329349223524e-05,-0.9021768569946289,0.05,-143.642,1.0,1.0,,1,45,2.1,324.9,11,18
259,7.958971764310263e-06,-0.9628602266311646,0.0,-10.597,1.0,1.0,,1,48,1.7,288.4,10,18
260,-4.290333890821785e-05,-0.8788473010063171,0.02,-63.017,1.0,1.0,,1,44,1.7,303.8,10,17
261,7.942382944747806e-05,-0.8395557999610901,0.02,-73.399,1.0,1.0,,1,34,1.6,291.9,10,18
262,-1.1504884241730906e-05,-0.7769168019294739,-0.0,16.877,1.0,1.0,,1,30,1.5,291.4,10,18
263,0.0001071865190169774,-0.8310431838035583,-0.01,44.713,1.0,1.0,,1,28,1.7,288.5,10,18
264,-6.053223478375003e-05,-0.8140261173248291,0.01,-32.878,1.0,1.0,,1,28,1.4,280.4,10,17
265,-2.1977537471684627e-05,-0.722999095916748,-0.05,138.324,1.0,1.0,,1,27,1.3,276.5,10,18
266,-7.852736598579213e-05,-0.6577398777008057,0.05,-144.12,1.0,1.0,,1,29,1.2,278.9,10,18
267,-0.00014260841999202967,-0.6155638098716736,-0.02,52.316,1.0,1.0,,1,27,1.7,305.0,10,18
268,-0.00015569044626317918,-0.890223503112793,0.02,-67.462,1.0,1.0,,7,27,1.6,310.6,10,18
269,-1.7261721950490028e-05,-0.8718084692955017,-0.0,3.157,1.0,1.0,,7,25,1.2,267.9,10,18
270,3.7333004001993686e-05,-0.6039884090423584,-0.05,158.07,1.0,1.0,,7,24,1.5,286.0,10,17
271,-0.00016360451991204172,-0.745787501335144,0.01,-22.867,1.0,1.0,,7,22,1.7,308.3,10,18
272,4.9242182285524905e-05,-0.8857251405715942,0.02,-43.159,1.0,1.0,,2,22,1.9,301.8,10,19
273,5.527929897652939e-05,-0.9150943756103516,0.03,-68.473,1.0,1.0,,7,23,1.6,292.4,10,18
274,4.066210749442689e-05,-0.7904011011123657,0.01,-25.352,1.0,1.0,,7,29,1.7,294.7,10,19
275,1.8514641851652414e-05,-0.8683322668075562,-0.01,41.877,1.0,1.0,,7,28,1.9,294.1,10,18
276,7.004877261351794e-06,-0.9622084498405457,0.03,-85.575,1.0,1.0,,7,30,1.5,281.9,10,19
277,-1.469726521463599e-05,-0.7408706545829773,0.0,-5.605,1.0,1.0,,7,37,0.9,255.7,10,17
278,-1.968848482647445e-05,-0.5145062804222107,0.03,-89.65,1.0,1.0,,7,32,1.9,312.5,10,19
279,-1.3778326319879852e-05,-0.9004207253456116,-0.03,84.98,1.0,1.0,,7,32,1.3,272.1,10,18
280,5.553710798267275e-05,-0.7333406805992126,-0.04,108.299,1.0,1.0,,7,38,1.8,290.8,10,19
281,4.330468800617382e-05,-0.8734334707260132,0.04,-113.85,1.0,1.0,,7,40,1.0,264.7,10,18
282,1.8412096324027516e-05,-0.5751777291297913,-0.05,132.205,1.0,1.0,,7,39,1.6,286.4,10,18
283,-9.127832890953869e-05,-0.7991849184036255,-0.01,23.182,1.0,1.0,,7,34,1.5,291.7,10,18
284,2.1065425244159997e-05,-0.8399331569671631,-0.03,76.791,1.0,1.0,,7,34,2.0,321.9,10,19
285,2.1591768017970026e-06,-0.9697964787483215,0.02,-55.996,1.0,1.0,,7,31,1.4,283.9,10,18
286,5.2890623919665813e-05,-0.774855375289917,-0.04,108.946,1.0,1.0,,1,34,1.9,308.5,10,19
287,-8.056348451646045e-05,-0.9744437336921692,-0.04,108.194,1.0,1.0,,7,34,1.9,320.0,10,20
288,-0.00011167578486492857,-0.92912757396698,-0.1,299.531,1.0,1.0,,7,36,1.7,297.2,10,20
289,-0.00014288963575381786,-0.8470455408096313,-0.05,129.779,1.0,1.0,,7,29,1.5,297.0,10,20
290,1.6884750948520377e-06,-0.7588033080101013,0.0,-11.598,1.0,1.0,,1,28,1.9,301.2,10,19
291,0.00010546777048148215,-1.008134365081787,-0.03,82.935,1.0,1.0,,1,33,1.2,287.8,10,18
292,-0.0002940430131275207,-0.6759762763977051,-0.04,117.746,1.0,1.0,,1,33,1.4,281.1,10,19
293,3.0108387363725342e-05,-0.7369012832641602,0.03,-72.592,1.0,1.0,,1,37,2.3,328.2,10,20
294,4.062505468027666e-06,-0.9919816255569458,0.01,-25.487,1.0,1.0,,1,35,1.5,296.8,10,19
295,0.000137359369546175,-0.8193324208259583,0.0,-7.412,1.0,1.0,,1,43,1.7,321.5,10,19
296,9.389645128976554e-06,-0.8599082827568054,-0.02,63.922,1.0,1.0,,1,53,1.5,293.1,10,20
297,1.5345689462265e-05,-0.8048068284988403,0.02,-62.852,1.0,1.0,,1,54,1.5,290.7,10,19
298,-0.00018388379248790443,-0.7732791304588318,-0.01,22.362,1.0,1.0,,1,49,1.5,281.0,10,19
299,4.7260742576327175e-05,-0.7252033948898315,-0.04,118.525,1.0,1.0,,1,57,1.2,275.2,10,19
300,-2.0000981749035418e-05,-0.6374936103820801,0.09,-250.506,1.0,1.0,,1,60,1.5,283.7,10,19
301,-1.6207044609473087e-05,-0.7718170285224915,-0.03,93.471,1.0,1.0,,1,56,1.6,294.1,10,20
302,7.982714305398986e-05,-0.7962198853492737,-0.04,121.721,1.0,1.0,,1,56,1.6,301.3,10,21
303,6.980468606343493e-05,-0.8266314268112183,0.0,-5.935,1.0,1.0,,1,60,1.3,268.8,10,19
304,-9.877931734081358e-05,-0.6220921874046326,0.03,-93.199,1.0,1.0,,1,60,1.6,310.6,10,19
305,4.842675480176695e-05,-0.8150554895401001,-0.0,2.176,1.0,1.0,,1,64,1.7,305.4,10,20
306,6.891797238495201e-05,-0.8137202262878418,0.01,-44.527,1.0,1.0,,1,61,1.3,269.5,10,19
307,-2.798831701511517e-06,-0.7315759062767029,0.03,-70.844,1.0,1.0,,1,57,1.3,283.0,10,20
308,-0.00030874513322487473,-0.7086785435676575,0.02,-47.069,1.0,1.0,,1,54,1.0,261.4,10,19
309,2.1886711692786776e-05,-0.6156396865844727,0.01,-21.306,1.0,1.0,,1,53,1.2,274.3,10,19
310,6.77724601700902e-05,-0.6378475427627563,0.01,-13.612,1.0,1.0,,1,56,1.8,321.0,10,20
311,3.8904297980479896e-05,-0.974779486656189,0.02,-55.276,1.0,1.0,,1,61,1.0,263.4,10,19
312,-2.6790039555635303e-05,-0.542544424533844,-0.01,20.681,1.0,1.0,,1,59,1.3,284.5,10,20
313,3.311620821477845e-05,-0.7032734155654907,0.0,5.007,1.0,1.0,,1,62,1.3,285.2,10,19
314,3.195507451891899e-05,-0.7116162776947021,-0.01,34.185,1.0,1.0,,1,69,1.5,270.2,10,19
315,8.378808706765994e-05,-0.7883012294769287,-0.01,50.601,1.0,1.0,,1,68,1.2,278.5,10,20
316,1.4470691894530319e-05,-0.6735869646072388,0.07,-201.715,1.0,1.0,,1,74,2.0,304.4,10,21
317,1.4854471373837441e-05,-0.9923301935195923,-0.0,15.787,1.0,1.0,,1,70,1.2,274.1,10,19
318,6.127148662926629e-05,-0.6332916617393494,-0.04,133.834,1.0,1.0,,1,68,1.7,302.2,10,21
319,-0.00012866115139331669,-0.8495234847068787,0.01,-22.682,1.0,1.0,,1,75,1.5,287.3,10,21
320,2.5088862457778305e-05,-0.7683857679367065,0.01,-35.483,1.0,1.0,,1,73,1.8,312.9,10,22
321,-0.00013539356586989015,-0.8731279373168945,-0.08,225.441,1.0,1.0,,1,67,1.6,275.2,10,19
322,-5.508009417098947e-05,-0.847700834274292,-0.06,176.823,1.0,1.0,,1,62,1.6,297.4,10,21
323,-1.3697281247004867e-05,-0.8202253580093384,0.01,-19.768,1.0,1.0,,1,64,1.2,267.0,10,21
324,7.078026828821748e-05,-0.6806498765945435,-0.0,13.085,1.0,1.0,,1,69,1.8,302.5,10,22
325,-2.6793955839821137e-05,-0.9191147089004517,0.07,-202.526,1.0,1.0,,1,63,1.6,287.9,10,21
326,-3.616406684159301e-05,-0.7685070037841797,0.06,-154.967,1.0,1.0,,1,59,1.5,296.7,10,21
327,-4.5996108383405954e-05,-0.7732758522033691,-0.01,30.915,1.0,1.0,,1,59,1.7,298.2,10,21
328,1.908593731059227e-05,-0.858874499797821,0.01,-23.45,1.0,1.0,,1,57,1.7,287.3,10,21
329,-3.7879886804148555e-05,-0.8640666604042053,-0.0,-0.309,1.0,1.0,,1,48,1.5,287.8,10,20
330,-3.0499017157126218e-05,-0.78041672706604,-0.02,61.343,1.0,1.0,,1,51,1.6,281.1,10,21
331,0.0001274540991289541,-0.810133695602417,0.02,-44.112,1.0,1.0,,1,53,1.3,268.5,10,20
332,6.152244168333709e-05,-0.7360804080963135,0.02,-51.621,1.0,1.0,,1,57,1.5,281.2,10,21
333,2.2178704966790974e-05,-0.760822057723999,-0.01,55.724,1.0,1.0,,1,58,1.1,244.2,10,20
334,-0.0001552226603962481,-0.6480593681335449,-0.0,13.364,1.0,1.0,,1,52,1.3,272.2,10,21
335,2.0894525732728653e-05,-0.6945440769195557,0.01,-38.339,1.0,1.0,,1,48,1.7,294.8,10,22
336,2.2700194676872343e-05,-0.8375431895256042,-0.04,136.382,1.0,1.0,,1,47,1.3,290.7,10,21
337,-0.00024697560002096,-0.7242525815963745,-0.02,64.076,1.0,1.0,,1,56,1.1,276.5,10,23
338,3.4052645787596703e-06,-0.6284903287887573,-0.02,65.882,1.0,1.0,,1,56,1.1,257.1,10,20
339,5.816405973746441e-05,-0.6063333749771118,0.1,-277.55,1.0,1.0,,1,56,1.4,269.1,10,21
340,6.377733370754868e-05,-0.7337489724159241,0.01,-33.498,1.0,1.0,,1,55,0.9,257.4,10,20
341,-0.0003681425587274134,-0.5535306930541992,0.05,-136.778,1.0,1.0,,1,51,1.2,262.6,10,21
342,-1.9685556253534742e-05,-0.6875856518745422,0.07,-220.317,1.0,1.0,,1,46,1.5,286.5,10,21
343,-8.071679621934891e-05,-0.7889443039894104,0.01,-19.524,1.0,1.0,,1,39,1.4,294.2,10,22
344,-6.0296879382804036e-05,-0.7633403539657593,0.01,-26.893,1.0,1.0,,8,40,1.6,314.3,10,22
345,-0.00021881447173655033,-0.785736620426178,0.02,-61.874,1.0,1.0,,1,36,1.5,293.0,10,21
346,-2.730483402046957e-06,-0.8271777629852295,0.07,-203.067,1.0,1.0,,8,37,1.0,262.2,10,21
347,-5.3502939408645034e-05,-0.5743207931518555,0.02,-60.829,1.0,1.0,,8,40,1.4,267.7,10,21
348,-5.12636688654311e-05,-0.7415587902069092,0.05,-162.152,1.0,1.0,,8,36,1.1,260.4,10,21
349,-1.88281228474807e-05,-0.6354520320892334,0.06,-157.269,1.0,1.0,,8,36,0.9,267.2,10,21
350,-5.0047863624058664e-05,-0.5600814819335938,0.04,-113.195,1.0,1.0,,8,31,1.2,260.0,10,22
351,-0.00016941993089858443,-0.6747285723686218,0.04,-117.718,1.0,1.0,,1,29,1.5,295.2,10,22
352,4.944823740515858e-05,-0.7578018307685852,0.0,-1.581,1.0,1.0,,1,27,1.2,274.8,10,22
353,-1.5971687389537692e-05,-0.6800692081451416,0.0,-8.126,1.0,1.0,,1,33,1.1,272.5,10,23
354,4.253125371178612e-05,-0.6722660064697266,-0.01,33.113,1.0,1.0,,1,37,1.7,291.8,10,23
355,-9.301953832618892e-05,-0.8896803855895996,-0.02,67.639,1.0,1.0,,1,35,1.1,262.5,10,21
356,-3.1748058972880244e-05,-0.6570622324943542,-0.02,74.21,1.0,1.0,,1,35,1.4,279.8,10,23
357,3.120996552752331e-05,-0.7903449535369873,0.09,-273.142,1.0,1.0,,1,34,1.3,272.2,10,23
358,-1.0201169061474502e-05,-0.6770117878913879,0.1,-300.196,1.0,1.0,,8,36,1.0,261.0,10,22
359,-7.859961624490097e-05,-0.6325478553771973,-0.0,8.093,1.0,1.0,,1,32,1.2,268.6,10,22
360,5.793945092591457e-05,-0.6578730940818787,-0.03,100.832,1.0,1.0,,1,39,1.2,282.4,10,24
361,4.403318962431513e-05,-0.6930041313171387,0.01,-18.837,1.0,1.0,,1,38,0.9,258.1,10,23
362,0.00011191796511411667,-0.5783527493476868,-0.02,74.395,1.0,1.0,,1,36,1.3,274.0,10,25
363,-4.5636723370989785e-05,-0.7078457474708557,0.01,-31.435,1.0,1.0,,1,33,1.5,275.4,10,24
364,7.620507676620036e-05,-0.8178459405899048,0.0,-12.838,1.0,1.0,,1,37,1.2,265.1,10,24
365,-7.186230504885316e-05,-0.6219049692153931,0.08,-254.282,1.0,1.0,,1,42,1.0,252.6,10,23
366,-2.3721691832179204e-05,-0.6373378038406372,0.04,-116.858,1.0,1.0,,1,43,0.8,233.7,10,22
367,-0.00012755568604916334,-0.5372674465179443,0.06,-181.245,1.0,1.0,,1,37,1.4,263.5,10,23
368,-9.931346721714363e-05,-0.7325235605239868,0.12,-346.295,1.0,1.0,,1,31,1.6,283.8,10,25
369,-7.548438588855788e-05,-0.7985239624977112,0.02,-47.652,1.0,1.0,,1,31,1.2,266.5,10,24
370,4.3837790144607425e-06,-0.6540378928184509,0.05,-150.398,1.0,1.0,,1,27,1.4,275.0,10,24
371,-6.791698979213834e-05,-0.7492436170578003,0.05,-131.584,1.0,1.0,,1,33,1.4,277.8,10,24
372,-7.678516703890637e-05,-0.7692739367485046,0.05,-154.405,1.0,1.0,,1,37,1.6,289.1,10,26
373,-0.00016706153110135347,-0.7605805397033691,0.0,-6.344,1.0,1.0,,1,40,1.3,278.0,10,26
374,4.859277032664977e-05,-0.7055864930152893,-0.05,145.296,1.0,1.0,,1,41,1.1,275.4,10,25
375,2.114548988174647e-05,-0.6190745830535889,0.07,-207.622,1.0,1.0,,1,45,1.3,276.0,10,26
376,-7.734083919785917e-05,-0.6697136163711548,-0.0,8.053,1.0,1.0,,1,48,1.2,274.3,10,26
377,1.4853540051262826e-06,-0.6579601764678955,0.08,-218.668,1.0,1.0,,1,47,0.9,247.9,10,25
378,1.0161116733797826e-05,-0.5655415058135986,-0.01,17.184,1.0,1.0,,1,42,1.2,258.1,10,26
379,4.7995119530241936e-05,-0.6964028477668762,0.03,-84.257,1.0,1.0,,1,38,0.8,247.7,10,25
380,-2.943262006738223e-05,-0.5211973786354065,0.07,-200.271,1.0,1.0,,1,43,1.6,274.3,10,25
381,-0.00020203320309519768,-0.850702702999115,0.0,-9.557,1.0,1.0,,1,45,0.8,250.7,10,26
382,1.3041997590335086e-05,-0.5229313373565674,0.07,-201.947,1.0,1.0,,1,51,1.4,270.1,10,26
383,-1.811720539990347e-05,-0.6640368103981018,0.04,-115.361,1.0,1.0,,1,50,0.9,247.9,10,25
384,-0.000186923862202093,-0.5462393760681152,-0.01,20.175,1.0,1.0,,1,46,0.9,242.8,10,25
385,5.928905738983303e-05,-0.6081867814064026,0.02,-43.791,1.0,1.0,,1,45,1.2,264.3,10,27
386,-0.00014730371185578406,-0.6431726217269897,-0.0,-6.941,1.0,1.0,,1,44,1.2,260.2,10,27
387,-0.00014905860007274896,-0.6892496943473816,0.09,-241.911,1.0,1.0,,1,40,1.1,254.8,10,27
388,-5.285352381179109e-05,-0.5831359624862671,0.04,-111.887,1.0,1.0,,1,37,0.9,250.0,10,26
389,4.537206405075267e-05,-0.552321195602417,0.01,-25.812,1.0,1.0,,8,33,0.7,246.9,10,25
390,-2.269533069920726e-06,-0.48202916979789734,0.1,-281.648,1.0,1.0,,1,34,0.8,220.5,10,23
391,-0.0001524687686469406,-0.47708868980407715,0.0,-11.71,1.0,1.0,,1,31,1.0,253.6,10,26
392,2.8040038159815595e-05,-0.5728784203529358,0.04,-110.827,1.0,1.0,,1,29,1.0,240.6,10,26
393,-8.646486094221473e-05,-0.5591410994529724,0.02,-66.321,1.0,1.0,,1,29,1.0,249.6,10,26
394,1.6669800970703363e-06,-0.6061073541641235,0.06,-162.778,1.0,1.0,,1,27,0.9,243.3,10,25
395,-3.491505776764825e-05,-0.5458656549453735,-0.01,25.931,1.0,1.0,,8,23,1.0,269.6,10,27
396,8.938182872952893e-05,-0.6115829944610596,0.03,-99.855,1.0,1.0,,1,24,1.0,251.2,10,26
397,8.800487557891756e-05,-0.5379202365875244,-0.04,126.585,1.0,1.0,,1,30,1.0,246.8,10,25
398,-2.711329943849705e-05,-0.6169222593307495,0.0,-5.745,1.0,1.0,,1,31,1.1,261.3,10,27
399,-2.6162238100368995e-06,-0.6430083513259888,0.03,-79.304,1.0,1.0,,1,39,0.8,237.0,10,26
400,7.60292969061993e-05,-0.536247968673706,-0.0,15.888,1.0,1.0,,1,39,1.0,247.5,10,27
401,9.418065019417554e-05,-0.5931658148765564,0.01,-15.622,1.0,1.0,,1,35,0.9,232.9,10,25
402,-3.58047109330073e-05,-0.5647755265235901,0.03,-100.964,1.0,1.0,,1,32,0.9,236.8,10,25
403,-3.1601579394191504e-05,-0.588762640953064,0.01,-11.576,1.0,1.0,,1,29,1.1,255.5,10,27
404,2.5292965801781975e-05,-0.6445890665054321,0.01,-25.691,1.0,1.0,,1,26,0.6,226.7,10,25
405,-2.311523894604761e-05,-0.44923943281173706,0.02,-69.878,1.0,1.0,,8,28,1.0,250.1,10,28
406,-9.244336979463696e-05,-0.6000382900238037,0.04,-124.675,1.0,1.0,,8,30,1.0,250.3,10,27
407,-4.824805000680499e-05,-0.5579054355621338,0.04,-123.169,1.0,1.0,,8,30,1.3,266.8,10,29
408,-0.00018944924522656947,-0.727445125579834,-0.01,41.502,1.0,1.0,,8,28,0.7,231.8,10,25
409,5.529882400878705e-05,-0.4681842625141144,0.03,-88.467,1.0,1.0,,1,26,0.9,247.3,10,27
410,1.5842773791518994e-05,-0.5572367906570435,0.09,-253.439,1.0,1.0,,8,27,0.7,214.7,10,25
411,-6.949315866222605e-05,-0.48954305052757263,-0.01,19.578,1.0,1.0,,1,27,1.1,258.2,10,26
412,3.753906275960617e-05,-0.6286065578460693,-0.04,130.014,1.0,1.0,,1,29,0.9,239.4,10,27
413,-0.00015172851271927357,-0.571632981300354,-0.01,32.995,1.0,1.0,,3,30,1.0,262.4,10,28
414,0.00010314941755495965,-0.5541735887527466,0.01,-19.803,1.0,1.0,,1,32,0.8,243.6,10,27
415,-8.391602932533715e-06,-0.549432635307312,0.04,-123.42,1.0,1.0,,1,34,1.0,244.7,10,26
416,-1.1310556146781892e-05,-0.5684836506843567,-0.03,89.735,1.0,1.0,,1,36,0.8,246.9,10,27
417,9.476659761276096e-05,-0.5151528120040894,0.04,-119.165,1.0,1.0,,1,32,1.4,283.9,10,30
418,-4.490918217925355e-05,-0.699201226234436,0.08,-250.224,1.0,1.0,,1,31,0.7,229.0,10,27
419,-0.00016303028678521514,-0.5738107562065125,-0.01,39.4,1.0,1.0,,1,31,0.7,233.2,10,27
420,7.809570888639428e-06,-0.46921011805534363,-0.01,17.585,1.0,1.0,,1,34,1.0,251.2,10,27
421,2.6734371203929186e-05,-0.6195937991142273,0.03,-73.213,1.0,1.0,,1,36,0.8,234.2,10,26
422,-9.952246182365343e-05,-0.5281575918197632,-0.01,33.051,1.0,1.0,,1,32,0.8,240.3,10,26
423,2.0983392460038885e-05,-0.5148336291313171,0.05,-138.071,1.0,1.0,,1,29,1.3,274.6,10,30
424,-1.086914744519163e-05,-0.736336350440979,0.02,-50.437,1.0,1.0,,1,28,1.1,240.8,10,26
425,8.093750693660695e-06,-0.6093164682388306,0.0,-12.173,1.0,1.0,,1,28,0.7,246.1,10,28
426,-7.355566049227491e-05,-0.4788786470890045,0.07,-217.347,1.0,1.0,,1,30,0.7,239.5,10,26
427,-0.0001477558835176751,-0.5346146821975708,0.03,-81.555,1.0,1.0,,1,28,0.7,235.3,10,26
428,6.261523958528414e-05,-0.4970114827156067,0.03,-93.047,1.0,1.0,,1,26,1.0,257.6,10,28
429,-3.0029332265257835e-06,-0.6526364684104919,-0.01,33.632,1.0,1.0,,1,26,0.8,241.9,10,27
430,2.525781383155845e-05,-0.5148957967758179,-0.04,115.89,1.0,1.0,,1,27,1.0,256.2,10,31
431,6.83642429066822e-05,-0.6531021595001221,0.03,-79.916,1.0,1.0,,1,31,0.7,235.1,10,27
432,5.2226543630240485e-05,-0.5212242007255554,0.01,-30.438,1.0,1.0,,1,38,0.9,243.8,10,28
433,-3.843261947622523e-05,-0.586227536201477,0.07,-218.0,1.0,1.0,,1,36,0.7,250.4,10,28
434,-0.00021601564367301762,-0.5354771614074707,0.01,-20.37,1.0,1.0,,1,35,1.1,242.9,10,29
435,5.809566573589109e-06,-0.6926814317703247,0.04,-102.401,1.0,1.0,,1,34,1.0,233.7,10,29
436,4.113572504138574e-05,-0.5889030694961548,-0.03,89.061,1.0,1.0,,1,32,0.5,210.7,10,27
437,7.3759802035056055e-06,-0.3650280237197876,-0.01,34.003,1.0,1.0,,1,33,0.9,232.3,10,28
438,-5.80488340347074e-05,-0.6125174760818481,0.03,-90.076,1.0,1.0,,1,37,0.9,250.2,10,31
439,1.6644522474962287e-05,-0.620834231376648,-0.01,35.191,1.0,1.0,,1,34,0.9,240.9,10,31
440,6.321191904135048e-05,-0.5622463226318359,0.01,-38.212,1.0,1.0,,7,31,1.1,257.7,10,32
441,3.980077963205986e-05,-0.6150239109992981,0.03,-82.649,1.0,1.0,,1,31,0.9,249.3,10,31
442,-5.11279322381597e-05,-0.5415295362472534,-0.09,265.744,1.0,1.0,,1,31,0.6,215.8,10,27
443,-0.00017725490033626556,-0.5021160840988159,0.03,-76.261,1.0,1.0,,1,33,1.1,255.4,10,32
444,2.6754874852485955e-05,-0.6620441675186157,0.01,-30.037,1.0,1.0,,1,33,1.2,251.5,10,31
445,-4.746289778267965e-05,-0.6906229257583618,-0.01,20.974,1.0,1.0,,1,33,0.9,239.9,10,30
446,1.0564453987171873e-05,-0.5402442216873169,0.09,-251.946,1.0,1.0,,1,32,0.8,230.3,10,28
447,-8.0663085100241e-05,-0.5239365696907043,-0.01,26.897,1.0,1.0,,1,31,0.4,219.3,10,27
448,2.397558455413673e-05,-0.36747342348098755,0.01,-41.926,1.0,1.0,,1,30,0.6,228.7,10,28
449,2.3540036636404693e-05,-0.4826919734477997,-0.03,80.611,1.0,1.0,,1,32,0.8,233.9,10,30
450,-4.763868491863832e-05,-0.5756273865699768,-0.06,184.019,1.0,1.0,,1,35,0.6,242.2,10,31
451,-4.945322871208191e-06,-0.42898231744766235,0.03,-94.63,1.0,1.0,,1,32,1.2,257.7,10,31
452,1.1562478903215379e-06,-0.6876307129859924,0.03,-73.778,1.0,1.0,,1,31,1.0,238.4,10,32
453,1.1267573427176103e-05,-0.6320723295211792,0.08,-243.34,1.0,1.0,,1,34,0.5,211.5,10,29
454,-0.00016873146523721516,-0.37710195779800415,-0.02,75.268,1.0,1.0,,1,32,0.8,233.2,10,31
455,-5.017481089453213e-05,-0.5275317430496216,-0.0,5.366,1.0,1.0,,1,29,0.9,253.3,10,34
456,2.2702144633512944e-05,-0.5923888087272644,0.05,-150.515,1.0,1.0,,1,29,0.7,206.1,10,30
457,-9.218849299941212e-05,-0.4848335385322571,-0.04,115.136,1.0,1.0,,1,30,0.9,234.5,10,33
458,-9.393561413162388e-06,-0.5308949947357178,-0.02,61.127,1.0,1.0,,1,29,0.9,236.3,10,32
459,-6.011718141962774e-06,-0.6014997363090515,-0.01,35.156,1.0,1.0,,1,28,1.0,248.2,10,35
460,-5.931542909820564e-05,-0.5833134651184082,-0.0,9.664,1.0,1.0,,1,27,0.4,210.4,10,31
461,1.3676752132596448e-05,-0.35075628757476807,0.01,-39.996,1.0,1.0,,1,30,0.9,241.7,10,35
462,2.0388673874549568e-05,-0.5232785940170288,-0.07,202.818,1.0,1.0,,1,35,1.0,245.7,10,36
463,-5.64023430342786e-05,-0.5814208984375,0.03,-83.334,1.0,1.0,,1,39,0.6,231.3,10,33
464,-6.975594715186162e-06,-0.4239133596420288,0.0,-0.694,1.0,1.0,,1,37,0.6,224.9,10,33
465,-6.873341044411063e-05,-0.4071916937828064,-0.0,16.516,1.0,1.0,,1,33,0.5,217.5,10,32
466,-6.061622116249055e-05,-0.40160250663757324,-0.03,84.31,1.0,1.0,,1,28,0.8,230.9,10,34
467,8.184180478565395e-05,-0.4965599775314331,0.01,-18.003,1.0,1.0,,7,29,0.2,179.1,10,28
468,7.210253534140065e-05,-0.268575519323349,-0.04,132.113,1.0,1.0,,7,30,0.7,219.9,10,33
469,-4.641700070351362e-05,-0.47547000646591187,-0.0,12.669,1.0,1.0,,7,27,0.8,245.5,10,37
470,-1.805371903174091e-05,-0.5337380170822144,-0.01,24.736,1.0,1.0,,7,27,1.0,237.9,10,36
471,-0.00011372461449354887,-0.542269229888916,0.01,-22.375,1.0,1.0,,7,29,0.4,199.2,10,32
472,-5.3395502618514e-05,-0.33383163809776306,-0.07,202.595,1.0,1.0,,7,30,0.6,218.0,10,32
473,-4.125292616663501e-05,-0.49656641483306885,0.02,-64.719,1.0,1.0,,7,26,0.5,210.4,10,32
474,5.011715984437615e-06,-0.39613547921180725,0.0,-1.411,1.0,1.0,,7,26,0.5,212.6,10,34
475,3.93876907764934e-05,-0.37959155440330505,-0.06,159.91,1.0,1.0,,1,27,0.7,224.3,10,36
476,-1.580082425789442e-06,-0.45335671305656433,0.01,-39.712,1.0,1.0,,1,26,0.9,231.9,10,36
477,6.183789082570001e-05,-0.6047501564025879,0.02,-69.156,1.0,1.0,,1,26,0.3,189.3,10,30
478,9.1367137429188e-06,-0.31879037618637085,0.02,-45.557,1.0,1.0,,7,30,0.6,209.5,10,33
479,1.0712801667978056e-06,-0.4440235495567322,-0.05,142.505,1.0,1.0,,7,34,0.6,203.6,10,31
480,-0.00015071386587806046,-0.4618341326713562,-0.03,91.398,1.0,1.0,,7,29,0.9,215.6,10,34
481,-0.00017845410911832005,-0.555340051651001,0.01,-27.142,1.0,1.0,,7,26,0.8,226.0,10,36
482,2.2263660866883583e-05,-0.5105851888656616,-0.05,146.202,1.0,1.0,,1,22,0.6,234.4,10,37
483,-0.00018937404092866927,-0.42163336277008057,0.04,-110.594,1.0,1.0,,1,23,0.3,216.7,10,35
484,-0.0001555458875373006,-0.3302994966506958,-0.03,87.102,1.0,1.0,,1,23,0.9,210.9,10,35
485,-4.1169929318130016e-05,-0.5536340475082397,0.05,-153.121,1.0,1.0,,1,26,0.5,203.0,10,33
486,-1.9053717551287264e-05,-0.44906866550445557,0.01,-37.118,1.0,1.0,,1,29,0.5,213.6,10,37
487,-2.200586095568724e-05,-0.39551806449890137,0.11,-312.79,1.0,1.0,,1,30,0.4,194.9,10,34
488,-0.0001442724751541391,-0.34977856278419495,0.02,-66.76,1.0,1.0,,1,27,0.4,215.4,10,35
489,-9.390820196131244e-05,-0.35306814312934875,0.07,-208.763,1.0,1.0,,1,29,0.8,231.9,10,39
490,-7.024511432973668e-05,-0.48901796340942383,0.08,-229.916,1.0,1.0,,1,29,0.3,181.0,10,32
491,-8.750586857786402e-05,-0.3538915514945984,0.02,-57.507,1.0,1.0,,1,28,0.5,212.8,10,36
492,-1.537791649752762e-05,-0.43130359053611755,0.07,-208.402,1.0,1.0,,1,29,0.5,201.1,10,34
493,-0.00012193652946734801,-0.3836575746536255,0.04,-111.018,1.0,1.0,,1,29,0.8,222.9,10,36
494,-7.002735219430178e-05,-0.5533791780471802,0.07,-192.798,1.0,1.0,,1,24,0.5,203.0,10,34
495,-0.00011064747377531603,-0.4466238021850586,-0.04,108.219,1.0,1.0,,1,26,0.6,211.4,10,38
496,3.4805663744919e-05,-0.5090253353118896,0.04,-116.445,1.0,1.0,,1,26,0.7,219.0,10,39
497,-1.692188743618317e-05,-0.47188207507133484,-0.02,65.239,1.0,1.0,,1,26,0.5,188.1,10,34
498,9.434569074073806e-05,-0.37315666675567627,-0.05,146.03,1.0,1.0,,1,25,0.4,202.4,10,37
499,3.703026595758274e-05,-0.40465617179870605,0.02,-58.502,1.0,1.0,,7,23,0.5,195.3,10,36
500,1.855460141086951e-06,-0.3807446360588074,0.07,-202.184,1.0,1.0,,7,23,0.5,195.4,10,35
501,-8.201172022381797e-05,-0.4241257905960083,0.02,-41.6,1.0,1.0,,1,22,0.5,195.3,10,36
502,-4.646493835025467e-06,-0.41895541548728943,0.03,-88.511,1.0,1.0,,1,22,0.7,207.0,10,37
503,-9.506834612693638e-05,-0.47255265712738037,0.04,-102.345,1.0,1.0,,1,21,0.8,212.5,10,38
504,-5.418359796749428e-05,-0.5175373554229736,0.1,-285.104,1.0,1.0,,4,20,0.6,193.9,10,35
505,-7.649024337297305e-05,-0.4611455798149109,0.03,-79.064,1.0,1.0,,4,19,0.8,231.3,10,41
506,-9.915039117913693e-05,-0.5557047724723816,-0.01,28.168,1.0,1.0,,4,21,0.4,177.7,10,34
507,-3.659863432403654e-05,-0.3605618476867676,0.05,-148.417,1.0,1.0,,4,22,0.5,192.4,10,36
508,-0.00019826272909995168,-0.40817058086395264,0.04,-110.925,1.0,1.0,,7,22,0.4,216.5,10,39
509,2.7047843104810454e-05,-0.3816699981689453,0.06,-175.125,1.0,1.0,,4,22,0.6,184.8,10,38
510,-0.00011272267875028774,-0.4516274034976959,0.04,-127.708,1.0,1.0,,7,22,0.5,196.1,10,37
511,-4.38672213931568e-06,-0.383891224861145,0.02,-62.654,1.0,1.0,,7,21,0.3,184.5,10,36
512,-8.428908768109977e-05,-0.3028351068496704,-0.03,106.285,1.0,1.0,,7,23,0.5,178.2,10,35
513,-0.00013983107055537403,-0.4135398268699646,0.04,-131.963,1.0,1.0,,7,22,0.4,201.2,10,38
514,-4.691309004556388e-05,-0.3656948506832123,0.06,-160.235,1.0,1.0,,7,24,0.5,204.0,10,39
515,-9.231935109710321e-05,-0.3997696340084076,-0.01,12.079,1.0,1.0,,7,26,0.3,186.5,10,37
516,0.00011970994819421321,-0.36467617750167847,0.06,-164.718,1.0,1.0,,7,28,1.0,224.6,10,42
517,1.4903306691849139e-05,-0.5443352460861206,0.06,-170.249,1.0,1.0,,7,26,0.6,203.5,10,40
518,-0.0001856777525972575,-0.43485814332962036,-0.02,44.084,1.0,1.0,,7,27,0.7,224.6,10,43
519,-5.112891085445881e-05,-0.4609419107437134,0.01,-20.532,1.0,1.0,,7,31,0.8,211.2,10,44
520,-9.168848919216543e-05,-0.49836352467536926,-0.01,18.923,1.0,1.0,,7,34,0.6,196.1,10,39
521,1.0476558600203134e-05,-0.4360632598400116,-0.06,181.4,1.0,1.0,,7,37,0.4,174.9,10,37
522,-0.00016483986109960824,-0.34592652320861816,0.02,-66.036,1.0,1.0,,7,33,0.4,183.8,10,37
523,-3.238379576941952e-05,-0.3538779616355896,0.03,-75.463,1.0,1.0,,7,28,0.2,179.0,10,36
524,-8.928125316742808e-05,-0.29614412784576416,0.01,-42.067,1.0,1.0,,7,27,0.7,205.4,10,43
525,-6.104297062847763e-05,-0.5100910663604736,0.02,-51.857,1.0,1.0,,7,26,0.4,195.9,10,41
526,-4.630469993571751e-05,-0.38444292545318604,0.04,-123.441,1.0,1.0,,7,27,0.4,216.3,10,44
527,-8.767581675783731e-06,-0.3830850124359131,-0.08,230.363,1.0,1.0,,7,25,0.6,200.2,10,40
528,-0.00011302441998850554,-0.4187523424625397,-0.02,56.932,1.0,1.0,,3,23,0.4,204.6,10,42
529,-6.299317465163767e-05,-0.33888158202171326,0.07,-206.953,1.0,1.0,,3,23,0.6,206.3,10,43
530,-4.793945663550403e-06,-0.4985734820365906,0.02,-46.43,1.0,1.0,,3,26,0.4,190.9,10,41
531,-2.1055662728031166e-05,-0.35255300998687744,-0.06,200.487,1.0,1.0,,3,27,0.4,175.8,10,38
532,-9.837795369094238e-05,-0.34492138028144836,0.02,-68.029,1.0,1.0,,3,28,0.6,199.1,10,42
533,-3.8085945561761037e-06,-0.43004363775253296,0.01,-16.255,1.0,1.0,,3,29,0.5,184.6,10,39
534,-0.00010566798300715163,-0.3959231376647949,0.03,-80.651,1.0,1.0,,3,30,0.4,182.4,10,39
535,4.072851515957154e-05,-0.32525813579559326,-0.02,64.232,1.0,1.0,,3,27,0.4,187.5,10,40
536,3.275975905125961e-05,-0.3753054141998291,0.02,-65.583,1.0,1.0,,3,25,0.5,191.9,10,40
537,-1.4752931747352704e-05,-0.37754136323928833,0.04,-117.811,1.0,1.0,,8,22,0.4,196.6,10,43
538,-5.268946188152768e-05,-0.36781933903694153,0.02,-71.286,1.0,1.0,,8,23,0.5,204.4,10,44
539,3.4453078114893287e-06,-0.3751053810119629,0.03,-88.658,1.0,1.0,,8,23,0.7,212.0,10,45
540,1.4085933798924088e-05,-0.5361378192901611,-0.01,23.762,1.0,1.0,,7,24,0.8,210.1,10,44
541,6.169913831399754e-06,-0.5333964824676514,0.01,-42.679,1.0,1.0,,7,25,0.8,208.0,10,45
542,-2.6874022296397015e-05,-0.5043428540229797,-0.02,60.781,1.0,1.0,,7,23,0.6,202.7,10,43
543,6.716991629218683e-05,-0.458156943321228,-0.01,31.222,1.0,1.0,,7,25,0.8,211.9,10,45
544,3.2484364055562764e-05,-0.4984472692012787,-0.01,34.112,1.0,1.0,,7,27,0.4,194.6,10,43
545,2.475488327036146e-05,-0.3574134409427643,-0.01,32.381,1.0,1.0,,7,33,0.3,190.9,10,43
546,-4.352930773166008e-05,-0.30542266368865967,-0.02,58.191,1.0,1.0,,7,39,0.3,172.9,10,40
547,3.930175807909109e-05,-0.28289344906806946,-0.05,158.805,1.0,1.0,,7,45,0.5,198.5,10,44
548,2.9966788133606315e-05,-0.36482691764831543,-0.01,43.018,1.0,1.0,,7,49,0.3,192.5,10,43
549,-2.5090828785323538e-05,-0.30934402346611023,0.01,-18.015,1.0,1.0,,7,47,0.5,209.5,10,44
550,-4.836328298551962e-05,-0.406005322933197,-0.0,4.185,1.0,1.0,,7,47,0.6,188.9,10,39
551,-3.816114258370362e-05,-0.4280729591846466,0.01,-14.256,1.0,1.0,,7,48,0.5,214.8,10,45
552,3.7099598557688296e-06,-0.40710121393203735,0.0,-13.923,1.0,1.0,,7,48,0.4,189.6,10,42
553,-1.53916025737999e-05,-0.313282310962677,-0.01,30.814,1.0,1.0,,7,46,0.3,181.9,10,39
554,-4.162696495768614e-05,-0.39758890867233276,-0.05,164.762,1.0,1.0,,7,44,0.4,179.5,10,40
555,-4.4435557356337085e-05,-0.34124624729156494,-0.09,257.263,1.0,1.0,,7,45,0.5,188.2,10,41
556,6.169726111693308e-05,-0.4103201925754547,0.02,-53.979,1.0,1.0,,7,43,0.5,208.1,10,43
557,-6.767580998712219e-06,-0.4316822588443756,-0.03,71.346,1.0,1.0,,7,41,0.2,169.8,10,38
558,4.1025414247997105e-06,-0.2445598691701889,0.03,-72.467,1.0,1.0,,7,36,0.4,192.0,10,42
559,-8.182226156350225e-05,-0.32987648248672485,-0.03,80.937,1.0,1.0,,7,32,0.5,184.5,10,42
560,-0.0002154296962544322,-0.3905247151851654,-0.06,187.894,1.0,1.0,,7,30,0.4,183.9,10,43
561,-8.477735536871478e-05,-0.3156306743621826,0.07,-185.612,1.0,1.0,,7,32,0.5,204.1,10,47
562,-3.3250027627218515e-05,-0.3643953800201416,-0.01,36.559,1.0,1.0,,7,33,0.3,169.3,10,41
563,-0.00010862599447136745,-0.32278889417648315,0.05,-144.295,1.0,1.0,,7,28,0.4,149.2,10,37
564,-8.274804713437334e-05,-0.3496900200843811,0.01,-31.888,1.0,1.0,,7,28,0.3,185.1,10,45
565,-4.2685547668952495e-05,-0.3000481128692627,-0.02,66.635,1.0,1.0,,7,28,0.1,158.9,10,39
566,-5.9011730627389625e-05,-0.265103280544281,0.04,-103.619,1.0,1.0,,7,26,0.3,162.0,10,40
567,-0.00011845021072076634,-0.29556769132614136,0.12,-345.568,1.0,1.0,,7,25,0.2,170.8,10,42
568,-0.00013670703629031777,-0.29872018098831177,0.03,-73.582,1.0,1.0,,7,27,0.4,172.2,10,42
569,-0.00010097363701788709,-0.362381249666214,-0.02,46.53,1.0,1.0,,7,32,0.5,178.8,10,45
570,-5.975684689474292e-05,-0.41280272603034973,-0.09,271.219,1.0,1.0,,7,37,0.5,172.1,10,42
571,-0.00019712891662493348,-0.4099286198616028,-0.05,150.656,1.0,1.0,,7,36,0.7,195.6,10,48
572,-0.0002370957372477278,-0.46261370182037354,-0.0,13.577,1.0,1.0,,7,35,0.3,177.5,10,45
573,-1.1208009709662292e-05,-0.2860925793647766,0.0,-2.662,1.0,1.0,,7,32,0.3,169.0,10,44
574,-7.887696119723842e-05,-0.29984983801841736,0.01,-35.669,1.0,1.0,,7,33,0.8,206.6,10,50
575,-7.809573617123533e-06,-0.5127148628234863,-0.05,148.183,1.0,1.0,,7,37,0.5,188.6,10,46
576,-3.555470175342634e-05,-0.39119845628738403,0.01,-15.965,1.0,1.0,,7,34,0.6,191.5,10,46
577,3.2504878618055955e-05,-0.4588620960712433,-0.06,183.368,1.0,1.0,,7,30,0.6,195.6,10,48
578,-8.033106132643297e-05,-0.4529404640197754,0.0,-9.37,1.0,1.0,,7,32,0.5,185.7,10,46
579,-0.0001044336095219478,-0.37992188334465027,-0.03,117.585,1.0,1.0,,7,29,0.4,162.5,10,40
580,-0.0002997881092596799,-0.3208059072494507,0.02,-47.465,1.0,1.0,,7,26,0.5,177.8,10,46
581,1.979394437512383e-05,-0.39433565735816956,0.03,-76.028,1.0,1.0,,7,24,0.3,175.2,10,43
582,-5.444337602966698e-06,-0.3154129981994629,0.04,-111.319,1.0,1.0,,1,26,0.6,189.8,10,47
583,-6.341504922602326e-05,-0.4004197120666504,-0.02,68.426,1.0,1.0,,1,27,0.6,213.4,10,48
584,-0.00015319242083933204,-0.450033038854599,-0.03,97.095,1.0,1.0,,1,29,0.4,188.7,10,45
585,7.644532161066309e-06,-0.3481573462486267,0.02,-61.933,1.0,1.0,,1,29,0.6,191.1,10,45
586,-9.792675700737163e-05,-0.4526997208595276,0.05,-150.487,1.0,1.0,,1,24,0.3,185.7,10,45
587,-8.803125092526898e-05,-0.2796420753002167,-0.01,35.584,1.0,1.0,,4,26,0.5,193.2,10,46
588,4.8927729949355125e-05,-0.3584827184677124,0.02,-40.85,1.0,1.0,,4,29,0.6,183.7,10,44
589,-2.985352330142632e-05,-0.43878471851348877,-0.02,53.096,1.0,1.0,,4,28,0.6,198.5,10,47
590,2.7682614017976448e-05,-0.4654618501663208,0.04,-110.043,1.0,1.0,,4,29,0.4,187.1,10,45
591,-0.0002901826228480786,-0.31897103786468506,0.0,-10.654,1.0,1.0,,4,29,0.4,179.9,10,43
592,8.36425806483021e-06,-0.30040132999420166,0.01,-45.531,1.0,1.0,,4,30,0.3,180.9,10,46
593,-1.1338868716848083e-05,-0.3207293748855591,0.02,-59.162,1.0,1.0,,4,27,0.4,189.1,10,44
594,4.313964382163249e-05,-0.4030637741088867,0.04,-117.007,1.0,1.0,,4,25,0.5,215.4,10,51
595,2.162011878681369e-05,-0.3958407938480377,0.02,-55.637,1.0,1.0,,4,25,0.7,196.6,10,47
596,-5.850586239830591e-05,-0.47316044569015503,-0.01,21.306,1.0,1.0,,4,24,0.5,193.6,10,47
597,-3.87666150345467e-05,-0.4018893837928772,0.03,-73.751,1.0,1.0,,4,25,0.6,207.7,10,49
598,5.694042920367792e-05,-0.38898807764053345,0.02,-76.744,1.0,1.0,,4,23,0.5,188.3,10,45
599,1.344433258054778e-05,-0.41833609342575073,0.03,-82.824,1.0,1.0,,4,23,0.4,174.5,10,43
600,-6.4121122704818845e-06,-0.3129928708076477,0.03,-76.69,1.0,1.0,,4,23,0.3,193.2,10,47
601,5.156836050446145e-05,-0.3270154297351837,0.04,-99.737,1.0,1.0,,4,21,0.4,190.6,10,47
602,4.683886072598398e-05,-0.3509734272956848,0.13,-379.085,1.0,1.0,,4,20,0.4,180.6,10,46
603,-4.054004239151254e-05,-0.35526326298713684,-0.02,49.781,1.0,1.0,,4,20,0.6,177.9,10,44
604,-0.00010820508032338694,-0.4649258852005005,-0.04,110.223,1.0,1.0,,4,22,0.2,164.8,10,42
605,7.554687181254849e-05,-0.2836924195289612,0.01,-20.375,1.0,1.0,,4,23,0.5,182.0,10,46
606,2.150878390239086e-05,-0.3607316315174103,0.02,-53.386,1.0,1.0,,8,21,0.6,199.2,10,48
607,-1.8708989955484867e-05,-0.417395681142807,0.03,-73.767,1.0,1.0,,8,23,0.6,200.5,10,49
608,-3.793360883719288e-05,-0.3715111017227173,-0.0,5.695,1.0,1.0,,8,28,0.5,177.2,10,44
609,-5.148827767698094e-05,-0.33658692240715027,0.08,-205.725,1.0,1.0,,8,29,0.5,182.0,10,47
610,7.250389899127185e-05,-0.34034836292266846,0.03,-92.048,1.0,1.0,,8,31,0.4,185.0,10,47
611,-4.2250008846167475e-05,-0.32657238841056824,0.04,-116.163,1.0,1.0,,8,29,0.2,174.9,10,46
612,-9.036132541950792e-05,-0.2590324878692627,0.04,-123.574,1.0,1.0,,8,31,0.4,177.9,10,47
613,-9.48145861912053e-06,-0.3662540316581726,0.02,-61.369,1.0,1.0,,8,30,0.2,156.4,10,41
614,9.118944581132382e-05,-0.25680747628211975,-0.01,17.974,1.0,1.0,,8,26,0.4,178.5,10,47
615,2.3262698960024863e-05,-0.3473864793777466,0.01,-35.51,1.0,1.0,,8,26,0.3,174.5,10,47
616,-6.702343671349809e-05,-0.32550567388534546,0.0,0.692,1.0,1.0,,8,26,0.4,180.1,10,47
617,1.9677713680721354e-06,-0.3592923879623413,0.04,-111.387,1.0,1.0,,8,23,0.2,180.4,10,50
618,-6.544140342157334e-05,-0.24332964420318604,0.03,-71.885,1.0,1.0,,8,22,0.3,181.1,10,50
619,-6.615234451601282e-05,-0.2795734405517578,-0.02,78.531,1.0,1.0,,8,22,0.3,175.6,10,46
620,-8.474903006572276e-05,-0.3406270146369934,0.03,-94.943,1.0,1.0,,8,22,0.2,166.4,10,47
621,3.5883786040358245e-05,-0.26886361837387085,-0.0,9.538,1.0,1.0,,8,21,0.2,164.8,10,44
622,1.056152268574806e-05,-0.27390149235725403,0.02,-59.847,1.0,1.0,,8,24,0.2,170.7,10,45
623,-3.486230707494542e-05,-0.2797480523586273,0.02,-57.367,1.0,1.0,,8,26,0.4,178.6,10,48
624,3.859367097902577e-06,-0.3449481129646301,0.02,-43.398,1.0,1.0,,8,23,0.3,162.6,10,46
625,4.532518869382329e-05,-0.2747402787208557,-0.02,42.796,1.0,1.0,,8,22,0.4,166.3,10,49
626,-8.9160248535336e-06,-0.29664063453674316,0.02,-47.557,1.0,1.0,,8,21,0.7,190.3,10,50
627,-9.13088570086984e-07,-0.4897691011428833,-0.01,22.534,1.0,1.0,,8,22,0.3,184.2,10,52
628,-3.261328674852848e-05,-0.24326811730861664,0.0,-9.839,1.0,1.0,,8,22,0.4,187.2,10,51
629,5.175024853087962e-08,-0.3450457453727722,0.03,-95.078,1.0,1.0,,8,20,0.6,189.9,10,50
630,-4.9824237066786736e-05,-0.3848179876804352,0.03,-96.114,1.0,1.0,,4,20,0.1,175.9,10,50
631,6.611034041270614e-05,-0.19839294254779816,0.04,-109.428,1.0,1.0,,2,19,0.5,153.2,10,43
632,1.7375978131894954e-05,-0.40033650398254395,-0.0,22.297,1.0,1.0,,1,19,0.4,171.1,10,48
633,-2.2488289687316865e-05,-0.37431883811950684,0.0,-10.065,1.0,1.0,,1,23,0.3,169.5,10,47
634,2.318945735169109e-05,-0.31172168254852295,-0.0,3.314,1.0,1.0,,1,24,0.4,155.4,10,43
635,1.2152342605986632e-05,-0.35116368532180786,-0.0,13.587,1.0,1.0,,2,26,0.5,190.4,10,51
636,-2.1414061848190613e-05,-0.3735317289829254,-0.0,8.116,1.0,1.0,,2,29,0.5,192.1,10,51
637,-3.4306699490116443e-06,-0.3920263350009918,0.0,-8.598,1.0,1.0,,2,29,0.4,186.5,10,51
638,6.006738112773746e-05,-0.31503069400787354,-0.01,23.051,1.0,1.0,,2,30,0.5,158.2,10,44
639,2.4710938305361196e-05,-0.3579632043838501,0.04,-93.722,1.0,1.0,,2,29,0.5,188.0,10,51
640,-1.3157225112081505e-05,-0.3543514907360077,0.08,-232.362,1.0,1.0,,2,33,0.1,140.7,10,42
641,-9.666506230132654e-05,-0.2708144187927246,0.01,-19.308,1.0,1.0,,2,33,0.4,154.7,10,46
642,-2.146484621334821e-05,-0.2993309497833252,0.01,-36.612,1.0,1.0,,2,35,0.3,187.3,10,52
643,-2.4765631678747013e-05,-0.2865149974822998,0.02,-73.195,1.0,1.0,,2,31,0.3,164.8,10,47
644,8.86425914359279e-06,-0.2846220135688782,0.04,-113.873,1.0,1.0,,2,32,0.7,199.7,10,54
645,-3.2708012440707535e-05,-0.45041149854660034,0.01,-42.188,1.0,1.0,,2,28,0.4,164.1,10,47
646,3.3122072636615485e-05,-0.2639017403125763,-0.01,28.261,1.0,1.0,,2,27,0.6,203.3,10,52
647,-3.3913092920556664e-05,-0.3928830921649933,0.0,-7.505,1.0,1.0,,2,26,0.5,196.2,10,52
648,1.5607423847541213e-05,-0.4145998954772949,0.0,-12.821,1.0,1.0,,2,24,0.4,177.7,10,51
649,5.400097506935708e-05,-0.2880449891090393,0.01,-31.797,1.0,1.0,,2,22,0.5,173.0,10,47
650,3.453612589510158e-05,-0.3184813857078552,0.0,-11.53,1.0,1.0,,8,22,0.4,165.3,10,47
651,1.5890625945758075e-05,-0.3124637007713318,0.0,-11.328,1.0,1.0,,1,22,0.2,144.6,10,44
652,3.3935566534637474e-06,-0.24242188036441803,0.05,-137.841,1.0,1.0,,1,22,0.5,193.1,10,55
653,-5.360547220334411e-05,-0.33568674325942993,0.03,-92.592,1.0,1.0,,1,23,0.3,178.7,10,51
654,-6.899610161781311e-05,-0.2640446424484253,0.01,-31.299,1.0,1.0,,1,22,0.2,176.7,10,51
655,5.003516344004311e-05,-0.2463654726743698,0.01,-45.457,1.0,1.0,,1,23,0.5,182.4,10,50
656,-1.1596690455917269e-05,-0.37049150466918945,0.03,-95.633,1.0,1.0,,1,28,0.4,177.6,10,53
657,4.9935530114453286e-05,-0.29966819286346436,0.05,-149.425,1.0,1.0,,1,27,0.4,163.7,10,47
658,-7.736325642326847e-06,-0.36607596278190613,0.08,-211.964,1.0,1.0,,1,30,0.3,162.4,10,48
659,-5.7813493185676634e-05,-0.26127368211746216,0.03,-87.006,1.0,1.0,,1,30,0.4,167.5,10,46
660,9.391598723595962e-06,-0.3313290774822235,0.0,-5.38,1.0,1.0,,1,31,0.4,195.3,10,54
661,2.0261713871150278e-05,-0.32349109649658203,0.02,-64.845,1.0,1.0,,1,31,0.2,166.3,10,48
662,-1.1656252354441676e-05,-0.21742112934589386,0.02,-60.891,1.0,1.0,,1,29,0.4,177.0,10,49
663,-8.561539289075881e-06,-0.349789559841156,0.11,-293.849,1.0,1.0,,1,30,0.6,199.4,10,54
664,-4.4525411794893444e-05,-0.3695886731147766,0.01,-43.19,1.0,1.0,,1,33,0.8,204.9,10,57
665,8.357408660231158e-06,-0.479887992143631,0.04,-119.201,1.0,1.0,,1,36,0.4,156.1,10,46
666,-0.00015958203584887087,-0.31411880254745483,-0.0,11.705,1.0,1.0,,1,39,0.3,161.6,10,47
667,1.6166013665497303e-05,-0.3099280893802643,-0.05,159.201,1.0,1.0,,1,42,0.4,175.3,10,49
668,-6.0460948589025065e-05,-0.3275367021560669,-0.0,6.156,1.0,1.0,,1,47,0.7,193.9,10,51
669,-0.00012865626194979995,-0.4951383173465729,0.06,-168.083,1.0,1.0,,1,48,0.5,183.2,10,51
670,-1.9909191905753687e-05,-0.37939754128456116,0.1,-281.36,1.0,1.0,,1,54,0.6,191.0,10,52
671,-7.056349568301812e-05,-0.4168053865432739,0.02,-61.625,1.0,1.0,,1,59,0.4,179.4,10,50
672,3.515722346492112e-05,-0.3209058344364166,0.04,-108.08,1.0,1.0,,1,68,0.4,182.0,10,52
673,-4.18066447309684e-05,-0.3447580635547638,-0.01,37.035,1.0,1.0,,1,72,0.4,196.4,10,54
674,-5.68290997762233e-05,-0.2846950888633728,0.0,-14.565,1.0,1.0,,1,65,0.4,173.0,10,50
675,-0.00011728516983566806,-0.3380089998245239,0.01,-25.42,1.0,1.0,,1,61,0.3,178.3,10,52
676,-8.11426798463799e-06,-0.29921406507492065,0.01,-34.047,1.0,1.0,,1,56,0.3,181.5,10,50
677,6.820312410127372e-05,-0.2763320803642273,-0.04,136.886,1.0,1.0,,1,51,0.3,166.5,10,48
678,-0.0001164736386272125,-0.27738678455352783,0.02,-54.103,1.0,1.0,,1,47,0.5,183.1,10,50
679,-1.6669946489855647e-06,-0.3626559376716614,-0.0,3.286,1.0,1.0,,1,48,0.3,160.5,10,46
680,-5.468754352477845e-06,-0.2814408242702484,0.03,-100.59,1.0,1.0,,1,51,0.2,163.4,10,47
681,-1.357617111352738e-05,-0.22529931366443634,-0.01,28.518,1.0,1.0,,1,49,0.3,161.8,10,49
682,6.117870361777022e-05,-0.28909358382225037,0.02,-52.709,1.0,1.0,,1,50,0.4,166.9,10,49
683,5.512691132025793e-06,-0.3286646604537964,0.0,-5.55,1.0,1.0,,1,48,0.6,197.8,10,54
684,-0.00013902343926019967,-0.46585267782211304,-0.03,88.85,1.0,1.0,,1,53,0.6,181.8,10,50
685,-0.00018411623022984713,-0.40444502234458923,0.01,-11.499,1.0,1.0,,1,51,0.4,152.3,10,45
686,6.504393240902573e-05,-0.33239537477493286,-0.01,45.114,1.0,1.0,,1,49,0.6,193.1,10,53
687,4.922362859360874e-05,-0.4969084858894348,0.05,-121.889,1.0,1.0,,1,48,0.4,179.2,10,51
688,-0.00015195118612609804,-0.34132564067840576,-0.06,175.367,1.0,1.0,,1,49,0.6,204.6,10,56
689,-6.871193181723356e-05,-0.44468414783477783,0.0,-2.462,1.0,1.0,,1,46,0.6,177.3,10,50
690,1.0951171134365723e-05,-0.45363882184028625,0.03,-76.389,1.0,1.0,,1,50,0.4,193.6,10,54
691,5.271777627058327e-05,-0.35241052508354187,0.04,-123.595,1.0,1.0,,1,53,0.1,157.9,10,48
692,1.2646487448364496e-05,-0.18121182918548584,0.0,-3.277,1.0,1.0,,1,48,0.5,187.5,10,53
693,-4.357429133960977e-06,-0.37886327505111694,0.03,-92.312,1.0,1.0,,1,48,0.1,158.2,10,48
694,-3.203133019269444e-06,-0.23763790726661682,-0.01,34.304,1.0,1.0,,1,53,0.3,153.0,10,48
695,2.568555464677047e-05,-0.3257213234901428,0.03,-73.916,1.0,1.0,,1,55,0.4,177.5,10,53
696,-3.801367711275816e-05,-0.29788315296173096,0.07,-188.549,1.0,1.0,,1,53,0.3,158.0,10,48
697,1.0625963113852777e-05,-0.3002745509147644,0.0,8.502,1.0,1.0,,1,55,0.3,154.9,10,48
698,-3.267481588409282e-05,-0.29458189010620117,-0.0,8.418,1.0,1.0,,1,52,0.4,161.5,10,48
699,5.800761755381245e-06,-0.3264019787311554,0.05,-151.856,1.0,1.0,,1,50,0.7,199.1,10,56
700,-0.00015499220171477646,-0.50009685754776,-0.01,40.016,1.0,1.0,,1,52,0.3,139.1,10,45
701,2.0933592168148607e-05,-0.2782140374183655,-0.02,51.309,1.0,1.0,,1,46,0.5,197.9,10,56
702,2.234863131889142e-05,-0.3733351230621338,-0.0,6.314,1.0,1.0,,1,44,0.5,196.8,10,57
703,-5.798829079139978e-06,-0.32105767726898193,0.02,-44.128,1.0,1.0,,1,44,0.3,147.5,10,47
704,2.4858385586412624e-05,-0.2322898805141449,0.0,2.116,1.0,1.0,,1,45,0.3,171.5,10,52
705,3.034082146768924e-05,-0.2963391840457916,0.01,-34.663,1.0,1.0,,1,42,0.5,171.5,10,51
706,4.005858500022441e-06,-0.3741452693939209,-0.05,137.336,1.0,1.0,,1,37,0.4,182.5,10,55
707,-5.3960942750563845e-05,-0.3145294785499573,0.01,-31.945,1.0,1.0,,1,35,0.6,186.5,10,56
708,-1.7110352928284556e-05,-0.3894496560096741,0.04,-110.861,1.0,1.0,,1,34,0.4,174.3,10,51
709,-3.998731335741468e-05,-0.36284559965133667,0.04,-102.978,1.0,1.0,,1,33,0.3,153.9,10,47
710,-2.18349632632453e-05,-0.29597267508506775,-0.03,97.449,1.0,1.0,,1,33,0.4,169.4,10,51
711,-2.3847667762311175e-05,-0.3304414451122284,0.04,-104.951,1.0,1.0,,1,30,0.3,179.1,10,53
712,2.1860352717339993e-05,-0.28597360849380493,-0.02,60.74,1.0,1.0,,1,28,0.3,158.5,10,48
713,-6.428809138014913e-05,-0.2765839397907257,0.02,-64.76,1.0,1.0,,1,25,0.4,177.5,10,51
714,3.6504883610177785e-05,-0.31875696778297424,0.03,-77.61,1.0,1.0,,8,23,0.4,186.6,10,54
715,5.84667668590555e-06,-0.32472485303878784,0.01,-35.117,1.0,1.0,,8,28,0.3,156.5,10,48
716,-5.966794560663402e-07,-0.28011614084243774,0.04,-112.592,1.0,1.0,,8,27,0.6,191.5,10,52
717,-9.778323146747425e-06,-0.3664739727973938,-0.03,103.112,1.0,1.0,,8,25,0.5,196.7,10,56
718,4.770213854499161e-05,-0.4160979390144348,-0.05,155.101,1.0,1.0,,8,25,0.4,190.7,10,55
719,-4.520215588854626e-05,-0.32015371322631836,0.01,-36.125,1.0,1.0,,8,25,0.3,146.8,10,44
720,1.3876951015845407e-05,-0.2879304587841034,0.03,-94.91,1.0,1.0,,8,24,0.3,151.4,10,47
721,-5.2435556426644325e-05,-0.27725738286972046,0.04,-109.377,1.0,1.0,,1,24,0.4,179.2,10,53
722,5.4899406677577645e-05,-0.3162161111831665,0.03,-98.23,1.0,1.0,,1,23,0.2,197.7,10,57
723,-3.232715607737191e-05,-0.19887438416481018,0.13,-367.946,1.0,1.0,,1,22,0.5,180.7,10,53
724,-0.00016053125727921724,-0.36304330825805664,0.0,-3.777,1.0,1.0,,8,22,0.4,197.4,10,57
725,-8.591797086410224e-05,-0.369019091129303,-0.02,54.669,1.0,1.0,,8,23,0.2,147.5,10,45
726,1.4263671801018063e-05,-0.306346595287323,0.09,-241.3,1.0,1.0,,8,26,0.4,161.9,10,50
727,-0.00019324514141771942,-0.3647083342075348,0.02,-42.64,1.0,1.0,,8,25,0.6,186.0,10,55
728,-7.765919144731015e-05,-0.37292635440826416,0.03,-88.131,1.0,1.0,,7,24,0.2,153.3,10,47
729,3.562694473657757e-05,-0.26346784830093384,-0.03,105.026,1.0,1.0,,7,28,0.3,157.1,10,50
730,5.2985338697908446e-05,-0.2553451657295227,-0.01,31.147,1.0,1.0,,7,27,0.5,159.2,10,48
731,3.614550951169804e-05,-0.36316946148872375,-0.02,54.091,1.0,1.0,,7,26,0.3,163.1,10,51
732,1.0966799891320989e-05,-0.28001758456230164,0.07,-190.478,1.0,1.0,,8,25,0.1,149.4,10,49
733,-0.00013561231025960296,-0.19023241102695465,0.0,3.797,1.0,1.0,,7,24,0.2,141.0,10,46
734,-5.135742685524747e-05,-0.2747298777103424,-0.02,55.439,1.0,1.0,,7,24,0.1,142.8,10,47
735,-8.197755960281938e-05,-0.2062419056892395,0.02,-46.123,1.0,1.0,,7,27,0.1,140.7,10,47
736,2.2719719709130004e-05,-0.16840678453445435,0.0,-8.04,1.0,1.0,,7,28,0.3,173.4,10,54
737,2.1447263861773536e-05,-0.2721710801124573,0.04,-119.706,1.0,1.0,,7,30,0.5,177.1,10,55
738,-0.00013096777547616512,-0.3988693058490753,-0.02,54.993,1.0,1.0,,7,26,0.1,159.8,10,51
739,-6.591602141270414e-05,-0.14059504866600037,-0.02,71.22,1.0,1.0,,7,25,0.3,152.1,10,50
740,-6.784375727875158e-05,-0.278557151556015,-0.04,112.748,1.0,1.0,,7,30,0.3,176.0,10,55
741,-7.336132694035769e-05,-0.2793104648590088,0.0,-10.819,1.0,1.0,,7,27,0.2,161.9,10,51
742,-2.010840216826182e-05,-0.19299566745758057,0.0,-8.529,1.0,1.0,,7,28,0.3,158.4,10,50
743,2.630860763019882e-06,-0.3143101930618286,-0.04,124.158,1.0,1.0,,7,30,0.5,171.2,10,54
744,4.619432729668915e-05,-0.3107198476791382,0.01,-28.911,1.0,1.0,,7,28,0.4,170.2,10,55
745,5.040037649450824e-06,-0.343330979347229,0.01,-32.297,1.0,1.0,,7,29,0.3,174.5,10,54
746,-0.0002464941644575447,-0.24891720712184906,-0.02,71.154,1.0,1.0,,7,27,0.3,165.2,10,52
747,8.441894897259772e-05,-0.27017176151275635,0.02,-59.051,1.0,1.0,,7,25,0.5,172.0,10,51
748,2.169335857615806e-05,-0.3811022937297821,-0.01,20.26,1.0,1.0,,7,23,0.2,137.4,10,46
749,4.860351691604592e-05,-0.22154030203819275,-0.04,125.878,1.0,1.0,,7,25,0.2,138.4,10,46
750,-0.00010627637675497681,-0.24536184966564178,-0.0,10.138,1.0,1.0,,2,23,0.2,155.9,10,51
751,-1.0013676728704013e-05,-0.23072993755340576,-0.0,6.798,1.0,1.0,,2,24,0.2,145.7,10,48
752,4.2951174691552296e-05,-0.24757041037082672,0.03,-91.93,1.0,1.0,,2,25,0.7,208.0,10,61
753,-8.784765668679029e-05,-0.4154335558414459,-0.03,94.638,1.0,1.0,,1,23,0.2,186.5,10,55
754,-1.4960940461605787e-05,-0.26418089866638184,0.03,-76.713,1.0,1.0,,1,23,0.1,155.6,10,52
755,1.7628904970479198e-05,-0.22308135032653809,0.01,-44.391,1.0,1.0,,1,26,0.1,137.9,10,45
756,5.769335984950885e-05,-0.19303271174430847,-0.01,32.263,1.0,1.0,,1,29,0.4,168.2,10,52
757,8.616211744083557e-06,-0.32418739795684814,0.02,-54.031,1.0,1.0,,1,31,0.3,181.6,10,56
758,4.170996180619113e-05,-0.33828431367874146,-0.03,95.255,1.0,1.0,,1,28,0.1,188.3,10,58
759,-4.1726569179445505e-05,-0.2196914553642273,-0.01,25.334,1.0,1.0,,1,29,0.3,155.8,10,51
760,2.8313483198871836e-05,-0.3062123656272888,-0.0,13.685,1.0,1.0,,1,33,0.1,137.1,10,47
761,-7.093751628417522e-05,-0.1995231807231903,0.03,-78.308,1.0,1.0,,1,32,0.5,165.6,10,50
762,-5.036815855419263e-05,-0.35701194405555725,-0.1,322.253,1.0,1.0,,1,29,0.5,165.3,10,52
763,-0.00019422070181462914,-0.33184003829956055,-0.02,64.995,1.0,1.0,,7,28,0.3,187.0,10,56
764,-0.00012165918451501057,-0.24731725454330444,-0.0,1.047,1.0,1.0,,7,29,0.3,172.2,10,54
765,5.1620118028949946e-05,-0.29204660654067993,-0.03,96.244,1.0,1.0,,7,31,0.2,158.2,10,52
766,5.830076042911969e-05,-0.20565776526927948,-0.13,390.993,1.0,1.0,,7,35,0.6,166.4,10,51
767,-8.185259503079578e-05,-0.4206584095954895,-0.04,112.546,1.0,1.0,,7,36,0.4,178.6,10,53
768,-6.40683647361584e-05,-0.36236298084259033,-0.01,28.315,1.0,1.0,,7,35,0.3,153.3,10,51
769,3.855370596284047e-05,-0.27177342772483826,-0.01,33.381,1.0,1.0,,7,34,0.4,144.6,10,49
770,-3.7972655263729393e-05,-0.2622072994709015,-0.03,95.591,1.0,1.0,,7,30,0.4,164.9,10,52
771,-2.0967781892977655e-05,-0.33866700530052185,0.07,-186.783,1.0,1.0,,7,31,0.2,147.7,10,49
772,-8.81884916452691e-05,-0.23012256622314453,-0.01,24.527,1.0,1.0,,7,29,0.8,206.9,10,59
773,6.510546518256888e-05,-0.4981986880302429,-0.0,6.614,1.0,1.0,,7,27,0.3,152.3,10,50
774,2.6838866688194685e-05,-0.2614632844924927,-0.01,36.82,1.0,1.0,,7,27,0.5,193.6,10,57
775,-5.4059575631981716e-05,-0.3861393928527832,-0.02,52.866,1.0,1.0,,7,27,0.6,171.2,10,52
776,-0.0002075312368106097,-0.39794063568115234,0.01,-28.406,1.0,1.0,,7,25,0.5,178.9,10,54
777,-5.622949538519606e-05,-0.36632803082466125,0.03,-94.41,1.0,1.0,,7,24,0.5,158.0,10,49
778,-0.00010622267291182652,-0.3350726366043091,-0.01,33.497,1.0,1.0,,1,27,0.4,172.8,10,52
779,6.183886580402032e-05,-0.3354833424091339,0.01,-33.276,1.0,1.0,,1,28,0.4,179.3,10,54
780,-7.869240653235465e-05,-0.3066287040710449,-0.12,355.929,1.0,1.0,,1,26,0.2,144.4,10,47
781,-0.00017882129759527743,-0.2291427105665207,-0.03,110.394,1.0,1.0,,1,26,0.1,133.4,10,46
782,-0.00011430957238189876,-0.15906371176242828,0.02,-59.344,1.0,1.0,,1,25,0.3,168.7,10,53
783,-4.0461920434609056e-05,-0.2829315662384033,0.01,-24.205,1.0,1.0,,1,23,0.2,168.4,10,54
784,-5.9260746638756245e-05,-0.19970452785491943,-0.01,19.271,1.0,1.0,,1,23,0.4,172.8,10,53
785,4.0781251300359145e-05,-0.36422479152679443,-0.01,41.225,1.0,1.0,,1,25,0.3,151.9,10,48
786,2.3149415937950835e-05,-0.27166205644607544,0.01,-38.329,1.0,1.0,,1,27,0.6,186.1,10,54
787,-2.0242197933839634e-05,-0.4264979362487793,0.04,-98.658,1.0,1.0,,7,26,0.3,166.0,10,53
788,-0.00012047169730067253,-0.2376442402601242,-0.02,39.823,1.0,1.0,,7,25,0.3,169.7,10,52
789,-8.882519614417106e-05,-0.2947613596916199,-0.01,36.544,1.0,1.0,,7,25,0.5,158.9,10,49
790,6.407714681699872e-05,-0.3792276382446289,-0.01,21.281,1.0,1.0,,7,25,0.2,167.9,10,52
791,5.399609653977677e-05,-0.21285296976566315,0.03,-74.0,1.0,1.0,,7,24,0.4,161.5,10,51
792,2.359179597988259e-05,-0.29963985085487366,0.0,-2.329,1.0,1.0,,7,25,0.3,160.3,10,52
793,1.6747069821576588e-05,-0.24319927394390106,0.02,-43.36,1.0,1.0,,7,24,0.3,167.2,10,51
794,8.813470230961684e-06,-0.28808364272117615,-0.04,102.919,1.0,1.0,,7,24,0.6,170.4,10,51
795,-4.995019844500348e-05,-0.4283563196659088,-0.06,205.066,1.0,1.0,,7,25,0.5,177.5,10,54
796,-0.00016998536011669785,-0.3727782666683197,0.0,-4.63,1.0,1.0,,7,24,0.2,185.0,10,57
797,2.0132811187068e-05,-0.22256530821323395,-0.02,68.983,1.0,1.0,,4,27,0.7,174.2,10,52
798,4.324511610320769e-05,-0.4107196629047394,0.03,-97.521,1.0,1.0,,4,28,0.3,157.3,10,49
799,-8.477051596855745e-05,-0.2693009078502655,-0.01,34.042,1.0,1.0,,4,25,0.4,181.6,10,55
800,1.2272459571249783e-05,-0.32440072298049927,-0.01,30.137,1.0,1.0,,4,24,0.3,156.8,10,50
801,1.5953122783685103e-05,-0.3017321825027466,-0.01,21.897,1.0,1.0,,4,27,0.4,165.3,10,53
802,1.1957024980802089e-05,-0.30797484517097473,-0.03,90.909,1.0,1.0,,4,31,0.2,156.0,10,49
803,-5.579395292443223e-05,-0.2612525522708893,-0.04,110.465,1.0,1.0,,4,33,0.2,145.3,10,47
804,-8.759961929172277e-05,-0.2914125323295593,-0.02,62.778,1.0,1.0,,4,34,0.3,180.0,10,55
805,-0.00012330371828284115,-0.3181607723236084,0.0,0.0,1.0,1.0,,4,37,0.3,160.6,10,50
806,0.0,-0.30124592781066895,-0.02,74.779,1.0,1.0,,4,37,0.3,144.4,10,48
807,4.819332389160991e-06,-0.2677536904811859,-0.02,69.333,1.0,1.0,,4,38,0.3,155.8,10,48
808,-2.427637082291767e-05,-0.2728232145309448,0.03,-75.718,1.0,1.0,,4,40,0.3,163.7,10,53
809,9.550774848321453e-06,-0.2512447237968445,0.0,-0.841,1.0,1.0,,4,36,0.4,189.4,10,55
810,-1.0412113624624908e-05,-0.3170704245567322,-0.01,21.572,1.0,1.0,,4,35,0.5,181.8,10,56
811,3.450585063546896e-05,-0.36170247197151184,-0.01,22.654,1.0,1.0,,4,33,0.2,149.7,10,49
812,3.31279297824949e-05,-0.2576935291290283,0.01,-25.308,1.0,1.0,,4,33,0.4,182.9,10,56
813,-5.079101811134024e-06,-0.2753928005695343,-0.01,35.694,1.0,1.0,,4,32,0.2,179.3,10,55
814,-2.6116213120985776e-05,-0.22913546860218048,0.01,-40.249,1.0,1.0,,4,30,0.3,163.0,10,53
815,-4.294531754567288e-05,-0.294658362865448,-0.0,5.366,1.0,1.0,,4,29,0.2,158.1,10,50
816,2.2702144633512944e-05,-0.23856830596923828,-0.0,1.683,1.0,1.0,,3,29,0.3,154.9,10,48
817,1.885253550426569e-05,-0.2847723364830017,-0.05,161.921,1.0,1.0,,3,26,0.4,146.9,10,47
818,-0.0001737578131724149,-0.35071903467178345,-0.03,78.583,1.0,1.0,,3,26,0.2,130.9,10,45
819,-0.0001121318491641432,-0.24146942794322968,-0.01,17.559,1.0,1.0,,4,27,0.4,154.7,10,49
820,-2.8880855097668245e-05,-0.3424000144004822,-0.01,24.218,1.0,1.0,,4,29,0.5,175.3,10,55
821,-1.8208986148238182e-05,-0.3297155499458313,0.02,-46.392,1.0,1.0,,4,36,0.4,167.6,10,51
822,-5.273730494081974e-05,-0.3300952911376953,-0.01,42.01,1.0,1.0,,4,35,0.2,144.1,10,49
823,-8.084966793830972e-06,-0.21504907310009003,0.05,-131.322,1.0,1.0,,4,38,0.4,160.2,10,51
824,-0.00015884864842519164,-0.2750277519226074,0.0,0.0,1.0,1.0,,4,47,0.2,184.5,10,57
825,0.0,-0.23092567920684814,0.01,-17.406,1.0,1.0,,4,50,0.5,171.5,10,52
826,4.31679654866457e-05,-0.35091736912727356,-0.01,18.885,1.0,1.0,,4,49,0.3,151.7,10,49
827,6.927733466000063e-06,-0.2493528425693512,0.0,-8.682,1.0,1.0,,4,47,0.2,163.3,10,51
828,-3.304785423097201e-05,-0.26165008544921875,0.02,-45.939,1.0,1.0,,4,45,0.4,173.7,10,53
829,2.1065428882138804e-05,-0.28025150299072266,0.01,-26.152,1.0,1.0,,4,45,0.2,146.2,10,49
830,3.1976560421753675e-05,-0.21788662672042847,-0.02,67.478,1.0,1.0,,4,40,0.4,178.1,10,54
831,4.884179725195281e-05,-0.37437206506729126,0.01,-19.227,1.0,1.0,,4,33,0.4,143.4,10,46
832,-6.466699414886534e-05,-0.3517242670059204,0.0,8.67,1.0,1.0,,4,32,0.6,179.5,10,54
833,-4.728614294435829e-05,-0.4287409782409668,-0.01,22.807,1.0,1.0,,4,31,0.5,180.8,10,53
834,-1.153222819993971e-05,-0.3615868091583252,-0.0,12.208,1.0,1.0,,4,30,0.4,166.5,10,52
835,3.004687459906563e-05,-0.3588874042034149,-0.02,52.058,1.0,1.0,,4,29,0.2,157.5,10,50
836,-0.0001149775562225841,-0.2597878575325012,0.0,0.0,1.0,1.0,,3,27,0.3,156.5,10,49
837,0.0,-0.25635474920272827,0.02,-46.03,1.0,1.0,,3,26,0.5,174.5,10,53
838,5.6716802646405995e-05,-0.3581464886665344,0.04,-122.238,1.0,1.0,,3,26,0.2,153.0,10,48
839,4.507031189859845e-05,-0.22536228597164154,0.0,0.0,1.0,1.0,,3,25,0.5,186.7,10,56
840,0.0,-0.3404167890548706,-0.02,50.556,1.0,1.0,,4,29,0.2,155.7,10,49
841,-3.138671672786586e-05,-0.23118874430656433,0.01,-31.934,1.0,1.0,,4,32,0.6,201.5,10,58
842,4.473046283237636e-05,-0.40271350741386414,-0.0,6.679,1.0,1.0,,4,33,0.4,176.2,10,53
843,-1.604296630830504e-05,-0.2736150622367859,0.0,-12.901,1.0,1.0,,4,32,0.5,184.9,10,55
844,5.462402259581722e-05,-0.33689582347869873,0.04,-108.748,1.0,1.0,,4,30,0.5,186.5,10,54
845,-5.144141323398799e-05,-0.37692153453826904,0.09,-261.971,1.0,1.0,,4,29,0.2,180.1,10,55
846,-0.00011306934175081551,-0.23284882307052612,0.05,-149.232,1.0,1.0,,4,27,0.3,174.6,10,52
847,1.451757998438552e-05,-0.24417637288570404,0.04,-128.358,1.0,1.0,,4,27,0.4,183.2,10,53
848,-0.0001553339825477451,-0.34567078948020935,0.04,-93.469,1.0,1.0,,4,26,0.3,148.2,10,46
849,2.2842761609354056e-05,-0.26932138204574585,0.03,-80.156,1.0,1.0,,4,26,0.6,188.7,10,54
850,6.897462299093604e-06,-0.3919389843940735,0.05,-131.812,1.0,1.0,,4,25,0.2,164.1,10,50
851,-5.3747076890431345e-05,-0.23029816150665283,0.02,-49.103,1.0,1.0,,4,25,0.2,152.8,10,47
852,-1.276466173294466e-05,-0.22855107486248016,0.02,-40.007,1.0,1.0,,4,25,0.4,160.0,10,49
853,-4.7576169890817255e-05,-0.28906553983688354,0.01,-41.428,1.0,1.0,,4,28,0.3,155.2,10,47
854,1.5502930182265118e-05,-0.3015386164188385,0.02,-64.997,1.0,1.0,,4,25,0.3,143.6,10,44
855,2.270312324981205e-05,-0.28425127267837524,0.06,-189.355,1.0,1.0,,4,27,0.3,160.8,10,49
856,-8.044042624533176e-05,-0.27755314111709595,0.06,-169.014,1.0,1.0,,4,25,0.5,187.6,10,54
857,3.222667146474123e-07,-0.30415642261505127,0.09,-250.712,1.0,1.0,,4,24,0.5,201.8,10,57
858,-0.000160491224960424,-0.3376164138317108,0.07,-183.254,1.0,1.0,,4,25,0.2,185.6,10,55
859,-6.916993697814178e-06,-0.2562880218029022,0.01,-30.574,1.0,1.0,,4,25,0.3,166.3,10,50
860,-1.2658205378102139e-05,-0.2970922291278839,0.04,-117.365,1.0,1.0,,4,27,0.4,171.8,10,50
861,-5.660059105139226e-05,-0.3213070333003998,0.08,-242.653,1.0,1.0,,4,27,0.4,176.9,10,52
862,-3.565820952644572e-05,-0.30364352464675903,-0.01,30.089,1.0,1.0,,4,25,0.4,178.0,10,52
863,7.11308530298993e-05,-0.31634393334388733,0.03,-101.183,1.0,1.0,,4,24,0.3,172.2,10,53
864,8.122655708575621e-05,-0.281128853559494,0.03,-102.333,1.0,1.0,,4,23,0.3,159.9,10,49
865,-1.5097593859536573e-06,-0.2566404938697815,0.02,-68.442,1.0,1.0,,3,22,0.3,167.3,10,49
866,-0.00010982032836182043,-0.3324577212333679,0.04,-100.25,1.0,1.0,,4,23,0.4,171.3,10,51
867,5.1870112656615674e-05,-0.30670860409736633,0.01,-40.339,1.0,1.0,,3,23,0.4,176.1,10,54
868,-2.8752931029885076e-05,-0.3138299584388733,-0.0,0.099,1.0,1.0,,4,24,0.6,188.6,10,56
869,-1.503222665633075e-05,-0.3435518443584442,-0.01,38.058,1.0,1.0,,4,24,0.3,144.1,10,47
870,-1.9730468920897692e-05,-0.2827576994895935,0.02,-49.187,1.0,1.0,,4,24,0.5,173.5,10,53
871,2.8749016564688645e-05,-0.3994201719760895,0.04,-107.423,1.0,1.0,,4,24,0.2,150.2,10,48
872,-2.1699219360016286e-05,-0.2467244267463684,0.06,-186.255,1.0,1.0,,3,23,0.4,155.2,10,49
873,-0.00021413087961263955,-0.31579214334487915,-0.0,11.291,1.0,1.0,,3,24,0.5,180.4,10,54
874,1.8824217477231286e-05,-0.36763378977775574,0.06,-170.781,1.0,1.0,,3,24,0.3,167.3,10,51
875,-3.782032217714004e-05,-0.3080442547798157,0.04,-103.977,1.0,1.0,,3,23,0.2,163.9,10,50
876,-0.00016974611207842827,-0.23002494871616364,0.02,-73.234,1.0,1.0,,3,21,0.3,156.5,10,50
877,8.195311238523573e-06,-0.2394101917743683,0.02,-59.463,1.0,1.0,,3,22,0.5,167.2,10,51
878,-5.492481432156637e-05,-0.3942924737930298,0.03,-85.082,1.0,1.0,,3,23,0.1,147.6,10,48
879,-2.27646560233552e-05,-0.17330066859722137,0.01,-18.48,1.0,1.0,,3,25,0.3,156.7,10,48
880,3.5823242797050625e-05,-0.24839425086975098,0.02,-69.328,1.0,1.0,,3,23,0.5,175.5,10,51
881,-2.5572264348738827e-05,-0.3971914052963257,0.01,-39.019,1.0,1.0,,8,21,0.2,168.7,10,52
882,3.949902384192683e-05,-0.21671579778194427,0.06,-165.975,1.0,1.0,,3,22,0.4,180.6,10,56
883,-0.00012578224414028227,-0.2986937463283539,0.0,-13.355,1.0,1.0,,3,22,0.3,164.2,10,53
884,-5.062499985797331e-05,-0.2884654998779297,0.05,-135.797,1.0,1.0,,3,22,0.5,185.6,10,56
885,-5.981451977277175e-06,-0.35702770948410034,0.0,-12.206,1.0,1.0,,3,21,0.3,149.4,10,48
886,-6.783301796531305e-05,-0.27190107107162476,0.01,-41.129,1.0,1.0,,3,24,0.4,182.0,10,56
887,-2.7219732146477327e-05,-0.300734281539917,0.0,-5.41,1.0,1.0,,3,23,0.5,168.1,10,52
888,-7.65234563004924e-06,-0.322458952665329,0.01,-41.869,1.0,1.0,,3,24,0.2,148.8,10,49
889,-7.954104148666374e-06,-0.2326372265815735,0.01,-41.734,1.0,1.0,,3,27,0.2,161.1,10,52
890,3.67490247299429e-05,-0.2070145606994629,0.01,-44.75,1.0,1.0,,3,26,0.1,124.4,10,44
891,-3.6203127820044756e-05,-0.16392295062541962,0.04,-104.199,1.0,1.0,,3,25,0.4,181.0,10,57
892,-4.810059181181714e-05,-0.25273144245147705,-0.0,6.002,1.0,1.0,,3,22,0.2,152.5,10,50
893,2.3020507796900347e-05,-0.19688215851783752,0.06,-151.628,1.0,1.0,,1,22,0.4,160.1,10,50
894,-4.1333012632094324e-05,-0.3287776708602905,0.02,-51.591,1.0,1.0,,1,21,0.4,170.0,10,52
895,3.2734242267906666e-06,-0.34869584441185,-0.01,31.373,1.0,1.0,,3,22,0.2,163.8,10,52
896,-9.524317283648998e-05,-0.21869714558124542,0.01,-27.772,1.0,1.0,,3,22,0.6,176.1,10,55
897,5.663086085405666e-06,-0.3940598964691162,-0.0,8.776,1.0,1.0,,3,22,0.5,186.5,10,56
898,2.3474600311601534e-05,-0.3192911446094513,0.03,-85.171,1.0,1.0,,3,21,0.2,139.6,10,47
899,-7.477343024220318e-05,-0.228700190782547,0.01,-41.856,1.0,1.0,,3,22,0.4,191.3,10,57
900,-6.569726974703372e-05,-0.2969701886177063,0.06,-176.348,1.0,1.0,,3,22,0.4,177.6,10,55
901,-3.746680522453971e-05,-0.2905089259147644,-0.01,32.653,1.0,1.0,,3,25,0.4,174.6,10,54
902,-3.36005978169851e-05,-0.2771892249584198,-0.01,37.586,1.0,1.0,,3,24,0.2,162.1,10,52
903,4.38037131971214e-05,-0.20625169575214386,0.04,-121.145,1.0,1.0,,8,22,0.4,160.9,10,50
904,4.844725481234491e-05,-0.3406500816345215,-0.02,71.372,1.0,1.0,,3,23,0.5,175.8,10,54
905,-2.4490240321028978e-05,-0.37878549098968506,-0.0,10.618,1.0,1.0,,3,22,0.4,175.2,10,55
906,-1.293555396841839e-05,-0.3145890235900879,0.01,-26.677,1.0,1.0,,3,23,0.5,183.2,10,57
907,-6.247852434171364e-05,-0.34835511445999146,0.01,-11.799,1.0,1.0,,3,22,0.2,146.4,10,47
908,3.156239472446032e-06,-0.24327611923217773,0.02,-76.397,1.0,1.0,,4,23,0.5,175.1,10,54
909,1.4111283235251904e-06,-0.3455433249473572,0.0,-9.014,1.0,1.0,,3,22,0.3,176.3,10,56
910,1.127637005993165e-05,-0.24122518301010132,0.03,-94.698,1.0,1.0,,4,24,0.5,180.0,10,57
911,3.031445885426365e-05,-0.331344336271286,0.0,-13.381,1.0,1.0,,4,24,0.3,175.8,10,56
912,8.83300799614517e-06,-0.2873278856277466,0.03,-76.358,1.0,1.0,,4,24,0.3,162.5,10,52
913,-2.480957846273668e-05,-0.26068177819252014,-0.01,19.369,1.0,1.0,,3,25,0.4,163.6,10,51
914,-1.8158205421059392e-05,-0.3043927550315857,-0.01,15.241,1.0,1.0,,3,30,0.4,193.0,10,59
915,8.094724762486294e-06,-0.3045614957809448,0.04,-106.19,1.0,1.0,,3,31,0.5,204.3,10,60
916,-7.1180664235726e-05,-0.37562525272369385,0.06,-177.12,1.0,1.0,,3,33,0.4,173.9,10,54
917,1.810253525036387e-05,-0.3275798261165619,0.02,-53.55,1.0,1.0,,3,29,0.4,194.9,10,58
918,3.282225861767074e-06,-0.36896079778671265,0.03,-91.342,1.0,1.0,,3,28,0.3,160.2,10,50
919,-8.629103831481189e-05,-0.3095817565917969,-0.0,13.575,1.0,1.0,,3,31,0.4,179.4,10,57
920,1.1561523933778517e-05,-0.31773656606674194,0.03,-88.811,1.0,1.0,,3,27,0.3,160.6,10,51
921,-4.601855471264571e-05,-0.2888168692588806,0.09,-247.693,1.0,1.0,,3,26,0.5,186.7,10,57
922,-0.0001524179824627936,-0.3511790633201599,0.01,-27.527,1.0,1.0,,3,25,0.2,153.7,10,50
923,2.2630854800809175e-05,-0.23822154104709625,0.01,-19.539,1.0,1.0,,3,24,0.3,175.2,10,57
924,1.148242245108122e-05,-0.24313026666641235,0.01,-42.666,1.0,1.0,,3,26,0.3,151.1,10,51
925,1.2240237992955372e-05,-0.2586210370063782,-0.01,43.47,1.0,1.0,,3,25,0.5,172.6,10,53
926,6.140621735539753e-06,-0.36448943614959717,0.01,-17.095,1.0,1.0,,3,25,0.1,144.8,10,48
927,-5.144535407453077e-06,-0.2409561574459076,0.01,-27.857,1.0,1.0,,2,27,0.2,163.7,10,54
928,-3.9569342334289104e-05,-0.19209429621696472,0.01,-23.174,1.0,1.0,,2,25,0.5,175.6,10,54
929,-3.865626058541238e-05,-0.32842642068862915,0.06,-164.147,1.0,1.0,,3,28,0.2,152.1,10,48
930,-4.140723467571661e-05,-0.27930107712745667,-0.0,13.575,1.0,1.0,,3,34,0.4,166.9,10,54
931,1.1561523933778517e-05,-0.2946714758872986,0.01,-20.978,1.0,1.0,,3,33,0.2,159.5,10,51
932,1.544824226584751e-05,-0.24408391118049622,0.02,-51.015,1.0,1.0,,3,29,0.4,199.8,10,58
933,-2.3449221771443263e-05,-0.33729487657546997,-0.01,37.464,1.0,1.0,,2,28,0.3,185.5,10,58
934,-4.630957846529782e-05,-0.29101482033729553,-0.01,19.582,1.0,1.0,,2,32,0.3,170.1,10,54
935,-3.5468765418045223e-06,-0.2700127363204956,0.03,-87.521,1.0,1.0,,2,36,0.2,168.6,10,53
936,4.011328564956784e-05,-0.21298670768737793,-0.02,71.257,1.0,1.0,,2,37,0.5,160.4,10,51
937,-6.233301246538758e-05,-0.33293038606643677,0.0,-9.079,1.0,1.0,,2,34,0.3,179.0,10,56
938,-2.2143556634546258e-05,-0.2610837519168854,0.02,-41.738,1.0,1.0,,2,30,0.3,150.2,10,49
939,-6.504786142613739e-05,-0.2665848135948181,0.0,-7.271,1.0,1.0,,2,28,0.3,155.9,10,52
940,-1.52031298057409e-05,-0.21292348206043243,0.01,-13.272,1.0,1.0,,2,28,0.4,172.3,10,55
941,-4.101856757188216e-05,-0.2849453091621399,0.02,-65.458,1.0,1.0,,2,28,0.2,160.7,10,51
942,1.0766602827061433e-05,-0.2604304254055023,0.06,-179.852,1.0,1.0,,2,29,0.2,151.9,10,51
943,-8.474414062220603e-05,-0.23575934767723083,0.1,-261.738,1.0,1.0,,2,34,0.4,165.9,10,54
944,2.0836901967413723e-05,-0.33091798424720764,0.05,-126.009,1.0,1.0,,2,40,0.2,183.4,10,57
945,-6.940041203051805e-05,-0.2686256170272827,0.04,-102.093,1.0,1.0,,2,45,0.3,163.7,10,53
946,1.4208976608642843e-06,-0.28565239906311035,0.03,-87.878,1.0,1.0,,2,45,0.4,177.9,10,59
947,-8.12968792160973e-05,-0.2983928322792053,0.06,-166.028,1.0,1.0,,2,51,0.4,175.1,10,54
948,-2.0934570784447715e-05,-0.29301345348358154,0.03,-90.355,1.0,1.0,,2,53,0.3,146.3,10,48
949,3.473633114481345e-05,-0.2960556745529175,0.04,-124.709,1.0,1.0,,2,50,0.1,131.8,10,48
950,1.2178701581433415e-05,-0.18687617778778076,0.0,-8.657,1.0,1.0,,2,44,0.5,186.6,10,58
951,4.2958981794072315e-06,-0.34459203481674194,0.05,-150.274,1.0,1.0,,2,44,0.4,166.0,10,51
952,-9.229296847479418e-05,-0.325547456741333,0.02,-62.614,1.0,1.0,,2,49,0.2,161.4,10,51
953,-2.2216831894183997e-06,-0.27058205008506775,0.04,-110.048,1.0,1.0,,2,46,0.5,189.5,10,58
954,-0.00013040918565820903,-0.34069669246673584,0.01,-38.158,1.0,1.0,,2,50,0.4,184.9,10,56
955,9.443359886063263e-06,-0.27874577045440674,0.0,0.0,1.0,1.0,,2,55,0.4,161.7,10,53
956,0.0,-0.3092091679573059,0.01,-37.313,1.0,1.0,,2,56,0.4,175.1,10,54
957,3.885738806275185e-06,-0.32477641105651855,0.03,-77.301,1.0,1.0,,2,58,0.5,159.6,10,51
958,8.319334483530838e-06,-0.33904531598091125,0.02,-61.799,1.0,1.0,,2,60,0.4,155.5,10,49
959,-6.270312587730587e-05,-0.3153892457485199,0.02,-47.709,1.0,1.0,,2,62,0.4,158.1,10,52
960,4.436620292835869e-05,-0.2790828347206116,-0.02,53.708,1.0,1.0,,2,60,0.2,155.3,10,53
961,4.92870685775415e-06,-0.26632121205329895,-0.01,27.516,1.0,1.0,,2,57,0.3,158.0,10,53
962,6.031249540683348e-06,-0.26951831579208374,0.05,-144.63,1.0,1.0,,2,50,0.4,176.9,10,57
963,3.859374555759132e-05,-0.25772327184677124,-0.02,63.177,1.0,1.0,,2,44,0.2,142.8,10,49
964,5.2319333917694166e-05,-0.2478737235069275,-0.04,108.288,1.0,1.0,,2,36,0.1,130.5,10,46
965,9.514647535979748e-05,-0.1933414191007614,0.02,-70.187,1.0,1.0,,2,33,0.2,154.8,10,52
966,-7.89455407357309e-06,-0.24456627666950226,-0.02,46.023,1.0,1.0,,2,29,0.2,161.9,10,54
967,-0.00012875879474449903,-0.23712897300720215,0.0,2.151,1.0,1.0,,2,27,0.4,174.7,10,54
968,-1.228906330652535e-05,-0.3456839621067047,0.01,-15.071,1.0,1.0,,2,27,0.3,148.8,10,50
969,-3.4824224712792784e-06,-0.2540076971054077,0.01,-44.122,1.0,1.0,,1,24,0.4,151.7,10,50
970,-4.3271495087537915e-05,-0.3149307370185852,0.02,-37.64,1.0,1.0,,1,23,0.1,148.6,10,51
971,2.648046938702464e-05,-0.18198800086975098,-0.06,178.008,1.0,1.0,,2,22,0.4,168.0,10,53
972,-0.00018867482140194625,-0.29890602827072144,0.06,-165.399,1.0,1.0,,2,23,0.4,154.4,10,52
973,5.122948277858086e-05,-0.281161367893219,-0.03,109.655,1.0,1.0,,2,25,0.2,151.4,10,49
974,-3.465333065832965e-05,-0.251343309879303,0.02,-68.595,1.0,1.0,,1,26,0.3,165.3,10,54
975,-1.1218749932595529e-05,-0.22639057040214539,-0.02,42.445,1.0,1.0,,2,30,0.5,172.6,10,55
976,-4.382715269457549e-05,-0.3596348166465759,0.06,-169.738,1.0,1.0,,2,34,0.4,163.2,10,52
977,-0.00012995998258702457,-0.34955334663391113,0.01,-29.933,1.0,1.0,,2,33,0.3,178.8,10,57
978,-3.896973066730425e-05,-0.25847163796424866,0.05,-161.099,1.0,1.0,,2,32,0.0,138.9,10,48
979,-6.549610407091677e-05,-0.20363473892211914,0.0,-8.447,1.0,1.0,,2,32,0.2,142.5,10,49
980,0.00012219726340845227,-0.21298709511756897,-0.01,24.975,1.0,1.0,,2,31,0.3,158.2,10,53
981,3.056834975723177e-05,-0.3141259551048279,0.04,-109.282,1.0,1.0,,2,32,0.3,169.2,10,53
982,-5.592478555627167e-05,-0.26134544610977173,-0.01,32.385,1.0,1.0,,2,31,0.7,169.5,10,53
983,2.216796565335244e-05,-0.4927522540092468,0.01,-46.464,1.0,1.0,,2,28,0.3,158.8,10,50
984,-1.627344317967072e-05,-0.2671125531196594,-0.01,19.588,1.0,1.0,,2,25,0.4,189.2,10,58
985,-5.30429751961492e-05,-0.3049754798412323,-0.01,30.289,1.0,1.0,,1,26,0.4,170.2,10,56
986,-2.2230462491279468e-05,-0.2646540403366089,0.08,-236.177,1.0,1.0,,1,26,0.4,166.1,10,52
987,-7.489355630241334e-05,-0.3180590569972992,0.01,-15.868,1.0,1.0,,1,26,0.2,145.2,10,50
988,5.587402483797632e-05,-0.18286988139152527,0.03,-84.462,1.0,1.0,,1,28,0.4,183.1,10,57
989,-2.9155275115044788e-05,-0.29386234283447266,-0.01,24.661,1.0,1.0,,1,29,0.3,184.3,10,59
990,2.09843747143168e-05,-0.2981407940387726,-0.02,44.825,1.0,1.0,,1,30,0.2,163.3,10,54
991,7.948226993903518e-06,-0.23878702521324158,0.04,-131.274,1.0,1.0,,1,32,0.3,164.7,10,52
992,-3.935556378564797e-06,-0.2743666470050812,-0.02,43.228,1.0,1.0,,1,32,0.2,136.1,10,47
993,3.785058288485743e-05,-0.23534564673900604,-0.08,254.653,1.0,1.0,,1,33,0.2,148.3,10,50
994,-0.00011126854951726273,-0.25103962421417236,-0.02,70.595,1.0,1.0,,1,34,0.5,156.0,10,49
995,-4.938085112371482e-05,-0.3601883351802826,0.01,-26.528,1.0,1.0,,1,31,0.4,159.0,10,53
996,5.497265010490082e-05,-0.28765130043029785,-0.04,118.225,1.0,1.0,,1,30,0.3,160.1,10,53
997,1.6523435988347046e-05,-0.22675327956676483,-0.0,13.248,1.0,1.0,,1,28,0.5,169.7,10,56
998,4.813672057935037e-05,-0.3589228391647339,0.03,-87.407,1.0,1.0,,1,30,0.3,163.6,10,54
999,-4.451172208064236e-05,-0.2590824365615845,-0.01,41.128,1.0,1.0,,1,30,0.2,156.4,10,50
1000,5.973628503852524e-06,-0.28563186526298523,0.01,-34.674,1.0,1.0,,1,30,0.3,180.6,10,60
1001,3.305859354441054e-05,-0.26907452940940857,0.08,-231.6,1.0,1.0,,1,29,0.4,170.0,10,56
1002,-0.0002454287314321846,-0.31582242250442505,-0.01,13.726,1.0,1.0,,1,29,0.4,179.7,10,57
1003,1.0403320629848167e-05,-0.334766149520874,0.01,-19.335,1.0,1.0,,1,27,0.2,155.4,10,52
1004,-3.194922464899719e-05,-0.23022159934043884,0.02,-50.659,1.0,1.0,,1,27,0.4,169.8,10,53
1005,-4.0368176996707916e-05,-0.3389115035533905,-0.02,56.004,1.0,1.0,,1,27,0.2,164.0,10,54
1006,6.633593875449151e-05,-0.22906643152236938,0.04,-102.003,1.0,1.0,,1,29,0.3,191.3,10,62
1007,-7.837890734663233e-05,-0.25681543350219727,0.01,-23.949,1.0,1.0,,1,28,0.6,186.8,10,59
1008,2.958007826237008e-05,-0.354836642742157,0.02,-67.261,1.0,1.0,,1,29,0.4,176.1,10,56
1009,0.0001060361391864717,-0.3152284026145935,0.01,-27.327,1.0,1.0,,1,30,0.2,155.6,10,53
1010,7.320506847463548e-05,-0.20568978786468506,0.01,-20.978,1.0,1.0,,1,30,0.3,179.0,10,56
1011,1.544824226584751e-05,-0.3031254708766937,0.09,-256.791,1.0,1.0,,1,29,0.4,140.1,10,47
1012,-0.00015832812641747296,-0.31037572026252747,0.01,-34.373,1.0,1.0,,1,25,0.3,144.6,10,50
1013,4.835742220166139e-05,-0.2432834804058075,0.0,0.0,1.0,1.0,,1,25,0.3,151.3,10,50
1014,0.0,-0.2572483420372009,0.01,-38.013,1.0,1.0,,8,24,0.1,149.4,10,50
1015,4.109082874492742e-05,-0.23960167169570923,0.03,-68.023,1.0,1.0,,1,23,0.2,172.3,10,54
1016,-0.00021079202997498214,-0.1896909475326538,-0.03,73.513,1.0,1.0,,8,22,0.2,149.2,10,50
1017,8.78807986737229e-06,-0.22902271151542664,0.04,-120.195,1.0,1.0,,1,20,0.1,153.2,10,51
1018,6.453320384025574e-05,-0.14162452518939972,0.04,-107.398,1.0,1.0,,7,21,0.4,169.8,10,57
1019,-5.4745119996368885e-05,-0.33316347002983093,0.01,-30.418,1.0,1.0,,7,20,0.2,149.1,10,50
1020,-7.845313666621223e-05,-0.283425509929657,-0.07,197.198,1.0,1.0,,7,20,0.4,152.8,10,52
1021,-0.00021677641780115664,-0.29221075773239136,-0.02,65.615,1.0,1.0,,7,20,0.2,147.4,10,51
1022,1.6308513295371085e-07,-0.22287186980247498,-0.06,183.786,1.0,1.0,,2,21,0.4,159.4,10,52
1023,-4.397475549922092e-06,-0.3477732539176941,-0.01,31.271,1.0,1.0,,2,21,0.3,148.3,10,51
1024,-5.0380876928102225e-06,-0.2337299883365631,0.01,-24.271,1.0,1.0,,2,20,0.3,159.1,10,53
1025,2.9701172024942935e-05,-0.2469976842403412,-0.02,69.948,1.0,1.0,,2,19,0.2,145.2,10,49
1026,-7.634961366420612e-05,-0.2561631500720978,-0.02,56.977,1.0,1.0,,4,20,0.3,155.7,10,52
1027,-6.045508780516684e-05,-0.28319647908210754,0.03,-76.363,1.0,1.0,,4,21,0.4,178.6,10,57
1028,8.236425492214039e-05,-0.32409602403640747,0.06,-187.813,1.0,1.0,,4,20,0.1,154.3,10,52
1029,4.2453131754882634e-05,-0.18982908129692078,-0.03,87.47,1.0,1.0,,4,19,0.3,147.9,10,49
1030,3.750780888367444e-05,-0.2528266906738281,0.03,-75.244,1.0,1.0,,4,19,0.3,165.5,10,55
1031,-8.337499457411468e-05,-0.2639620304107666,0.03,-93.02,1.0,1.0,,2,19,0.2,156.8,10,52
1032,8.47402261570096e-05,-0.2789760231971741,0.03,-99.322,1.0,1.0,,2,20,0.1,142.5,10,49
1033,-0.00011217480641789734,-0.23441645503044128,-0.03,88.638,1.0,1.0,,2,20,0.5,154.7,10,51
1034,-5.467676237458363e-05,-0.35974642634391785,-0.01,24.666,1.0,1.0,,2,22,0.1,136.9,10,48
1035,-2.933596078946721e-06,-0.20851613581180573,0.01,-31.134,1.0,1.0,,2,22,0.4,167.9,10,55
1036,4.190624167677015e-05,-0.27358847856521606,0.02,-56.571,1.0,1.0,,2,20,0.1,133.7,10,49
1037,-7.32851549400948e-05,-0.23519346117973328,0.07,-203.459,1.0,1.0,,2,21,0.5,193.6,10,58
1038,-9.249024151358753e-05,-0.4008621573448181,-0.02,59.387,1.0,1.0,,1,22,0.2,153.9,10,51
1039,-0.0002108818298438564,-0.2855824828147888,-0.03,100.756,1.0,1.0,,1,21,0.2,176.9,10,56
1040,0.00010886036034207791,-0.23079824447631836,-0.03,72.563,1.0,1.0,,1,22,0.2,158.7,10,53
1041,6.175780981720891e-06,-0.18077528476715088,0.01,-27.012,1.0,1.0,,1,22,0.4,162.5,10,55
1042,2.6328123567509465e-05,-0.29912519454956055,0.01,-32.486,1.0,1.0,,1,22,0.3,189.6,10,59
1043,3.016210757778026e-05,-0.29826444387435913,-0.0,11.955,1.0,1.0,,1,23,0.5,178.3,10,60
1044,-2.79580144706415e-05,-0.30930471420288086,-0.02,51.596,1.0,1.0,,1,23,0.4,173.8,10,56
1045,1.0889647455769591e-05,-0.2663680911064148,-0.0,18.261,1.0,1.0,,1,25,0.0,131.4,10,47
1046,-3.413574449950829e-05,-0.16729219257831573,-0.03,84.598,1.0,1.0,,1,23,0.3,156.3,10,55
1047,6.918457802385092e-05,-0.20778843760490417,-0.04,130.846,1.0,1.0,,1,23,0.4,156.1,10,51
1048,2.7801754185929894e-05,-0.36636778712272644,-0.02,76.002,1.0,1.0,,1,23,0.3,165.8,10,56
1049,5.441893881652504e-05,-0.2788398563861847,0.01,-30.9,1.0,1.0,,1,23,0.2,163.0,10,54
1050,-2.237597800558433e-05,-0.22526371479034424,-0.01,31.812,1.0,1.0,,1,23,0.1,141.4,10,50
1051,5.311521817930043e-06,-0.20469534397125244,-0.01,29.603,1.0,1.0,,1,21,0.0,139.2,10,48
1052,-7.561329402960837e-05,-0.15229865908622742,0.01,-13.922,1.0,1.0,,1,22,0.2,159.9,10,54
1053,-3.3251972126890905e-06,-0.27317696809768677,0.0,-3.695,1.0,1.0,,1,21,0.5,164.4,10,52
1054,3.389648554730229e-05,-0.37018221616744995,0.05,-148.219,1.0,1.0,,1,19,0.5,155.1,10,50
1055,-3.610548083088361e-05,-0.3849921226501465,0.01,-30.764,1.0,1.0,,1,20,0.4,149.0,10,51
1056,1.085155236069113e-05,-0.33465707302093506,0.05,-147.769,1.0,1.0,,1,20,0.3,162.5,10,55
1057,2.4943352400441654e-05,-0.24442891776561737,-0.03,70.414,1.0,1.0,,1,20,0.3,164.2,10,53
1058,-2.021289947151672e-05,-0.24631604552268982,-0.02,64.434,1.0,1.0,,1,20,0.4,159.2,10,52
1059,4.95322237838991e-05,-0.27455151081085205,0.01,-15.742,1.0,1.0,,1,22,0.6,166.7,10,54
1060,2.5204091798514128e-05,-0.40879589319229126,-0.01,28.844,1.0,1.0,,1,20,0.3,159.7,10,53
1061,-2.1049809220130555e-05,-0.31573277711868286,0.0,-9.004,1.0,1.0,,7,19,0.4,179.7,10,57
1062,9.930667147273198e-06,-0.34158238768577576,-0.0,16.394,1.0,1.0,,7,21,0.2,177.6,10,56
1063,-0.00015441994764842093,-0.262654572725296,-0.01,40.105,1.0,1.0,,8,21,0.5,163.1,10,53
1064,1.9834955310216174e-05,-0.37349122762680054,-0.01,35.82,1.0,1.0,,7,21,0.5,166.1,10,54
1065,7.864255167078227e-06,-0.3948962092399597,0.02,-65.094,1.0,1.0,,8,22,0.2,160.5,10,53
1066,-5.3328123613027856e-05,-0.2647587060928345,0.0,0.0,1.0,1.0,,8,23,0.3,157.0,10,52
1067,0.0,-0.2870800793170929,0.0,-10.139,1.0,1.0,,8,24,0.4,167.4,10,55
1068,-1.4137692232907284e-05,-0.296974241733551,0.02,-44.207,1.0,1.0,,8,24,0.3,143.3,10,49
1069,-0.00014097557868808508,-0.2161840945482254,-0.02,64.619,1.0,1.0,,8,22,0.1,165.7,10,54
1070,0.00010068555275211111,-0.17401222884655,-0.01,28.506,1.0,1.0,,8,23,0.1,123.9,10,45
1071,0.00010820019815582782,-0.152775377035141,-0.05,154.103,1.0,1.0,,8,21,0.4,148.5,10,49
1072,-7.612111221533269e-05,-0.3824920058250427,0.05,-144.985,1.0,1.0,,7,20,0.3,157.5,10,51
1073,-0.00011043848644476384,-0.32102280855178833,0.01,-21.858,1.0,1.0,,7,21,0.3,155.1,10,51
1074,8.240916940849274e-05,-0.29663917422294617,0.02,-58.299,1.0,1.0,,7,19,0.6,200.9,10,61
1075,5.859373686689651e-06,-0.37247008085250854,0.05,-133.381,1.0,1.0,,7,21,0.2,124.1,10,44
1076,8.472948684357107e-05,-0.24487221240997314,-0.01,14.089,1.0,1.0,,8,21,0.4,159.8,10,53
1077,-4.247851757099852e-05,-0.31697413325309753,0.03,-77.758,1.0,1.0,,7,22,0.3,168.8,10,56
1078,-2.1035168174421415e-05,-0.31876683235168457,-0.01,27.63,1.0,1.0,,7,21,0.3,182.2,10,58
1079,2.7777341529144906e-05,-0.23453086614608765,0.0,-8.65,1.0,1.0,,8,24,0.3,168.1,10,57
1080,-2.086719177896157e-05,-0.32238760590553284,-0.0,10.653,1.0,1.0,,8,26,0.1,144.6,10,50
1081,4.0093742427416146e-05,-0.19411471486091614,-0.0,13.575,1.0,1.0,,8,26,0.3,168.6,10,54
1082,1.1561523933778517e-05,-0.26363062858581543,-0.01,25.736,1.0,1.0,,8,23,0.3,172.7,10,55
1083,6.056250276742503e-05,-0.26648956537246704,0.04,-124.301,1.0,1.0,,8,23,0.2,147.6,10,51
1084,-1.8290984371560626e-06,-0.21084648370742798,-0.0,9.789,1.0,1.0,,8,24,0.3,151.1,10,51
1085,1.2211912689963356e-05,-0.2519453465938568,0.02,-67.08,1.0,1.0,,8,24,0.6,169.7,10,54
1086,-9.943458280758932e-05,-0.38045892119407654,0.01,-39.992,1.0,1.0,,8,25,0.4,175.0,10,58
1087,1.81591840373585e-05,-0.28535839915275574,0.02,-57.481,1.0,1.0,,8,23,0.3,157.9,10,53
1088,-0.0001803818449843675,-0.29417651891708374,-0.03,81.071,1.0,1.0,,7,24,0.4,168.8,10,54
1089,-0.00010563378600636497,-0.31514063477516174,0.03,-95.166,1.0,1.0,,7,25,0.2,141.3,10,48
1090,2.0253792172297835e-06,-0.2704777717590332,0.06,-154.336,1.0,1.0,,7,26,0.4,159.7,10,52
1091,-5.2492196118691936e-05,-0.31245100498199463,0.02,-52.321,1.0,1.0,,7,27,0.3,150.2,10,50
1092,-7.53085914766416e-05,-0.24805256724357605,0.01,-27.536,1.0,1.0,,7,29,0.2,154.8,10,52
1093,-2.235742431366816e-05,-0.23204855620861053,-0.0,10.747,1.0,1.0,,7,26,0.4,165.6,10,53
1094,5.6383789342362434e-05,-0.3342597484588623,0.03,-95.196,1.0,1.0,,7,27,0.5,154.6,10,53
1095,-1.7704103811411187e-05,-0.3944016098976135,0.03,-92.466,1.0,1.0,,7,27,0.2,167.8,10,55
1096,-9.752940968610346e-06,-0.2272978127002716,-0.01,21.421,1.0,1.0,,7,28,0.1,152.0,10,53
1097,-0.0001263027370441705,-0.15669715404510498,-0.01,39.78,1.0,1.0,,7,28,0.5,166.7,10,54
1098,-7.256252138176933e-05,-0.3521918058395386,-0.01,16.57,1.0,1.0,,7,29,0.3,173.5,10,57
1099,1.2114253877371084e-05,-0.27411267161369324,0.0,-10.699,1.0,1.0,,7,32,0.3,172.8,10,56
1100,1.4335896594275255e-06,-0.29077649116516113,0.02,-75.254,1.0,1.0,,7,36,0.4,164.8,10,52
1101,4.0203121898230165e-05,-0.3552455008029938,0.02,-65.52,1.0,1.0,,7,35,0.2,178.4,10,57
1102,-1.7294933059019968e-06,-0.24901911616325378,-0.04,115.322,1.0,1.0,,7,31,0.3,156.1,10,52
1103,-3.743067281902768e-05,-0.24978937208652496,-0.02,65.157,1.0,1.0,,7,32,0.3,173.8,10,58
1104,-6.95742346579209e-05,-0.26431095600128174,-0.03,92.141,1.0,1.0,,7,31,0.2,168.1,10,56
1105,-1.5659186828997917e-05,-0.20612609386444092,-0.04,122.227,1.0,1.0,,7,31,0.3,157.7,10,53
1106,-0.00010708693298511207,-0.2547726631164551,0.02,-49.772,1.0,1.0,,7,35,0.4,153.0,10,51
1107,-2.6138681278098375e-05,-0.3238946795463562,-0.01,11.593,1.0,1.0,,7,35,0.3,170.0,10,54
1108,-0.00011054492642870173,-0.21736925840377808,-0.02,73.384,1.0,1.0,,7,34,0.2,139.2,10,48
1109,-4.3660162191372365e-05,-0.21000751852989197,-0.02,49.022,1.0,1.0,,7,36,0.4,178.2,10,58
1110,3.1728500289318617e-06,-0.29014018177986145,-0.09,272.038,1.0,1.0,,7,33,0.6,197.5,10,61
1111,-0.00011930175242014229,-0.34918972849845886,-0.01,33.007,1.0,1.0,,7,30,0.5,174.3,10,57
1112,-3.193848533555865e-05,-0.34638845920562744,-0.02,64.325,1.0,1.0,,7,26,0.5,207.1,10,63
1113,-6.734961789334193e-05,-0.38338056206703186,-0.02,50.46,1.0,1.0,,7,28,0.2,163.7,10,56
1114,-6.434864917537197e-05,-0.19822733104228973,-0.01,46.96,1.0,1.0,,7,28,0.3,174.1,10,56
1115,1.7293941709795035e-05,-0.30345362424850464,-0.03,89.951,1.0,1.0,,7,31,0.3,176.7,10,58
1116,-0.00014062109403312206,-0.2601770758628845,-0.01,32.263,1.0,1.0,,7,32,0.3,161.0,10,55
1117,8.616211744083557e-06,-0.22375407814979553,0.01,-9.903,1.0,1.0,,7,30,0.4,158.7,10,52
1118,9.716814020066522e-06,-0.37008851766586304,-0.02,47.479,1.0,1.0,,7,29,0.3,152.5,10,50
1119,5.3006831876700744e-05,-0.2602989375591278,-0.01,30.376,1.0,1.0,,7,30,0.4,170.9,10,54
1120,5.6225588195957243e-05,-0.3377247452735901,0.01,-22.14,1.0,1.0,,7,27,0.5,164.0,10,53
1121,-6.1696300690528e-05,-0.34053704142570496,-0.04,140.714,1.0,1.0,,7,29,0.4,167.5,10,55
1122,-0.00012007520854240283,-0.2977396547794342,-0.01,32.817,1.0,1.0,,7,28,0.6,162.4,10,52
1123,-3.168066905345768e-05,-0.39297473430633545,0.0,-9.836,1.0,1.0,,7,25,0.4,162.2,10,54
1124,-2.514746483939234e-05,-0.2840193510055542,0.0,-9.55,1.0,1.0,,7,26,0.3,154.8,10,51
1125,3.8240232242969796e-05,-0.2655130624771118,-0.04,113.344,1.0,1.0,,7,26,0.6,186.6,10,57
1126,-4.4093747419537976e-05,-0.4135478138923645,0.02,-55.116,1.0,1.0,,7,25,0.2,158.7,10,51
1127,-0.0001163437555078417,-0.22483165562152863,0.02,-46.139,1.0,1.0,,7,24,0.3,155.2,10,53
1128,4.182128031970933e-05,-0.2545914947986603,0.0,0.0,1.0,1.0,,8,22,0.3,175.1,10,56
1129,0.0,-0.3029198944568634,0.01,-23.879,1.0,1.0,,8,22,0.2,134.4,10,48
1130,-1.6796875570435077e-05,-0.21805477142333984,0.0,-11.078,1.0,1.0,,3,23,0.3,173.8,10,55
1131,8.813478416414e-06,-0.28701251745224,0.01,-32.877,1.0,1.0,,8,22,0.2,162.5,10,54
1132,-5.374024112825282e-06,-0.2408541589975357,0.01,-41.637,1.0,1.0,,8,23,0.3,158.7,10,52
1133,8.624999281892087e-06,-0.29786401987075806,-0.01,21.875,1.0,1.0,,8,22,0.2,143.2,10,50
1134,9.824143489822745e-07,-0.24254386126995087,0.01,-16.891,1.0,1.0,,3,22,0.4,157.7,10,53
1135,-9.23701300052926e-05,-0.32614946365356445,-0.03,87.993,1.0,1.0,,3,22,0.3,162.4,10,54
1136,-6.708398723276332e-05,-0.23109738528728485,0.0,-7.699,1.0,1.0,,7,21,0.4,175.2,10,54
1137,-1.373339728161227e-05,-0.34425848722457886,-0.02,59.159,1.0,1.0,,7,21,0.2,160.8,10,55
1138,-4.602832632372156e-05,-0.18906712532043457,0.02,-51.012,1.0,1.0,,7,21,0.1,159.7,10,54
1139,-3.5935547202825546e-05,-0.21465660631656647,0.01,-21.572,1.0,1.0,,7,22,0.3,166.7,10,53
1140,-5.318944749888033e-05,-0.24888238310813904,0.01,-20.869,1.0,1.0,,7,24,0.2,151.5,10,51
1141,-2.8081070922780782e-05,-0.21255113184452057,-0.01,26.908,1.0,1.0,,7,23,0.3,170.5,10,55
1142,5.220409730100073e-05,-0.27706122398376465,0.01,-33.459,1.0,1.0,,7,22,0.4,160.5,10,53
1143,-8.494141184200998e-06,-0.34142452478408813,0.06,-170.116,1.0,1.0,,7,22,0.5,159.2,10,52
1144,-0.0002085878950310871,-0.35187989473342896,-0.05,147.475,1.0,1.0,,3,21,0.5,162.0,10,54
1145,-2.747753751464188e-05,-0.36501339077949524,0.01,-41.26,1.0,1.0,,3,21,0.5,162.9,10,55
1146,3.3458978577982634e-05,-0.3140183687210083,-0.0,-1.2,1.0,1.0,,3,20,0.4,180.4,10,57
1147,-0.00010184961138293147,-0.28035420179367065,0.01,-28.758,1.0,1.0,,3,20,0.3,158.8,10,52
1148,-6.69980508973822e-05,-0.24805998802185059,0.04,-100.684,1.0,1.0,,7,20,0.4,179.2,10,57
1149,-8.797858754405752e-06,-0.3300640881061554,-0.03,86.467,1.0,1.0,,8,19,0.2,163.1,10,53
1150,5.3322259191190824e-05,-0.22878949344158173,0.03,-92.227,1.0,1.0,,8,21,0.4,183.4,10,57
1151,-1.2246096957824193e-05,-0.3779500126838684,-0.03,82.505,1.0,1.0,,3,20,0.3,152.4,10,52
1152,-1.1367201295797713e-05,-0.23152980208396912,-0.01,23.149,1.0,1.0,,8,20,0.2,153.3,10,51
1153,-6.62314414512366e-05,-0.223465234041214,0.03,-77.459,1.0,1.0,,2,21,0.4,182.2,10,59
1154,-1.4230470696929842e-05,-0.2483968585729599,0.03,-92.885,1.0,1.0,,2,20,0.5,169.1,10,56
1155,-0.00014908204320818186,-0.3131859302520752,0.01,-44.436,1.0,1.0,,3,21,0.6,174.0,10,57
1156,5.961915576335741e-06,-0.3653958737850189,0.04,-114.837,1.0,1.0,,3,21,0.4,166.8,10,56
1157,-2.6968749807565473e-05,-0.3284536600112915,-0.01,25.588,1.0,1.0,,8,23,0.4,170.6,10,55
1158,-0.0001587549049872905,-0.3127015233039856,0.0,0.0,1.0,1.0,,3,21,0.4,163.6,10,55
1159,0.0,-0.33755195140838623,0.02,-65.719,1.0,1.0,,3,21,0.3,153.5,10,53
1160,-0.00010351953096687794,-0.23113229870796204,0.07,-193.185,1.0,1.0,,3,19,0.2,163.6,10,54
1161,2.4513645257684402e-05,-0.23284097015857697,0.01,-13.004,1.0,1.0,,3,19,0.3,168.1,10,56
1162,-3.0942392186261714e-05,-0.26736313104629517,-0.01,23.156,1.0,1.0,,8,19,0.3,167.2,10,55
1163,-5.95673882344272e-05,-0.30112650990486145,0.06,-146.552,1.0,1.0,,3,21,0.4,162.1,10,53
1164,-0.00010735156683949754,-0.35296863317489624,0.01,-27.987,1.0,1.0,,3,23,0.4,201.2,10,63
1165,-2.0312791093601845e-07,-0.29114148020744324,0.05,-127.463,1.0,1.0,,3,22,0.4,144.1,10,49
1166,-4.4453146983869374e-05,-0.3048500120639801,-0.0,1.714,1.0,1.0,,3,23,0.1,163.6,10,55
1167,-2.7541991585167125e-05,-0.20571772754192352,0.03,-81.295,1.0,1.0,,3,21,0.5,166.5,10,56
1168,-3.286133141955361e-05,-0.3359418213367462,0.02,-57.334,1.0,1.0,,2,23,0.1,142.4,10,50
1169,-2.0379880879772827e-05,-0.2285843789577484,0.0,0.0,1.0,1.0,,2,24,0.4,175.6,10,57
1170,0.0,-0.24830368161201477,0.02,-69.109,1.0,1.0,,3,23,0.2,146.0,10,52
1171,-2.8971680876566097e-05,-0.20251896977424622,-0.04,120.021,1.0,1.0,,3,22,0.4,157.0,10,50
1172,-0.00016929394041653723,-0.32544416189193726,0.01,-28.37,1.0,1.0,,3,24,0.2,130.4,10,47
1173,-3.028711216757074e-05,-0.26935362815856934,0.01,-28.856,1.0,1.0,,2,21,0.2,149.5,10,52
1174,-1.2941406566824298e-05,-0.2225351780653,0.02,-51.323,1.0,1.0,,3,23,0.2,148.3,10,51
1175,2.4282227968797088e-05,-0.20100179314613342,-0.01,20.433,1.0,1.0,,3,25,0.3,171.4,10,57
1176,-3.468750037427526e-06,-0.28568750619888306,-0.0,0.198,1.0,1.0,,3,26,0.4,160.9,10,53
1177,-2.621582279971335e-05,-0.33877691626548767,-0.04,101.808,1.0,1.0,,3,26,0.4,142.8,10,49
1178,6.59120996715501e-05,-0.3151446282863617,-0.04,107.588,1.0,1.0,,3,30,0.3,167.5,10,54
1179,-2.457226401020307e-05,-0.26620933413505554,-0.02,51.852,1.0,1.0,,3,32,0.5,163.4,10,54
1180,6.624023080803454e-05,-0.3327532410621643,-0.0,17.013,1.0,1.0,,3,33,0.2,169.9,10,56
1181,-2.437598777760286e-05,-0.2165278047323227,-0.04,133.918,1.0,1.0,,3,31,0.1,146.0,10,52
1182,-3.4315431548748165e-05,-0.19715231657028198,0.03,-91.264,1.0,1.0,,3,31,0.2,157.7,10,53
1183,-0.00010142091196030378,-0.2368614673614502,0.05,-146.994,1.0,1.0,,3,32,0.4,159.2,10,52
1184,-3.564160215319134e-05,-0.338842511177063,0.01,-35.591,1.0,1.0,,3,30,0.2,159.6,10,54
1185,5.377343768486753e-05,-0.2499067187309265,-0.03,84.789,1.0,1.0,,3,30,0.2,167.1,10,56
1186,1.356835855403915e-05,-0.24467478692531586,-0.02,49.027,1.0,1.0,,3,29,0.3,169.4,10,56
1187,-4.094824180356227e-05,-0.2378101348876953,0.03,-83.035,1.0,1.0,,3,27,0.3,183.6,10,61
1188,-5.136807885719463e-07,-0.2816953659057617,0.04,-114.449,1.0,1.0,,3,26,0.5,158.0,10,50
1189,-6.691015732940286e-05,-0.3807223439216614,0.03,-93.342,1.0,1.0,,3,27,0.6,187.5,10,57
1190,-0.0001552734465803951,-0.4228547513484955,0.0,0.0,1.0,1.0,,3,28,0.5,187.7,10,62
1191,0.0,-0.33387500047683716,-0.01,24.63,1.0,1.0,,3,30,0.3,164.8,10,53
1192,-6.689844303764403e-05,-0.2575153112411499,0.03,-91.152,1.0,1.0,,3,30,0.4,174.9,10,57
1193,5.7623041357146576e-05,-0.33276689052581787,0.01,-41.58,1.0,1.0,,3,31,0.2,136.5,10,47
1194,-0.00010043555084848776,-0.2283576875925064,-0.0,10.097,1.0,1.0,,3,35,0.3,140.9,10,49
1195,3.7031222746009007e-06,-0.27460572123527527,-0.03,84.876,1.0,1.0,,3,32,0.1,162.3,10,52
1196,-1.933496241690591e-05,-0.2141561508178711,0.0,0.0,1.0,1.0,,3,29,0.4,165.0,10,55
1197,0.0,-0.30561894178390503,0.0,-9.709,1.0,1.0,,3,27,0.4,172.9,10,57
1198,-0.00017754395958036184,-0.3282870054244995,-0.05,151.55,1.0,1.0,,3,26,0.6,151.6,10,49
1199,-1.193848584080115e-05,-0.3934888541698456,-0.01,22.006,1.0,1.0,,7,30,0.2,151.4,10,53
1200,-2.5055665901163593e-05,-0.23564988374710083,0.03,-69.696,1.0,1.0,,7,28,0.3,148.7,10,51
1201,-4.6009765355847776e-05,-0.25279104709625244,-0.01,16.652,1.0,1.0,,7,29,0.4,162.9,10,53
1202,9.375000445288606e-06,-0.3731880784034729,-0.01,36.422,1.0,1.0,,3,31,0.5,168.2,10,55
1203,6.303221744019538e-05,-0.35941338539123535,-0.04,139.231,1.0,1.0,,3,31,0.5,168.4,10,55
1204,-3.8974598282948136e-05,-0.3582741320133209,-0.01,17.776,1.0,1.0,,3,30,0.3,143.6,10,49
1205,0.00010757129348348826,-0.27225354313850403,-0.03,100.217,1.0,1.0,,3,31,0.5,185.4,10,61
1206,1.944433643075172e-05,-0.33046770095825195,-0.0,5.661,1.0,1.0,,3,33,0.6,183.7,10,60
1207,-2.6756850274978206e-05,-0.3775244653224945,0.03,-87.956,1.0,1.0,,3,33,0.1,144.6,10,50
1208,-5.9570320445345715e-05,-0.15555915236473083,-0.01,22.005,1.0,1.0,,3,35,0.4,155.5,10,51
1209,1.7421865777578205e-05,-0.31912896037101746,0.0,0.0,1.0,1.0,,3,36,0.3,149.5,10,51
1210,0.0,-0.2689700126647949,-0.0,13.575,1.0,1.0,,3,37,0.3,159.4,10,53
1211,1.1561523933778517e-05,-0.2448287308216095,0.01,-35.417,1.0,1.0,,3,37,0.2,151.2,10,52
1212,-7.833985728211701e-05,-0.23861545324325562,0.04,-129.056,1.0,1.0,,3,33,0.2,144.5,10,50
1213,-0.00016521487850695848,-0.21902714669704437,-0.0,1.474,1.0,1.0,,3,36,0.5,177.5,10,58
1214,1.4422851563722361e-05,-0.3540581464767456,-0.04,120.612,1.0,1.0,,3,36,0.2,155.0,10,53
1215,-7.795606506988406e-05,-0.28045088052749634,-0.0,8.722,1.0,1.0,,3,34,0.3,147.8,10,51
1216,5.613280336547177e-06,-0.2758035659790039,0.0,0.0,1.0,1.0,,3,31,0.2,154.6,10,52
1217,0.0,-0.21553292870521545,0.02,-81.661,1.0,1.0,,3,32,0.4,197.0,10,63
1218,-3.985364855907392e-06,-0.3450220823287964,0.04,-111.797,1.0,1.0,,3,27,0.2,150.9,10,52
1219,-2.154300091206096e-06,-0.25829964876174927,-0.0,10.292,1.0,1.0,,3,28,0.1,149.5,10,51
1220,-1.3513677004084457e-05,-0.18857355415821075,0.0,-2.679,1.0,1.0,,3,26,0.3,178.0,10,57
1221,4.875973900198005e-06,-0.2760016620159149,-0.01,19.578,1.0,1.0,,3,24,0.3,166.0,10,56
1222,3.458202991168946e-05,-0.23473955690860748,-0.01,38.875,1.0,1.0,,3,24,0.2,134.9,10,46
1223,1.804198109311983e-05,-0.24950668215751648,0.0,-3.768,1.0,1.0,,3,23,0.4,169.8,10,55
1224,2.9612301659653895e-05,-0.34813743829727173,0.01,-18.002,1.0,1.0,,3,24,0.2,156.4,10,53
1225,1.3111326552461833e-05,-0.24435557425022125,-0.01,22.221,1.0,1.0,,3,22,0.2,162.0,10,53
1226,-7.30625179130584e-05,-0.2911125421524048,-0.01,18.239,1.0,1.0,,4,22,0.3,150.0,10,53
1227,3.394238228793256e-05,-0.3081890344619751,0.0,-4.001,1.0,1.0,,4,22,0.5,167.6,10,54
1228,-2.4599614789622137e-06,-0.4111149311065674,0.01,-31.552,1.0,1.0,,3,23,0.4,165.3,10,55
1229,-1.8296872440259904e-05,-0.3553846478462219,-0.01,22.297,1.0,1.0,,3,22,0.2,156.3,10,53
1230,1.7174803360830992e-05,-0.2455562949180603,-0.02,53.236,1.0,1.0,,3,21,0.3,161.0,10,54
1231,2.064550790237263e-05,-0.30191153287887573,-0.0,7.517,1.0,1.0,,2,21,0.6,192.1,10,59
1232,2.4912107619456947e-05,-0.3456019461154938,0.02,-54.865,1.0,1.0,,4,22,0.4,163.7,10,54
1233,1.7628899513510987e-05,-0.3511674702167511,-0.04,134.199,1.0,1.0,,7,24,0.5,162.9,10,52
1234,-6.96269707987085e-05,-0.40657278895378113,0.01,-32.739,1.0,1.0,,3,22,0.2,160.6,10,54
1235,-6.27929694019258e-06,-0.27434515953063965,-0.01,27.131,1.0,1.0,,3,22,0.5,176.0,10,57
1236,-0.0001245419989572838,-0.3077840805053711,0.0,-13.796,1.0,1.0,,4,23,0.4,147.8,10,50
1237,-1.6144536857609637e-05,-0.32750821113586426,-0.0,9.49,1.0,1.0,,4,21,0.4,171.9,10,55
1238,-3.960351750720292e-05,-0.2943299114704132,0.02,-65.45,1.0,1.0,,3,21,0.5,173.7,10,55
1239,2.985351784445811e-06,-0.33764028549194336,-0.01,32.298,1.0,1.0,,7,22,0.3,156.5,10,53
1240,-2.4325196136487648e-05,-0.250266432762146,0.05,-130.055,1.0,1.0,,3,22,0.4,190.0,10,60
1241,-7.3544997576391324e-06,-0.33070945739746094,0.0,0.0,1.0,1.0,,7,22,0.4,178.9,10,57
1242,0.0,-0.3034687340259552,-0.0,-0.883,1.0,1.0,,7,23,0.4,149.9,10,50
1243,-3.9765633118804544e-05,-0.29185158014297485,-0.01,22.29,1.0,1.0,,7,23,0.3,183.7,10,60
1244,-1.4257884686230682e-06,-0.2570887804031372,0.04,-103.943,1.0,1.0,,7,22,0.4,158.9,10,52
1245,6.870117431390099e-06,-0.2654876708984375,0.0,-2.676,1.0,1.0,,2,22,0.5,173.6,10,55
1246,4.027539034723304e-05,-0.393912136554718,-0.0,0.191,1.0,1.0,,7,22,0.2,169.6,10,54
1247,-7.126563286874443e-05,-0.2192433476448059,-0.0,1.5,1.0,1.0,,2,22,0.5,179.8,10,58
1248,-8.559578418498859e-06,-0.30897653102874756,-0.04,102.883,1.0,1.0,,2,22,0.7,187.7,10,58
1249,-1.937012348207645e-05,-0.44101467728614807,-0.0,12.714,1.0,1.0,,2,23,0.1,148.8,10,51
1250,1.7138663679361343e-06,-0.19732186198234558,0.01,-40.453,1.0,1.0,,2,23,0.3,161.0,10,53
1251,2.1816406388097676e-06,-0.29475533962249756,-0.09,267.32,1.0,1.0,,2,23,0.3,176.6,10,56
1252,-0.00015753420302644372,-0.29825103282928467,0.05,-145.542,1.0,1.0,,2,23,0.3,152.3,10,52
1253,-8.113769581541419e-05,-0.2587125301361084,0.0,0.0,1.0,1.0,,2,26,0.4,186.0,10,59
1254,0.0,-0.33386552333831787,0.0,-9.326,1.0,1.0,,2,28,0.7,178.0,10,57
1255,1.4430661394726485e-05,-0.37194517254829407,-0.02,61.607,1.0,1.0,,2,30,0.4,167.9,10,54
1256,-9.080861491383985e-05,-0.3200590908527374,0.03,-82.352,1.0,1.0,,2,30,0.7,185.4,10,58
1257,-7.047363760648295e-05,-0.47005289793014526,0.0,0.0,1.0,1.0,,2,28,0.5,182.6,10,58
1258,0.0,-0.3734261095523834,-0.01,23.205,1.0,1.0,,2,26,0.2,149.9,10,52
1259,0.00010502928489586338,-0.23536330461502075,0.01,-41.058,1.0,1.0,,2,24,0.5,176.3,10,56
1260,3.009375541296322e-05,-0.36495494842529297,0.05,-134.805,1.0,1.0,,2,23,0.1,157.2,10,53
1261,-9.814160875976086e-05,-0.20802396535873413,0.03,-74.304,1.0,1.0,,2,22,0.4,173.0,10,55
1262,-0.00010420607577543706,-0.35795366764068604,0.03,-81.16,1.0,1.0,,3,23,0.3,152.4,10,51
1263,8.652295946376398e-07,-0.2268964797258377,-0.01,18.771,1.0,1.0,,3,23,0.2,158.1,10,54
1264,-6.112307346484158e-06,-0.25090697407722473,0.0,-1.741,1.0,1.0,,3,25,0.4,165.4,10,54
1265,2.208981186413439e-06,-0.3533158600330353,0.01,-20.979,1.0,1.0,,3,25,0.3,135.6,10,48
1266,-3.1787112675374374e-05,-0.3069654703140259,0.03,-73.757,1.0,1.0,,3,25,0.2,165.1,10,53
1267,-1.3432618288788944e-05,-0.23640358448028564,-0.01,16.652,1.0,1.0,,3,25,0.3,145.6,10,49
1268,1.0107421985594556e-05,-0.24997678399085999,-0.05,141.994,1.0,1.0,,3,26,0.2,142.3,10,49
1269,-6.388965266523883e-05,-0.22625146806240082,-0.01,38.407,1.0,1.0,,3,26,0.2,136.0,10,46
1270,1.7896485587698407e-05,-0.2077866643667221,-0.01,24.815,1.0,1.0,,3,25,0.5,190.0,10,59
1271,6.175097223604098e-05,-0.36372679471969604,0.04,-116.127,1.0,1.0,,3,25,0.4,185.8,10,61
1272,-4.589648960973136e-05,-0.3094233274459839,0.04,-128.659,1.0,1.0,,3,26,0.3,174.2,10,58
1273,7.440625631716102e-05,-0.2662739157676697,0.0,-7.637,1.0,1.0,,3,26,0.2,144.7,10,51
1274,-3.7578120100079104e-06,-0.2464105486869812,-0.03,74.016,1.0,1.0,,3,26,0.2,163.2,10,53
1275,-1.553613765281625e-05,-0.24375130236148834,-0.01,20.604,1.0,1.0,,3,25,0.2,165.7,10,57
1276,-5.1614264521049336e-05,-0.2297489196062088,-0.0,8.748,1.0,1.0,,3,24,0.3,156.7,10,52
1277,-1.8418959371047094e-05,-0.27172380685806274,-0.02,48.914,1.0,1.0,,3,23,0.3,168.2,10,54
1278,1.9456056179478765e-05,-0.22197532653808594,0.01,-26.864,1.0,1.0,,3,24,0.5,177.1,10,59
1279,-1.7120122720371e-05,-0.2759990692138672,-0.04,117.455,1.0,1.0,,3,25,0.1,137.9,10,49
1280,-7.691308564972132e-05,-0.19311819970607758,0.02,-49.179,1.0,1.0,,3,25,0.6,189.5,10,60
1281,1.0810545063577592e-06,-0.3535256087779999,0.01,-20.934,1.0,1.0,,3,27,0.5,176.3,10,57
1282,2.2331052605295554e-05,-0.3025749623775482,-0.0,6.369,1.0,1.0,,3,27,0.3,167.3,10,56
1283,-1.2458984201657586e-05,-0.27689579129219055,0.01,-20.978,1.0,1.0,,3,26,0.3,172.8,10,56
1284,1.544824226584751e-05,-0.27464616298675537,-0.03,86.005,1.0,1.0,,3,27,0.2,159.7,10,54
1285,-2.1191954147070646e-07,-0.18924608826637268,0.0,0.0,1.0,1.0,,3,27,0.5,165.3,10,55
1286,0.0,-0.34573060274124146,0.03,-83.652,1.0,1.0,,3,26,0.2,164.9,10,54
1287,-3.0135746783344075e-05,-0.21396970748901367,-0.0,10.141,1.0,1.0,,3,25,0.3,168.5,10,55
1288,9.520488674752414e-06,-0.28034311532974243,-0.01,44.306,1.0,1.0,,3,25,0.4,177.6,10,59
1289,5.4541011195397004e-05,-0.25417131185531616,-0.01,28.842,1.0,1.0,,3,24,0.2,154.8,10,52
1290,-4.662598803406581e-05,-0.20909319818019867,0.02,-65.146,1.0,1.0,,3,22,0.3,146.9,10,50
1291,-3.144043148495257e-05,-0.25868913531303406,0.02,-50.819,1.0,1.0,,2,21,0.3,161.9,10,54
1292,-0.00010480370838195086,-0.2706499397754669,-0.01,31.895,1.0,1.0,,2,23,0.4,158.4,10,52
1293,-2.0657229470089078e-05,-0.2911926805973053,-0.0,7.487,1.0,1.0,,2,23,0.4,157.4,10,54
1294,-1.3666012819157913e-05,-0.30638396739959717,-0.0,6.295,1.0,1.0,,2,23,0.3,165.6,10,54
1295,1.9797847926383838e-05,-0.2807895541191101,-0.0,0.774,1.0,1.0,,2,23,0.1,135.3,10,49
1296,-5.117480759508908e-05,-0.20343555510044098,-0.02,62.43,1.0,1.0,,7,23,0.3,166.7,10,55
1297,2.786914410535246e-05,-0.28955474495887756,0.06,-161.049,1.0,1.0,,2,22,0.5,165.6,10,54
1298,-0.00017124024452641606,-0.3866463899612427,-0.02,76.281,1.0,1.0,,2,23,0.3,143.3,10,51
1299,-0.000144234363688156,-0.2348543256521225,0.0,-1.27,1.0,1.0,,2,22,0.2,140.1,10,50
1300,9.101549949264154e-07,-0.22059303522109985,-0.01,39.862,1.0,1.0,,2,21,0.4,162.2,10,54
1301,-8.85547706275247e-06,-0.35359328985214233,0.01,-14.905,1.0,1.0,,2,21,0.5,176.1,10,57
1302,-2.478125134075526e-05,-0.3427578806877136,0.0,-8.228,1.0,1.0,,7,21,0.7,179.2,10,56
1303,-3.732519326149486e-05,-0.4253784418106079,0.0,-15.455,1.0,1.0,,7,23,0.3,167.7,10,54
1304,-1.0021489288192242e-05,-0.277474045753479,-0.0,14.726,1.0,1.0,,2,24,0.4,176.2,10,59
1305,-3.720800668816082e-05,-0.2978009581565857,-0.05,165.987,1.0,1.0,,2,25,0.3,162.9,10,55
1306,0.00010971874871756881,-0.2157827615737915,0.02,-57.421,1.0,1.0,,2,26,0.2,147.1,10,51
1307,-1.0440433470648713e-05,-0.22251293063163757,0.02,-34.355,1.0,1.0,,2,27,0.3,151.0,10,51
1308,3.0044926461414434e-05,-0.24982014298439026,-0.01,32.263,1.0,1.0,,2,28,0.6,184.4,10,58
1309,9.348633284389507e-06,-0.38408374786376953,0.0,-16.054,1.0,1.0,,2,27,0.4,174.8,10,55
1310,5.596483970293775e-05,-0.3322557210922241,0.01,-16.179,1.0,1.0,,2,27,0.5,175.5,10,56
1311,-2.8067381208529696e-05,-0.3410532772541046,0.01,-33.401,1.0,1.0,,2,25,0.3,163.5,10,54
1312,2.047363159363158e-05,-0.3180159628391266,0.01,-17.325,1.0,1.0,,2,24,0.4,169.6,10,54
1313,-1.0814452252816409e-05,-0.33890241384506226,0.02,-56.218,1.0,1.0,,2,24,0.2,151.6,10,51
1314,-4.066407200298272e-05,-0.29239344596862793,0.03,-65.381,1.0,1.0,,2,24,0.3,151.5,10,50
1315,-5.6892578868428245e-05,-0.29629212617874146,-0.0,4.532,1.0,1.0,,2,24,0.3,145.8,10,50
1316,-0.00012519043229985982,-0.2523708939552307,0.01,-16.46,1.0,1.0,,2,24,0.5,155.4,10,52
1317,-8.958789840107784e-05,-0.3621768653392792,-0.04,112.745,1.0,1.0,,2,25,0.4,182.3,10,57
1318,-3.5104487324133515e-05,-0.35521167516708374,0.04,-96.533,1.0,1.0,,2,25,0.3,170.3,10,56
1319,-3.2963871490210295e-05,-0.264217734336853,-0.0,8.245,1.0,1.0,,2,24,0.1,129.6,10,46
1320,3.101952461292967e-05,-0.22247043251991272,0.0,-7.249,1.0,1.0,,2,22,0.3,163.4,10,53
1321,-9.228522685589269e-06,-0.2701271176338196,0.0,-5.362,1.0,1.0,,2,22,0.3,162.3,10,57
1322,1.2940426131535787e-05,-0.2434423267841339,0.04,-100.622,1.0,1.0,,2,22,0.2,172.2,10,57
1323,-5.860352757736109e-05,-0.20502375066280365,0.01,-24.674,1.0,1.0,,2,22,0.4,164.3,10,54
1324,4.2649422539398074e-05,-0.30060359835624695,0.0,-12.256,1.0,1.0,,2,21,0.3,170.2,10,57
1325,2.1061521692899987e-05,-0.27903345227241516,-0.01,37.234,1.0,1.0,,2,24,0.5,163.4,10,53
1326,-5.2714844059664756e-05,-0.3637552857398987,-0.05,141.922,1.0,1.0,,2,22,0.2,159.6,10,54
1327,-4.7462162910960615e-07,-0.2224564105272293,-0.0,4.165,1.0,1.0,,2,22,0.5,170.8,10,55
1328,-1.5049809007905424e-05,-0.33404889702796936,0.03,-79.223,1.0,1.0,,2,23,0.4,169.5,10,55
1329,-5.977736145723611e-05,-0.29217419028282166,-0.02,52.666,1.0,1.0,,2,24,0.6,187.3,10,61
1330,1.4585936696676072e-05,-0.3794778287410736,-0.02,75.975,1.0,1.0,,2,24,0.4,149.0,10,51
1331,3.686328273033723e-05,-0.3136139512062073,-0.02,60.732,1.0,1.0,,2,22,0.3,170.8,10,55
1332,-0.00015584570064675063,-0.32112565636634827,-0.02,80.241,1.0,1.0,,2,22,0.2,135.7,10,48
1333,-6.974612188059837e-05,-0.21043838560581207,0.01,-36.796,1.0,1.0,,2,22,0.6,176.1,10,57
1334,-0.00018063771130982786,-0.32763901352882385,0.01,-21.427,1.0,1.0,,2,23,0.2,122.0,10,44
1335,1.1242188520554919e-05,-0.22345322370529175,-0.01,30.137,1.0,1.0,,2,22,0.2,192.0,10,59
1336,1.5953122783685103e-05,-0.1888597160577774,0.02,-49.059,1.0,1.0,,2,22,0.3,169.9,10,55
1337,7.038867624942213e-05,-0.2655854821205139,0.01,-36.437,1.0,1.0,,2,22,0.3,148.2,10,52
1338,-2.066601882688701e-05,-0.32901275157928467,-0.01,31.057,1.0,1.0,,2,21,0.2,141.4,10,50
1339,4.0330076444661245e-05,-0.21622391045093536,0.01,-23.88,1.0,1.0,,2,20,0.2,159.2,10,54
1340,-5.3118161304155365e-05,-0.29001355171203613,-0.01,25.582,1.0,1.0,,2,20,0.3,164.4,10,54
1341,2.344726090086624e-05,-0.2688847780227661,-0.03,81.298,1.0,1.0,,4,19,0.3,168.4,10,55
1342,-4.233691288391128e-05,-0.2904694974422455,0.02,-42.571,1.0,1.0,,4,19,0.4,148.8,10,52
1343,-0.0001626240264158696,-0.321037232875824,0.01,-40.905,1.0,1.0,,2,20,0.4,160.9,10,52
1344,3.4415039408486336e-05,-0.32879483699798584,-0.02,70.576,1.0,1.0,,2,22,0.1,153.0,10,52
1345,-5.4954096412984654e-05,-0.17448264360427856,-0.02,47.622,1.0,1.0,,4,22,0.3,168.5,10,53
1346,-0.00010540137009229511,-0.2797219157218933,0.04,-125.986,1.0,1.0,,4,23,0.5,156.4,10,52
1347,-2.4185554138966836e-05,-0.3145686984062195,-0.01,26.164,1.0,1.0,,4,21,0.6,157.3,10,52
1348,-6.866700277896598e-05,-0.42158520221710205,0.06,-159.78,1.0,1.0,,4,22,0.2,151.6,10,51
1349,-1.1484403330541681e-06,-0.2559623718261719,-0.02,58.775,1.0,1.0,,4,22,0.2,147.4,10,52
1350,-0.00019022557535208762,-0.2330799102783203,-0.03,83.246,1.0,1.0,,4,20,0.4,162.4,10,54
1351,9.717768989503384e-06,-0.316542387008667,0.02,-62.109,1.0,1.0,,4,21,0.5,191.2,10,59
1352,-7.511426520068198e-05,-0.31857603788375854,0.01,-30.818,1.0,1.0,,4,20,0.5,172.3,10,57
1353,1.2604483345057815e-05,-0.30801939964294434,0.02,-66.867,1.0,1.0,,8,20,0.1,156.2,10,54
1354,-5.793359378003515e-05,-0.17801985144615173,0.01,-26.563,1.0,1.0,,4,21,0.3,148.9,10,49
1355,-1.2947266441187821e-05,-0.26025110483169556,0.03,-77.982,1.0,1.0,,8,20,0.4,167.3,10,54
1356,-2.322949694644194e-05,-0.3544387221336365,0.01,-19.793,1.0,1.0,,8,21,0.3,150.9,10,52
1357,-1.369531310047023e-05,-0.2775936722755432,0.0,-5.805,1.0,1.0,,8,21,0.2,162.9,10,54
1358,-7.538281352026388e-05,-0.2411346435546875,-0.04,139.693,1.0,1.0,,4,21,0.2,152.3,10,54
1359,-0.00011211133823962882,-0.2107822746038437,-0.01,26.976,1.0,1.0,,8,22,0.3,164.7,10,55
1360,3.4317381505388767e-05,-0.2657392621040344,-0.0,6.371,1.0,1.0,,8,25,0.5,173.5,10,55
1361,-7.040041055006441e-06,-0.2965271472930908,0.0,0.0,1.0,1.0,,8,24,0.9,200.6,10,61
1362,0.0,-0.47301429510116577,0.03,-93.593,1.0,1.0,,8,26,0.6,177.5,10,57
1363,-7.779101724736392e-05,-0.3748233914375305,0.01,-26.881,1.0,1.0,,8,25,0.1,156.4,10,52
1364,2.5033197744050995e-05,-0.19320562481880188,0.02,-51.992,1.0,1.0,,8,26,0.3,146.3,10,50
1365,-0.00012300781963858753,-0.2517971694469452,-0.07,208.371,1.0,1.0,,8,26,0.2,137.3,10,49
1366,-6.900684093125165e-05,-0.2566365897655487,0.01,-43.222,1.0,1.0,,8,24,0.2,159.4,10,55
1367,2.578123257990228e-06,-0.2748730778694153,-0.01,17.108,1.0,1.0,,8,26,0.3,157.5,10,54
1368,-7.957226625876501e-05,-0.30805402994155884,0.01,-13.359,1.0,1.0,,8,27,0.3,163.7,10,55
1369,-1.7933594790520146e-05,-0.2801814079284668,0.03,-83.843,1.0,1.0,,8,29,0.4,177.0,10,58
1370,-8.316308230860159e-05,-0.33954089879989624,0.0,-6.521,1.0,1.0,,8,26,0.3,146.7,10,50
1371,-7.180657121352851e-06,-0.29187315702438354,0.01,-12.112,1.0,1.0,,8,23,0.4,188.2,10,58
1372,0.00016537497867830098,-0.2940859794616699,0.01,-40.857,1.0,1.0,,8,23,0.1,155.7,10,55
1373,7.409177214867668e-06,-0.20399436354637146,0.02,-47.43,1.0,1.0,,8,24,0.2,143.0,10,50
1374,-5.8610356063582e-05,-0.2636004388332367,0.05,-161.147,1.0,1.0,,8,24,0.3,153.7,10,53
1375,-3.457225830061361e-05,-0.27387917041778564,-0.01,18.79,1.0,1.0,,4,24,0.2,142.9,10,50
1376,-5.663183401338756e-05,-0.2210448533296585,-0.01,35.896,1.0,1.0,,4,25,0.4,159.7,10,55
1377,6.111327820690349e-06,-0.2680928707122803,-0.04,131.37,1.0,1.0,,4,26,0.1,123.4,10,46
1378,2.6445304683875293e-06,-0.21827080845832825,-0.0,2.08,1.0,1.0,,4,28,0.1,143.4,10,51
1379,-2.554492311901413e-05,-0.20206141471862793,0.0,-4.436,1.0,1.0,,4,28,0.2,159.4,10,54
1380,2.964160194096621e-05,-0.2282797396183014,0.0,-12.256,1.0,1.0,,4,28,0.5,192.6,10,60
1381,2.1061521692899987e-05,-0.3831688165664673,0.0,-4.761,1.0,1.0,,4,25,0.2,143.1,10,50
1382,-3.3190444810315967e-05,-0.24782171845436096,0.0,-13.466,1.0,1.0,,4,24,0.4,181.1,10,58
1383,8.701171282154974e-06,-0.3007842004299164,-0.0,6.688,1.0,1.0,,4,26,0.4,175.5,10,56
1384,1.0296876098436769e-05,-0.3436518907546997,0.02,-44.438,1.0,1.0,,4,25,0.2,137.2,10,48
1385,-4.8439454985782504e-05,-0.27631300687789917,-0.0,4.692,1.0,1.0,,4,26,0.4,171.7,10,56
1386,-2.2911131964065135e-05,-0.2725234627723694,-0.0,4.659,1.0,1.0,,4,29,0.4,182.5,10,58
1387,1.325585981248878e-05,-0.34266871213912964,-0.01,19.233,1.0,1.0,,4,29,0.6,187.4,10,58
1388,-6.908593059051782e-05,-0.3770257234573364,-0.03,92.885,1.0,1.0,,4,30,0.2,172.9,10,59
1389,3.9232421841006726e-05,-0.20725584030151367,-0.04,108.072,1.0,1.0,,4,30,0.2,129.8,10,48
1390,-5.184573637961876e-06,-0.26789534091949463,0.03,-84.794,1.0,1.0,,4,30,0.2,135.1,10,47
1391,-7.441113120876253e-05,-0.22354573011398315,-0.0,5.815,1.0,1.0,,4,29,0.3,172.3,10,56
1392,1.1845702829305083e-05,-0.2689129114151001,0.01,-36.382,1.0,1.0,,4,28,0.1,139.1,10,49
1393,-1.2496092494984623e-05,-0.20315098762512207,0.04,-124.432,1.0,1.0,,4,29,0.3,146.6,10,51
1394,-6.610255513805896e-05,-0.28159183263778687,-0.04,114.734,1.0,1.0,,4,29,0.4,157.4,10,52
1395,-6.4326195570174605e-06,-0.34202128648757935,-0.01,24.139,1.0,1.0,,4,27,0.4,173.4,10,55
1396,3.3437499951105565e-05,-0.32732510566711426,-0.01,23.438,1.0,1.0,,4,26,0.2,118.6,10,42
1397,-3.029688014066778e-05,-0.2636946439743042,0.05,-130.03,1.0,1.0,,4,26,0.2,161.0,10,54
1398,-1.5459965652553365e-05,-0.2372397780418396,0.0,3.556,1.0,1.0,,4,24,0.3,169.3,10,56
1399,-9.369238978251815e-05,-0.25997722148895264,-0.04,120.551,1.0,1.0,,4,25,0.3,168.2,10,56
1400,-3.1611336453352123e-05,-0.30911368131637573,0.04,-107.565,1.0,1.0,,4,24,0.4,178.4,10,59
1401,8.993167284643278e-06,-0.3239031136035919,0.05,-127.769,1.0,1.0,,4,23,0.3,155.1,10,53
1402,-0.00012402051652316004,-0.2755393385887146,0.01,-33.527,1.0,1.0,,4,24,0.3,154.2,10,54
1403,4.29882675234694e-06,-0.2231254130601883,-0.01,32.461,1.0,1.0,,4,26,0.4,145.6,10,50
1404,-1.0804691555676982e-05,-0.31853628158569336,0.03,-80.64,1.0,1.0,,4,28,0.6,175.3,10,57
1405,-2.6432629965711385e-05,-0.42742711305618286,0.05,-140.343,1.0,1.0,,4,26,0.3,164.4,10,54
1406,-0.0001027041143970564,-0.28627628087997437,0.0,-8.139,1.0,1.0,,4,26,0.3,121.8,10,43
1407,-5.60781336389482e-05,-0.2919490337371826,0.01,-33.581,1.0,1.0,,4,27,0.3,150.3,10,52
1408,-9.692188177723438e-05,-0.26074284315109253,0.03,-90.468,1.0,1.0,,4,26,0.3,172.3,10,58
1409,1.2138624470026116e-06,-0.24239511787891388,-0.01,16.088,1.0,1.0,,4,28,0.5,161.0,10,53
1410,-4.004102083854377e-05,-0.370677649974823,0.0,-1.686,1.0,1.0,,4,32,0.3,168.2,10,58
1411,4.9169866542797536e-06,-0.28870782256126404,0.0,-4.001,1.0,1.0,,4,32,0.2,140.4,10,49
1412,-2.4599614789622137e-06,-0.23088139295578003,-0.0,11.527,1.0,1.0,,4,32,0.5,161.9,10,52
1413,-2.5968749469029717e-05,-0.3411511778831482,0.01,-27.587,1.0,1.0,,4,31,0.4,162.3,10,54
1414,-1.5779298337292857e-05,-0.2518920302391052,0.01,-19.936,1.0,1.0,,4,31,0.4,163.1,10,54
1415,5.424798473541159e-06,-0.3066062331199646,0.02,-61.089,1.0,1.0,,4,31,0.3,163.2,10,55
1416,-0.0001086474658222869,-0.3195623755455017,0.0,0.0,1.0,1.0,,4,31,0.6,172.1,10,56
1417,0.0,-0.3880222737789154,-0.0,10.039,1.0,1.0,,4,29,0.6,178.2,10,57
1418,-2.17265678656986e-05,-0.3793160617351532,0.01,-38.923,1.0,1.0,,4,31,0.3,157.1,10,53
1419,-3.588964682421647e-05,-0.24131348729133606,0.06,-154.351,1.0,1.0,,4,30,0.4,156.8,10,53
1420,-3.654981264844537e-05,-0.30466723442077637,0.02,-64.914,1.0,1.0,,4,30,0.2,165.7,10,56
1421,-5.2456060075201094e-05,-0.243038147687912,0.02,-68.446,1.0,1.0,,4,30,0.3,166.8,10,55
1422,-2.0635745386243798e-05,-0.2724148631095886,0.09,-258.802,1.0,1.0,,4,29,0.2,147.9,10,52
1423,-5.164746835362166e-05,-0.23825347423553467,0.05,-130.627,1.0,1.0,,4,29,0.2,165.7,10,55
1424,-6.770995969418436e-05,-0.21928340196609497,0.01,-43.027,1.0,1.0,,4,28,0.2,162.3,10,56
1425,2.207324178016279e-05,-0.23956143856048584,-0.0,9.551,1.0,1.0,,4,28,0.3,151.4,10,51
1426,1.9764645912800916e-05,-0.28620028495788574,0.01,-23.881,1.0,1.0,,4,25,0.4,149.1,10,51
1427,2.461717667756602e-05,-0.2799619436264038,0.04,-135.806,1.0,1.0,,4,26,0.3,154.1,10,51
1428,-6.269141158554703e-05,-0.34230929613113403,0.1,-277.134,1.0,1.0,,8,27,0.3,157.2,10,54
1429,-5.636426794808358e-05,-0.2776075005531311,-0.0,1.474,1.0,1.0,,8,26,0.4,163.3,10,54
1430,1.4422851563722361e-05,-0.3047685921192169,-0.0,7.304,1.0,1.0,,8,28,0.5,181.5,10,58
1431,-3.158398612868041e-05,-0.3897290825843811,-0.01,18.885,1.0,1.0,,8,26,0.2,166.2,10,56
1432,6.927733466000063e-06,-0.22001078724861145,0.02,-44.618,1.0,1.0,,8,26,0.6,190.5,10,61
1433,-7.208011084003374e-06,-0.4146210551261902,0.03,-82.506,1.0,1.0,,8,25,0.6,169.8,10,53
1434,-5.0548835133668035e-05,-0.3920418918132782,-0.01,17.688,1.0,1.0,,4,24,0.5,152.8,10,52
1435,-0.00012985256034880877,-0.3928714990615845,0.01,-16.545,1.0,1.0,,8,25,0.2,130.0,10,47
1436,-0.00019044335931539536,-0.22964970767498016,0.02,-51.088,1.0,1.0,,8,25,0.1,136.6,10,49
1437,3.359863330842927e-05,-0.19572685658931732,-0.04,129.51,1.0,1.0,,8,24,0.6,180.5,10,59
1438,-9.963478078134358e-05,-0.3658926784992218,-0.01,27.853,1.0,1.0,,8,26,0.3,159.6,10,52
1439,3.393358929315582e-05,-0.277241975069046,-0.01,35.383,1.0,1.0,,8,25,0.2,164.8,10,56
1440,-0.0001448867260478437,-0.2053355574607849,0.02,-55.987,1.0,1.0,,8,25,0.3,155.5,10,51
1441,9.378903996548615e-06,-0.28129446506500244,-0.01,32.263,1.0,1.0,,8,25,0.1,130.7,10,48
1442,9.348633284389507e-06,-0.16223090887069702,0.0,-11.904,1.0,1.0,,8,27,0.3,164.7,10,54
1443,1.9363273167982697e-05,-0.3138265609741211,0.0,-8.847,1.0,1.0,,8,25,0.6,190.0,10,59
1444,-3.837598342215642e-05,-0.41338396072387695,0.06,-180.771,1.0,1.0,,8,26,0.8,186.4,10,56
1445,-3.7286132283043116e-05,-0.48667585849761963,0.01,-32.558,1.0,1.0,,8,24,0.4,156.1,10,53
1446,6.630468124058098e-05,-0.2869686186313629,0.11,-301.424,1.0,1.0,,8,23,0.1,142.5,10,49
1447,2.972851143567823e-05,-0.23709116876125336,0.0,-8.593,1.0,1.0,,4,23,0.3,182.4,10,58
1448,1.5955074559315108e-05,-0.23664261400699615,0.0,-3.711,1.0,1.0,,8,23,0.2,151.1,10,52
1449,1.849803993536625e-05,-0.22383609414100647,-0.0,1.474,1.0,1.0,,8,23,0.4,192.8,10,61
1450,1.4422851563722361e-05,-0.30248838663101196,0.07,-196.642,1.0,1.0,,8,24,0.3,158.3,10,53
1451,-0.0001594003988429904,-0.2847983241081238,0.02,-24.935,1.0,1.0,,8,23,0.5,176.4,10,57
1452,-0.00016824902559164912,-0.3519962430000305,0.01,-21.922,1.0,1.0,,8,22,0.3,141.8,10,49
1453,-4.75781416753307e-06,-0.2915111780166626,-0.02,48.202,1.0,1.0,,8,20,0.7,186.5,10,59
1454,-2.1838870452484116e-05,-0.44918426871299744,-0.01,22.176,1.0,1.0,,4,21,0.5,165.6,10,53
1455,1.5078112483024597e-06,-0.37012141942977905,0.05,-157.868,1.0,1.0,,4,21,0.2,148.3,10,51
1456,-4.330273804953322e-05,-0.2132205218076706,0.0,-12.25,1.0,1.0,,8,20,0.4,152.0,10,51
1457,-5.482324922922999e-05,-0.33949458599090576,-0.0,13.018,1.0,1.0,,8,19,0.3,150.7,10,52
1458,4.0834951505530626e-05,-0.24038520455360413,0.02,-65.014,1.0,1.0,,8,20,0.3,176.5,10,58
1459,-6.986329935898539e-06,-0.23531405627727509,-0.01,22.771,1.0,1.0,,8,19,0.2,143.9,10,51
1460,2.6155270461458713e-05,-0.19505976140499115,-0.02,57.233,1.0,1.0,,4,20,0.4,160.7,10,55
1461,2.5397461286047474e-05,-0.27377718687057495,0.01,-30.873,1.0,1.0,,4,20,0.2,165.6,10,53
1462,1.7119144104071893e-05,-0.2195625603199005,0.05,-135.27,1.0,1.0,,4,20,0.7,183.1,10,58
1463,2.696386945899576e-05,-0.37533485889434814,-0.02,70.437,1.0,1.0,,8,19,0.6,192.4,10,60
1464,1.3512692021322437e-05,-0.37177029252052307,-0.06,171.36,1.0,1.0,,2,19,0.2,152.0,10,52
1465,-4.4159183744341135e-05,-0.26959750056266785,0.0,-9.402,1.0,1.0,,7,18,0.5,163.1,10,53
1466,-2.8318359909462743e-05,-0.32924532890319824,0.0,-6.205,1.0,1.0,,4,18,0.4,176.4,10,56
1467,1.97304725588765e-05,-0.367631196975708,0.02,-47.665,1.0,1.0,,4,19,0.4,158.5,10,54
1468,-0.00012500392040237784,-0.30713003873825073,0.01,-27.009,1.0,1.0,,7,18,0.3,165.3,10,54
1469,-1.1494157661218196e-06,-0.30630025267601013,-0.01,27.516,1.0,1.0,,4,19,0.4,150.2,10,51
1470,6.031249540683348e-06,-0.2956772744655609,-0.01,20.433,1.0,1.0,,4,20,0.3,155.6,10,53
1471,-4.201171577733476e-06,-0.25538092851638794,0.0,-2.63,1.0,1.0,,4,19,0.4,160.3,10,52
1472,1.420604621671373e-05,-0.35139164328575134,0.01,-18.249,1.0,1.0,,3,19,0.5,164.5,10,53
1473,3.20107392326463e-05,-0.42364606261253357,0.02,-54.832,1.0,1.0,,4,18,0.3,174.0,10,56
1474,-9.206836693920195e-05,-0.26986566185951233,-0.01,26.185,1.0,1.0,,7,18,0.2,148.2,10,50
1475,0.00010874803410843015,-0.24939870834350586,0.01,-18.073,1.0,1.0,,7,20,0.2,156.4,10,52
1476,0.0001304394390899688,-0.2649417519569397,0.01,-9.731,1.0,1.0,,7,22,0.4,159.5,10,52
1477,-0.00011009083391400054,-0.29828113317489624,0.03,-100.075,1.0,1.0,,7,21,0.3,139.5,10,48
1478,-4.4491222070064396e-05,-0.24849829077720642,-0.0,1.105,1.0,1.0,,7,21,0.3,156.8,10,54
1479,5.578027412411757e-05,-0.29886919260025024,-0.01,26.864,1.0,1.0,,7,20,0.2,149.2,10,52
1480,-7.861621270421892e-05,-0.25922900438308716,-0.05,148.731,1.0,1.0,,7,20,0.2,142.1,10,50
1481,-3.2132822525454685e-05,-0.18937450647354126,0.0,9.331,1.0,1.0,,7,21,0.4,154.9,10,51
1482,-7.20371026545763e-05,-0.2749761939048767,0.04,-97.709,1.0,1.0,,7,22,0.5,168.5,10,56
1483,-4.655274096876383e-06,-0.33553022146224976,-0.01,31.981,1.0,1.0,,7,22,0.2,130.6,10,46
1484,8.497460657963529e-05,-0.23373550176620483,-0.01,19.278,1.0,1.0,,7,23,0.5,193.1,10,62
1485,4.701562284026295e-05,-0.3488250970840454,0.0,-3.44,1.0,1.0,,7,23,0.5,191.2,10,61
1486,4.537792119663209e-05,-0.36192232370376587,-0.01,31.007,1.0,1.0,,7,25,0.2,157.6,10,54
1487,-6.49238281766884e-05,-0.20027416944503784,-0.02,59.658,1.0,1.0,,7,26,0.4,150.6,10,50
1488,6.486523489002138e-05,-0.31896722316741943,0.0,-0.898,1.0,1.0,,7,27,0.3,135.0,10,49
1489,-9.037104973685928e-06,-0.23287475109100342,0.01,-21.008,1.0,1.0,,7,26,0.3,147.4,10,50
1490,9.669916835264303e-06,-0.2806607484817505,-0.04,120.489,1.0,1.0,,7,26,0.3,163.5,10,55
1491,-1.6982539818855003e-06,-0.2563864588737488,0.0,-4.529,1.0,1.0,,7,26,0.2,141.8,10,50
1492,-4.134766277275048e-05,-0.18731571733951569,-0.03,93.295,1.0,1.0,,7,25,0.3,159.2,10,54
1493,-7.246682071126997e-05,-0.261944055557251,-0.02,65.2,1.0,1.0,,7,25,0.1,148.5,10,53
1494,-6.764355930499732e-05,-0.20051351189613342,0.03,-81.571,1.0,1.0,,7,23,0.3,152.9,10,53
1495,2.9668935894733295e-05,-0.22386164963245392,0.04,-96.654,1.0,1.0,,7,24,0.3,141.0,10,50
1496,-0.00014942190318834037,-0.22801515460014343,0.01,-32.822,1.0,1.0,,7,23,0.4,170.9,10,56
1497,2.929882612079382e-05,-0.3154194951057434,-0.0,4.721,1.0,1.0,,7,23,0.5,183.7,10,59
1498,3.1533188575849636e-06,-0.3666456639766693,-0.09,258.721,1.0,1.0,,7,23,0.5,163.1,10,51
1499,-9.962987678591162e-05,-0.3854672312736511,0.0,-6.933,1.0,1.0,,7,22,0.4,170.1,10,53
1500,3.3582029573153704e-05,-0.32489079236984253,0.02,-63.355,1.0,1.0,,7,21,0.3,163.0,10,55
1501,-7.718555571045727e-05,-0.2489663064479828,0.01,-32.288,1.0,1.0,,7,20,0.2,148.1,10,52
1502,6.8408171500777826e-06,-0.24105121195316315,-0.01,18.885,1.0,1.0,,7,21,0.5,176.7,10,58
1503,6.927733466000063e-06,-0.3322347104549408,-0.02,49.656,1.0,1.0,,7,23,0.3,167.0,10,56
1504,-0.00015820996486581862,-0.3146003484725952,-0.0,13.872,1.0,1.0,,7,21,0.2,156.3,10,52
1505,5.0754882977344096e-05,-0.25846922397613525,-0.03,86.47,1.0,1.0,,7,20,0.6,173.5,10,55
1506,-5.3039068006910384e-05,-0.35633572936058044,0.03,-90.411,1.0,1.0,,8,20,0.2,164.9,10,54
1507,-5.98066471866332e-05,-0.24658305943012238,-0.01,23.133,1.0,1.0,,7,19,0.1,154.1,10,52
1508,9.961231262423098e-05,-0.20208534598350525,0.01,-30.112,1.0,1.0,,7,19,0.5,185.7,10,62
1509,0.00011463379632914439,-0.31519412994384766,-0.02,63.826,1.0,1.0,,7,19,0.1,148.5,10,50
1510,2.4514647520845756e-05,-0.2320277988910675,0.01,-28.913,1.0,1.0,,2,21,0.3,156.6,10,53
1511,-5.6248052715091035e-05,-0.30805355310440063,0.01,-13.686,1.0,1.0,,2,20,0.2,150.5,10,53
1512,-4.014551086584106e-05,-0.1699547916650772,0.03,-79.576,1.0,1.0,,2,20,0.4,147.2,10,51
1513,-4.844628710998222e-05,-0.3261853754520416,0.04,-98.15,1.0,1.0,,2,20,0.2,146.1,10,52
1514,9.528306691208854e-06,-0.19234460592269897,-0.01,21.199,1.0,1.0,,2,21,0.4,173.8,10,56
1515,-3.0000010156072676e-05,-0.33920595049858093,0.03,-96.45,1.0,1.0,,2,21,0.3,128.9,10,47
1516,1.612109008419793e-05,-0.24015574157238007,0.01,-35.514,1.0,1.0,,2,19,0.4,158.2,10,55
1517,-0.00016180274542421103,-0.26170992851257324,0.01,-40.447,1.0,1.0,,2,20,0.2,144.4,10,51
1518,-9.977734589483589e-05,-0.2190132737159729,-0.0,8.415,1.0,1.0,,2,20,0.3,157.9,10,52
1519,3.367178578628227e-06,-0.2982533574104309,0.02,-55.394,1.0,1.0,,2,20,0.3,171.8,10,55
1520,-0.00019384863844607025,-0.2651909589767456,-0.02,71.643,1.0,1.0,,2,20,0.3,148.8,10,51
1521,-7.200200343504548e-06,-0.27079319953918457,0.01,-19.644,1.0,1.0,,2,21,0.5,163.7,10,52
1522,-1.1599626304814592e-05,-0.3616523742675781,-0.03,78.674,1.0,1.0,,2,20,0.3,137.6,10,48
1523,-5.2461924497038126e-05,-0.2917500436306,0.01,-17.692,1.0,1.0,,2,20,0.3,154.0,10,52
1524,5.084960503154434e-05,-0.31159108877182007,0.01,-32.077,1.0,1.0,,2,20,0.4,164.0,10,55
1525,-0.00011298341996734962,-0.2631128430366516,0.02,-54.188,1.0,1.0,,2,20,0.4,156.6,10,53
1526,-8.731152047403157e-05,-0.33183664083480835,0.01,-22.874,1.0,1.0,,2,20,0.3,158.8,10,53
1527,-5.679394962498918e-05,-0.28077393770217896,-0.0,10.576,1.0,1.0,,2,20,0.3,156.2,10,52
1528,-1.26474642456742e-05,-0.2948561906814575,0.01,-31.448,1.0,1.0,,2,22,0.2,170.5,10,55
1529,5.872850670129992e-05,-0.23151949048042297,-0.01,33.609,1.0,1.0,,2,24,0.4,163.0,10,54
1530,3.556152296368964e-05,-0.2958245277404785,0.02,-59.234,1.0,1.0,,2,23,0.6,188.0,10,60
1531,-2.932714778580703e-05,-0.3408057391643524,-0.02,53.984,1.0,1.0,,2,23,0.5,168.6,10,55
1532,-8.661523315822706e-05,-0.34663599729537964,-0.01,40.3,1.0,1.0,,2,21,0.3,157.8,10,51
1533,-2.4404307623626664e-06,-0.3118390440940857,0.01,-43.247,1.0,1.0,,2,23,0.8,215.5,10,64
1534,-4.970898589817807e-05,-0.49273356795310974,-0.01,22.087,1.0,1.0,,2,23,0.3,168.6,10,55
1535,-7.55937653593719e-05,-0.3193666636943817,-0.04,116.647,1.0,1.0,,2,23,0.3,153.7,10,51
1536,-0.00016855468857102096,-0.25026020407676697,0.04,-126.651,1.0,1.0,,2,22,0.4,170.6,10,55
1537,2.3413078451994807e-05,-0.36349403858184814,-0.02,51.678,1.0,1.0,,2,23,0.2,149.9,10,50
1538,-1.665723175392486e-05,-0.21929892897605896,0.03,-84.468,1.0,1.0,,2,23,0.6,174.3,10,56
1539,-5.8810546761378646e-05,-0.42979368567466736,-0.0,6.002,1.0,1.0,,2,23,0.3,172.4,10,56
1540,2.3020507796900347e-05,-0.2980535626411438,-0.0,16.31,1.0,1.0,,2,23,0.3,163.5,10,55
1541,-4.801758041139692e-05,-0.25701022148132324,-0.01,40.04,1.0,1.0,,2,22,0.2,153.1,10,51
1542,-0.00015060450823511928,-0.2037305235862732,-0.03,84.482,1.0,1.0,,2,22,0.3,154.4,10,50
1543,-3.22460982715711e-05,-0.296331524848938,-0.02,53.198,1.0,1.0,,2,22,0.2,150.4,10,53
1544,-8.879492816049606e-05,-0.19683139026165009,-0.01,26.137,1.0,1.0,,2,23,0.4,158.9,10,53
1545,1.3493161532096565e-05,-0.3242295980453491,-0.0,-1.948,1.0,1.0,,2,22,0.1,129.1,10,46
1546,-1.0392577678430825e-05,-0.18111863732337952,-0.0,9.925,1.0,1.0,,2,23,0.3,147.0,10,51
1547,3.5438479244476184e-05,-0.26082494854927063,0.01,-44.94,1.0,1.0,,2,22,0.1,124.7,10,46
1548,2.729882726271171e-05,-0.1762022078037262,-0.01,28.103,1.0,1.0,,2,20,0.5,176.9,10,56
1549,-2.8144533644081093e-05,-0.3378601670265198,-0.05,160.398,1.0,1.0,,2,21,0.3,151.5,10,52
1550,-9.158593456959352e-05,-0.274147629737854,0.02,-55.72,1.0,1.0,,2,20,0.2,154.4,10,52
1551,-1.2988288290216587e-05,-0.21743682026863098,0.01,-31.922,1.0,1.0,,2,18,0.3,170.0,10,57
1552,1.356444954581093e-05,-0.2552835941314697,0.01,-36.602,1.0,1.0,,8,18,0.3,153.7,10,52
1553,9.991212209570222e-06,-0.25927382707595825,0.02,-60.492,1.0,1.0,,2,19,0.2,140.3,10,49
1554,-7.583790284115821e-05,-0.24267058074474335,-0.01,43.03,1.0,1.0,,8,20,0.2,136.7,10,48
1555,1.0390622264822014e-05,-0.25236088037490845,-0.01,15.503,1.0,1.0,,8,20,0.1,152.7,10,52
1556,1.1530270057846792e-05,-0.18638163805007935,-0.02,62.018,1.0,1.0,,8,21,0.5,175.2,10,54
1557,6.454101821873337e-05,-0.3987438678741455,0.09,-242.488,1.0,1.0,,8,21,0.1,139.3,10,49
1558,4.728906060336158e-05,-0.23863303661346436,0.07,-197.007,1.0,1.0,,8,24,0.3,173.4,10,57
1559,-0.0001215703014167957,-0.29942959547042847,0.01,-45.299,1.0,1.0,,8,24,0.3,165.5,10,53
1560,1.1340818673488684e-05,-0.2728724479675293,-0.01,43.215,1.0,1.0,,8,22,0.0,132.1,10,47
1561,1.1164060197188519e-05,-0.16875936090946198,-0.03,85.504,1.0,1.0,,8,23,0.5,183.5,10,61
1562,3.6415967770153657e-06,-0.33225470781326294,0.03,-74.248,1.0,1.0,,8,23,0.4,172.1,10,56
1563,-8.892090409062803e-05,-0.30778634548187256,0.01,-41.882,1.0,1.0,,8,22,0.4,163.1,10,55
1564,-0.00013861329352948815,-0.3228309154510498,0.01,-25.867,1.0,1.0,,8,22,0.2,149.6,10,51
1565,4.934765456710011e-05,-0.2028249353170395,0.01,-21.505,1.0,1.0,,8,21,0.3,159.1,10,53
1566,1.5343746781582013e-05,-0.30451980233192444,0.03,-80.252,1.0,1.0,,8,21,0.1,140.0,10,49
1567,2.8632730391109362e-06,-0.2288454920053482,0.0,-6.449,1.0,1.0,,7,21,0.3,139.7,10,49
1568,5.368555139284581e-05,-0.28226542472839355,0.0,0.0,1.0,1.0,,7,20,0.5,172.5,10,57
1569,0.0,-0.35261377692222595,0.0,-15.308,1.0,1.0,,8,19,0.5,166.1,10,54
1570,2.1294930775184184e-05,-0.33780765533447266,-0.02,65.213,1.0,1.0,,7,19,0.6,184.7,10,58
1571,-4.677738616010174e-06,-0.3860167860984802,-0.02,65.351,1.0,1.0,,1,18,0.6,193.5,10,61
1572,5.9941412473563105e-05,-0.3735557794570923,0.0,-14.975,1.0,1.0,,3,20,0.3,138.6,10,51
1573,4.2130861402256414e-05,-0.27317970991134644,0.03,-90.54,1.0,1.0,,1,19,1.0,202.4,10,62
1574,1.074901592801325e-05,-0.5320408344268799,-0.01,34.216,1.0,1.0,,3,19,0.2,182.5,10,59
1575,-0.00010044433292932808,-0.24397510290145874,-0.04,122.356,1.0,1.0,,3,18,0.4,182.7,10,59
1576,1.2634763152163941e-05,-0.3155493140220642,0.01,-21.778,1.0,1.0,,3,18,0.3,164.7,10,55
1577,-1.0445313819218427e-05,-0.2565610110759735,0.01,-19.899,1.0,1.0,,3,18,0.4,161.8,10,54
1578,-1.4068355085328221e-05,-0.33700424432754517,-0.07,209.022,1.0,1.0,,7,18,0.3,170.6,10,57
1579,-0.0002753652515821159,-0.24787864089012146,0.01,-33.26,1.0,1.0,,8,20,0.3,151.6,10,51
1580,-1.9613282347563654e-05,-0.293478399515152,-0.01,35.718,1.0,1.0,,3,19,0.2,159.4,10,52
1581,-8.887013245839626e-05,-0.2378067970275879,-0.03,86.767,1.0,1.0,,8,19,0.3,157.2,10,53
1582,5.3799802117282525e-05,-0.2517070770263672,0.04,-105.68,1.0,1.0,,8,18,0.3,144.0,10,49
1583,-3.2372081477660686e-05,-0.2298268973827362,-0.0,13.201,1.0,1.0,,8,20,0.5,174.7,10,56
1584,6.55849653412588e-05,-0.3625880479812622,0.01,-36.636,1.0,1.0,,8,20,0.2,153.8,10,53
1585,-8.184571925085038e-06,-0.20951229333877563,-0.0,7.793,1.0,1.0,,8,20,0.2,149.2,10,52
1586,-7.648448445252143e-06,-0.20565001666545868,0.03,-77.379,1.0,1.0,,8,20,0.3,161.7,10,54
1587,6.277830834733322e-05,-0.24327576160430908,-0.0,2.918,1.0,1.0,,8,20,0.3,180.0,10,60
1588,-3.830664718407206e-05,-0.3044884204864502,0.0,-12.747,1.0,1.0,,8,22,0.4,196.8,10,62
1589,-9.523438166070264e-06,-0.3100022077560425,-0.03,73.301,1.0,1.0,,8,21,0.5,160.6,10,55
1590,-2.3496093490393832e-05,-0.2875860333442688,0.01,-8.703,1.0,1.0,,8,21,0.4,147.9,10,53
1591,7.332811946980655e-05,-0.2703111469745636,-0.02,57.227,1.0,1.0,,8,20,0.5,174.9,10,55
1592,6.747948646079749e-05,-0.38576656579971313,0.01,-26.504,1.0,1.0,,7,21,0.4,179.0,10,58
1593,4.166010057815583e-06,-0.27658236026763916,-0.01,30.967,1.0,1.0,,7,22,0.7,172.0,10,55
1594,3.961328184232116e-05,-0.41678351163864136,-0.04,129.268,1.0,1.0,,7,21,0.2,166.6,10,55
1595,-0.00012248731218278408,-0.1920464038848877,0.01,-27.309,1.0,1.0,,7,19,0.2,171.2,10,55
1596,4.4891599827678874e-05,-0.23071373999118805,0.01,-34.606,1.0,1.0,,8,20,0.3,163.8,10,56
1597,-3.3779342629713938e-06,-0.2370101511478424,0.05,-142.864,1.0,1.0,,8,21,0.2,143.3,10,50
1598,-2.8928716346854344e-05,-0.2574128806591034,0.02,-56.884,1.0,1.0,,8,20,0.2,158.6,10,53
1599,-6.904492329340428e-05,-0.2046191394329071,-0.01,27.943,1.0,1.0,,8,20,0.3,178.3,10,58
1600,4.816601358470507e-05,-0.2904096245765686,0.01,-36.684,1.0,1.0,,8,18,0.2,170.3,10,57
1601,5.657222573063336e-06,-0.24443309009075165,0.01,-24.159,1.0,1.0,,7,18,0.2,175.3,10,57
1602,2.832324207702186e-05,-0.22165547311306,0.02,-66.174,1.0,1.0,,8,20,0.3,168.4,10,58
1603,-9.16298886295408e-05,-0.2525644898414612,0.0,0.0,1.0,1.0,,8,20,0.4,180.0,10,58
1604,0.0,-0.3271656632423401,0.02,-59.658,1.0,1.0,,8,21,0.2,146.9,10,53
1605,2.8554659365909174e-06,-0.17760324478149414,0.01,-34.773,1.0,1.0,,8,20,0.3,168.3,10,57
1606,-9.462890739087015e-05,-0.23767465353012085,0.04,-119.882,1.0,1.0,,8,21,0.5,187.2,10,59
1607,-4.0642575186211616e-05,-0.3428126275539398,0.05,-159.654,1.0,1.0,,8,21,0.2,141.9,10,50
1608,-3.735840800800361e-05,-0.21361182630062103,0.03,-86.485,1.0,1.0,,8,21,0.4,163.9,10,53
1609,-6.58007847960107e-05,-0.33416038751602173,0.0,0.0,1.0,1.0,,8,22,0.6,180.9,10,58
1610,0.0,-0.3581843674182892,0.0,-19.404,1.0,1.0,,8,21,0.2,149.4,10,51
1611,-3.0576329663745128e-06,-0.2496636062860489,-0.02,47.045,1.0,1.0,,8,21,0.5,184.7,10,58
1612,-3.879883297486231e-05,-0.3364883065223694,-0.01,23.006,1.0,1.0,,8,22,0.4,161.1,10,52
1613,4.10927677876316e-05,-0.3418302536010742,-0.01,16.831,1.0,1.0,,8,22,0.4,153.6,10,51
1614,0.00022188184084370732,-0.3162384033203125,-0.01,36.273,1.0,1.0,,8,24,0.2,163.1,10,54
1615,-3.588769322959706e-05,-0.21029606461524963,0.02,-51.059,1.0,1.0,,8,24,0.4,181.8,10,58
1616,-8.90146620804444e-05,-0.31252527236938477,0.03,-81.501,1.0,1.0,,8,25,0.6,182.3,10,56
1617,-8.31298966659233e-05,-0.3982527256011963,0.04,-111.126,1.0,1.0,,8,25,0.5,173.6,10,55
1618,-5.883105404791422e-05,-0.3479839563369751,0.02,-66.35,1.0,1.0,,8,24,0.1,141.7,10,51
1619,0.0001365322241326794,-0.1743706464767456,0.01,-31.784,1.0,1.0,,8,23,0.3,160.2,10,52
1620,0.00010723731247708201,-0.27510032057762146,0.04,-124.469,1.0,1.0,,8,22,0.5,185.2,10,56
1621,-6.134765862952918e-05,-0.3436760902404785,-0.02,46.234,1.0,1.0,,8,22,0.4,154.3,10,53
1622,3.6014644138049334e-05,-0.30237480998039246,0.01,-34.202,1.0,1.0,,8,23,0.5,185.9,10,59
1623,-3.4201173548353836e-05,-0.34523138403892517,0.03,-88.196,1.0,1.0,,8,22,0.2,163.8,10,56
1624,-1.2188473192509264e-05,-0.23710386455059052,0.01,-26.31,1.0,1.0,,8,22,0.5,180.1,10,59
1625,-3.384473529877141e-05,-0.3377850651741028,0.01,-35.454,1.0,1.0,,8,24,0.4,192.2,10,64
1626,-0.00010429004760226235,-0.2717055082321167,0.0,-10.97,1.0,1.0,,8,23,0.2,155.3,10,51
1627,2.427245635772124e-05,-0.2174380123615265,-0.0,5.968,1.0,1.0,,8,21,0.4,184.2,10,60
1628,7.853514034650289e-06,-0.29708683490753174,0.01,-35.589,1.0,1.0,,8,21,0.3,167.0,10,54
1629,9.66797642831807e-07,-0.3018178641796112,0.0,-16.013,1.0,1.0,,8,19,0.3,185.1,10,58
1630,4.16230468545109e-05,-0.2957523465156555,0.03,-82.193,1.0,1.0,,1,19,0.2,122.0,10,46
1631,3.804492371273227e-05,-0.1950123906135559,0.0,3.062,1.0,1.0,,1,19,0.2,152.8,10,52
1632,-7.148047734517604e-05,-0.24029622972011566,0.04,-106.773,1.0,1.0,,2,20,0.4,166.7,10,57
1633,-6.509765808004886e-05,-0.2800935208797455,0.0,-13.284,1.0,1.0,,2,21,0.3,168.0,10,56
1634,7.784376066410914e-05,-0.2307688593864441,0.02,-50.354,1.0,1.0,,2,20,0.3,146.4,10,50
1635,-6.824413139838725e-05,-0.28627175092697144,0.02,-46.523,1.0,1.0,,8,21,0.2,162.5,10,55
1636,-0.00013340722944121808,-0.2010757178068161,0.04,-110.355,1.0,1.0,,2,21,0.4,164.6,10,55
1637,-1.3233402569312602e-05,-0.28631117939949036,0.02,-43.678,1.0,1.0,,2,21,0.3,174.5,10,57
1638,-3.3085943869082257e-06,-0.2650529742240906,-0.01,31.783,1.0,1.0,,2,21,0.2,137.3,10,47
1639,-3.8497069908771664e-05,-0.2274039387702942,0.04,-118.915,1.0,1.0,,1,21,0.5,174.2,10,58
1640,-9.048536594491452e-05,-0.3204076886177063,-0.02,59.117,1.0,1.0,,1,20,0.5,170.1,10,55
1641,-0.00010111916344612837,-0.3399079144001007,-0.02,58.901,1.0,1.0,,1,20,0.2,160.4,10,55
1642,7.837305020075291e-05,-0.2057001143693924,0.03,-86.245,1.0,1.0,,8,20,0.4,181.1,10,59
1643,4.914941746392287e-05,-0.3199583888053894,0.0,0.0,1.0,1.0,,1,20,0.5,176.4,10,56
1644,0.0,-0.3362274765968323,-0.06,167.657,1.0,1.0,,1,21,0.1,144.1,10,50
1645,-0.00011783104127971455,-0.24929678440093994,0.01,-20.141,1.0,1.0,,1,21,0.4,169.4,10,57
1646,3.1580075301462784e-05,-0.2721300721168518,0.0,-7.248,1.0,1.0,,8,20,0.3,178.7,10,58
1647,6.160937482491136e-05,-0.2786591649055481,-0.0,6.688,1.0,1.0,,8,19,0.2,152.8,10,54
1648,1.0296876098436769e-05,-0.2127847969532013,0.06,-182.525,1.0,1.0,,1,20,0.3,147.5,10,51
1649,-0.0001645644661039114,-0.245407372713089,0.02,-50.368,1.0,1.0,,8,20,0.3,158.4,10,52
1650,2.5078120415855665e-06,-0.2767603397369385,0.0,-0.865,1.0,1.0,,1,20,0.1,140.1,10,49
1651,-0.00014070213364902884,-0.20769977569580078,-0.04,129.578,1.0,1.0,,1,21,0.2,159.7,10,52
1652,8.043163688853383e-05,-0.24603690207004547,-0.0,4.43,1.0,1.0,,1,21,0.4,176.8,10,56
1653,1.4815417671343312e-05,-0.30549830198287964,0.02,-67.851,1.0,1.0,,1,22,0.3,164.0,10,55
1654,0.00012901952140964568,-0.30708906054496765,0.05,-142.045,1.0,1.0,,2,22,0.3,167.6,10,55
1655,-9.398438123753294e-06,-0.2986156940460205,0.03,-91.57,1.0,1.0,,1,21,0.2,169.4,10,57
1656,-7.542481762357056e-05,-0.2099146693944931,0.05,-120.434,1.0,1.0,,1,23,0.1,148.9,10,50
1657,6.6367101680953056e-06,-0.1890539824962616,0.01,-16.786,1.0,1.0,,1,22,0.4,168.8,10,55
1658,-4.93691441079136e-05,-0.30547642707824707,-0.01,22.942,1.0,1.0,,1,23,0.3,176.3,10,57
1659,2.8326172468950972e-05,-0.30265408754348755,0.04,-121.289,1.0,1.0,,1,22,0.6,179.8,10,57
1660,5.690037505701184e-05,-0.4123702645301819,0.05,-148.252,1.0,1.0,,1,23,0.2,150.3,10,52
1661,-0.00015649512351956218,-0.16941411793231964,0.07,-191.613,1.0,1.0,,1,23,0.3,146.9,10,50
1662,0.00011196386185474694,-0.2675012946128845,0.01,-31.588,1.0,1.0,,1,24,0.4,159.6,10,52
1663,3.4267591217940208e-06,-0.3008791208267212,0.02,-47.917,1.0,1.0,,2,22,0.2,147.4,10,51
1664,1.8868164261220954e-05,-0.2619050145149231,0.05,-138.989,1.0,1.0,,2,25,0.4,161.8,10,55
1665,-0.0001594795030541718,-0.28826895356178284,-0.0,5.49,1.0,1.0,,2,23,0.8,193.1,10,61
1666,0.00011753221770050004,-0.5008735656738281,0.02,-54.734,1.0,1.0,,8,23,0.4,165.5,10,54
1667,-1.3032228707743343e-05,-0.34864383935928345,-0.02,56.344,1.0,1.0,,8,25,0.4,166.5,10,56
1668,-0.00010179297532886267,-0.2751816213130951,-0.02,64.603,1.0,1.0,,8,26,0.4,162.6,10,53
1669,-6.4326231949962676e-06,-0.3621079921722412,0.04,-108.145,1.0,1.0,,8,25,0.2,154.6,10,52
1670,-4.975488627678715e-05,-0.29469841718673706,0.0,-13.381,1.0,1.0,,8,23,0.4,178.8,10,60
1671,8.83300799614517e-06,-0.27312731742858887,0.03,-78.355,1.0,1.0,,8,24,0.3,175.6,10,55
1672,4.0701157558942214e-05,-0.2537047266960144,0.01,-33.123,1.0,1.0,,8,23,0.2,146.2,10,50
1673,-4.589874151861295e-07,-0.26361238956451416,0.0,-7.826,1.0,1.0,,8,23,0.3,172.2,10,56
1674,-8.627930219518021e-05,-0.2724106013774872,-0.0,4.829,1.0,1.0,,8,26,0.3,172.5,10,57
1675,1.0874020517803729e-05,-0.24029764533042908,0.01,-26.762,1.0,1.0,,8,27,0.3,178.4,10,57
1676,1.766601599229034e-05,-0.23779863119125366,0.03,-76.144,1.0,1.0,,8,27,0.2,165.3,10,56
1677,-5.9530277212616056e-05,-0.23534879088401794,0.06,-154.983,1.0,1.0,,8,27,0.3,154.6,10,53
1678,-8.325195813085884e-05,-0.26113271713256836,0.01,-42.014,1.0,1.0,,8,25,0.3,147.0,10,49
1679,6.19130878476426e-05,-0.29026666283607483,0.04,-121.943,1.0,1.0,,8,25,0.2,153.3,10,53
1680,2.5712877686601132e-05,-0.2202536016702652,0.05,-142.973,1.0,1.0,,8,24,0.2,165.9,10,55
1681,-2.6076182621181943e-05,-0.21368056535720825,-0.0,19.818,1.0,1.0,,8,23,0.4,172.3,10,56
1682,-5.972658982500434e-06,-0.3351376950740814,-0.03,76.03,1.0,1.0,,8,23,0.2,141.7,10,48
1683,-0.00010049708362203091,-0.23522205650806427,0.03,-94.532,1.0,1.0,,8,23,0.3,166.8,10,55
1684,-2.5223635020665824e-05,-0.2904004156589508,-0.04,108.139,1.0,1.0,,8,24,0.6,177.6,10,58
1685,7.065624231472611e-05,-0.38158971071243286,-0.0,5.474,1.0,1.0,,8,25,0.4,197.0,10,61
1686,-3.3242204153793864e-06,-0.3168260455131531,-0.02,48.274,1.0,1.0,,8,24,0.4,175.6,10,58
1687,-8.618945867056027e-05,-0.34093818068504333,0.01,-16.19,1.0,1.0,,8,25,0.2,159.2,10,54
1688,5.280273762764409e-05,-0.21554675698280334,0.03,-71.746,1.0,1.0,,8,25,0.2,150.0,10,52
1689,-7.294142415048555e-05,-0.22676721215248108,0.01,-28.406,1.0,1.0,,8,26,0.2,140.0,10,49
1690,-6.966113141970709e-05,-0.2212861031293869,-0.01,16.184,1.0,1.0,,8,27,0.3,174.2,10,59
1691,-0.00011131446808576584,-0.23140905797481537,0.02,-63.319,1.0,1.0,,8,27,0.3,168.8,10,58
1692,-9.272755414713174e-05,-0.2717543840408325,-0.0,10.474,1.0,1.0,,8,28,0.4,163.4,10,53
1693,1.6827139916131273e-05,-0.3320449888706207,0.03,-75.963,1.0,1.0,,8,27,0.4,189.3,10,61
1694,-6.86298735672608e-05,-0.3119320571422577,0.0,-12.86,1.0,1.0,,8,27,0.3,120.5,10,44
1695,-0.00010743946768343449,-0.30300503969192505,0.04,-94.913,1.0,1.0,,8,26,0.3,142.2,10,49
1696,-1.7418951756553724e-05,-0.2216303050518036,0.01,-44.281,1.0,1.0,,8,29,0.2,171.4,10,55
1697,-1.354297000943916e-05,-0.24374493956565857,0.0,-14.33,1.0,1.0,,8,27,0.2,184.2,10,59
1698,-0.00013783498434349895,-0.20157909393310547,0.09,-274.27,1.0,1.0,,8,27,0.2,137.1,10,47
1699,-0.00018630761769600213,-0.2495243102312088,-0.04,108.31,1.0,1.0,,8,25,0.2,152.3,10,52
1700,-5.123438313603401e-05,-0.23445478081703186,0.08,-223.835,1.0,1.0,,8,26,0.2,151.3,10,51
1701,-0.0001482929801568389,-0.21811287105083466,0.01,-39.456,1.0,1.0,,8,25,0.4,146.8,10,51
1702,2.8936523449374363e-05,-0.31440070271492004,-0.0,6.351,1.0,1.0,,8,23,0.3,170.2,10,57
1703,-3.4970689739566296e-06,-0.2479606568813324,0.03,-86.338,1.0,1.0,,8,22,0.2,139.7,10,49
1704,-1.5966796127031557e-05,-0.19395741820335388,-0.0,11.275,1.0,1.0,,8,23,0.5,169.5,10,55
1705,7.301757432287559e-05,-0.375069797039032,0.0,-15.544,1.0,1.0,,8,22,0.5,168.1,10,55
1706,3.517479854053818e-05,-0.35427969694137573,0.02,-63.234,1.0,1.0,,8,25,0.3,158.1,10,52
1707,-2.2537116819876246e-05,-0.24289387464523315,0.01,-42.12,1.0,1.0,,8,24,0.3,149.7,10,51
1708,3.5130855394527316e-05,-0.28899237513542175,0.0,-10.911,1.0,1.0,,8,24,0.4,175.7,10,56
1709,2.1424804799607955e-05,-0.29264381527900696,-0.0,12.289,1.0,1.0,,1,24,0.5,180.8,10,59
1710,4.49794897576794e-05,-0.2980022430419922,-0.03,83.523,1.0,1.0,,1,25,0.3,167.4,10,55
1711,1.1159168025187682e-05,-0.25567173957824707,0.01,-35.394,1.0,1.0,,1,25,0.2,151.3,10,53
1712,5.03320261486806e-05,-0.24807226657867432,-0.0,1.474,1.0,1.0,,1,26,0.3,160.1,10,56
1713,1.4422851563722361e-05,-0.22358134388923645,-0.02,67.118,1.0,1.0,,1,24,0.7,176.1,10,56
1714,-1.8957045540446416e-05,-0.4275839626789093,-0.05,158.075,1.0,1.0,,1,22,0.5,172.9,10,55
1715,-8.528126636520028e-05,-0.367745041847229,0.0,-13.381,1.0,1.0,,1,22,0.5,183.8,10,58
1716,8.83300799614517e-06,-0.3551252484321594,-0.0,6.998,1.0,1.0,,1,22,0.1,152.2,10,53
1717,-6.543947620230028e-06,-0.19931206107139587,0.08,-228.758,1.0,1.0,,1,21,0.2,143.3,10,49
1718,9.616211173124611e-06,-0.18959525227546692,0.0,-9.797,1.0,1.0,,8,21,0.5,155.2,10,51
1719,-9.793163917493075e-05,-0.3432522416114807,-0.02,53.089,1.0,1.0,,1,22,0.5,148.5,10,53
1720,5.751366916229017e-05,-0.35917001962661743,0.01,-21.006,1.0,1.0,,8,21,0.5,178.6,10,57
1721,2.1871090211789124e-05,-0.33192020654678345,0.03,-97.216,1.0,1.0,,1,22,0.3,151.0,10,50
1722,8.755664748605341e-05,-0.3005368113517761,0.02,-42.608,1.0,1.0,,1,22,0.4,152.6,10,52
1723,6.518654117826372e-05,-0.2997102737426758,0.01,-22.364,1.0,1.0,,1,25,0.3,176.9,10,58
1724,-6.109961395850405e-05,-0.2213015854358673,0.05,-143.105,1.0,1.0,,1,24,0.2,147.9,10,52
1725,4.446093589649536e-05,-0.21790194511413574,-0.0,0.971,1.0,1.0,,1,27,0.2,150.5,10,53
1726,5.5183587392093614e-05,-0.18366111814975739,0.02,-52.801,1.0,1.0,,1,29,0.3,171.0,10,55
1727,-3.183985245414078e-05,-0.2879279851913452,0.0,-18.375,1.0,1.0,,1,26,0.3,157.6,10,51
1728,1.2653315934585407e-05,-0.28256887197494507,-0.0,2.169,1.0,1.0,,1,26,0.3,139.8,10,50
1729,0.0001098154389183037,-0.25412118434906006,-0.03,72.616,1.0,1.0,,1,28,0.2,163.0,10,53
1730,-6.786132871638983e-05,-0.24096646904945374,0.02,-55.99,1.0,1.0,,1,28,0.3,162.6,10,54
1731,2.534472332627047e-05,-0.24338355660438538,0.02,-37.488,1.0,1.0,,1,28,0.1,142.5,10,50
1732,3.8105408748378977e-06,-0.1739879846572876,0.01,-20.347,1.0,1.0,,1,27,0.2,139.9,10,50
1733,-4.051772066304693e-06,-0.2615067660808563,-0.01,37.079,1.0,1.0,,1,27,0.3,164.3,10,55
1734,-4.787402576766908e-05,-0.26260942220687866,-0.02,62.598,1.0,1.0,,1,28,0.3,154.1,10,51
1735,-0.00010867971286643296,-0.26441311836242676,-0.02,57.664,1.0,1.0,,1,27,0.1,159.3,10,53
1736,-1.6202153346966952e-05,-0.17894496023654938,0.01,-12.701,1.0,1.0,,1,26,0.4,148.7,10,50
1737,-6.448047497542575e-05,-0.34604117274284363,0.04,-113.686,1.0,1.0,,1,25,0.3,148.5,10,51
1738,2.9683586035389453e-05,-0.293405145406723,-0.04,135.278,1.0,1.0,,1,24,0.2,162.3,10,56
1739,3.170603667967953e-05,-0.1997700184583664,0.02,-47.724,1.0,1.0,,1,25,0.5,179.3,10,57
1740,2.129295899067074e-05,-0.34201282262802124,0.02,-45.979,1.0,1.0,,1,27,0.1,159.5,10,54
1741,-0.00015259180509019643,-0.21036936342716217,0.01,-30.958,1.0,1.0,,1,25,0.4,192.8,10,61
1742,0.00013955272152088583,-0.2676045894622803,0.01,-26.3,1.0,1.0,,1,26,0.3,142.9,10,49
1743,-0.00010371094685979187,-0.269117534160614,-0.04,114.681,1.0,1.0,,1,25,0.1,156.1,10,53
1744,-8.024415365071036e-06,-0.24440047144889832,0.02,-75.189,1.0,1.0,,1,26,0.5,173.8,10,58
1745,-4.648048343369737e-05,-0.35826337337493896,0.01,-6.829,1.0,1.0,,1,27,0.2,140.6,10,50
1746,-0.00016486624372191727,-0.19105085730552673,0.01,-16.568,1.0,1.0,,1,27,0.5,177.1,10,57
1747,-3.0473638616967946e-05,-0.3911404609680176,-0.04,110.623,1.0,1.0,,1,25,0.4,168.4,10,54
1748,-4.278712731320411e-05,-0.3284008502960205,-0.02,50.86,1.0,1.0,,1,25,0.5,197.0,10,61
1749,-3.0605471692979336e-05,-0.3235623836517334,0.01,-33.838,1.0,1.0,,1,24,0.4,163.2,10,54
1750,-3.4668009902816266e-06,-0.28395742177963257,-0.02,46.842,1.0,1.0,,1,23,0.3,142.9,10,50
1751,-3.2763600756879896e-06,-0.2807241380214691,0.01,-33.201,1.0,1.0,,1,23,0.4,164.5,10,56
1752,-2.581542867119424e-05,-0.29685506224632263,0.1,-276.641,1.0,1.0,,1,22,0.4,173.5,10,57
1753,-0.00014301076589617878,-0.31349387764930725,0.03,-85.053,1.0,1.0,,1,23,0.3,146.5,10,50
1754,-0.00010746679618023336,-0.25822317600250244,0.01,-44.61,1.0,1.0,,1,22,0.0,148.8,10,51
1755,-6.707519787596539e-05,-0.15350303053855896,0.0,1.482,1.0,1.0,,1,22,0.2,132.6,10,50
1756,5.0463862862670794e-05,-0.2278253138065338,-0.03,84.699,1.0,1.0,,1,22,0.3,169.1,10,56
1757,-2.835742270690389e-05,-0.26692208647727966,-0.03,77.721,1.0,1.0,,1,22,0.3,179.6,10,57
1758,-1.131935277953744e-05,-0.24924781918525696,-0.02,67.798,1.0,1.0,,1,23,0.4,177.1,10,57
1759,-0.00014543556608259678,-0.3252831697463989,0.03,-71.094,1.0,1.0,,1,24,0.3,165.3,10,55
1760,2.6682606403483078e-05,-0.22629861533641815,-0.02,63.236,1.0,1.0,,1,25,0.8,189.0,10,58
1761,2.515723099349998e-05,-0.4889490008354187,-0.01,29.8,1.0,1.0,,1,27,0.5,141.2,10,48
1762,2.8916056180605665e-06,-0.34195002913475037,0.01,-35.436,1.0,1.0,,1,26,0.3,150.0,10,51
1763,7.470734999515116e-07,-0.2480606883764267,0.0,-2.9,1.0,1.0,,1,27,0.2,150.5,10,52
1764,-1.5152350897551514e-05,-0.20521971583366394,-0.01,36.739,1.0,1.0,,1,29,0.2,154.0,10,53
1765,-0.00021048926282674074,-0.2417437732219696,0.06,-167.162,1.0,1.0,,1,29,0.3,160.3,10,54
1766,-8.088086906354874e-05,-0.2827470004558563,0.0,-12.489,1.0,1.0,,1,28,0.2,138.6,10,48
1767,-9.98144878394669e-06,-0.252948135137558,0.05,-138.989,1.0,1.0,,1,30,0.2,153.7,10,55
1768,-0.00020298144954722375,-0.208933025598526,0.03,-74.279,1.0,1.0,,1,29,0.2,157.2,10,53
1769,-0.00010543751704972237,-0.2713663578033447,0.01,-32.346,1.0,1.0,,1,27,0.2,141.4,10,50
1770,-1.9304687157273293e-05,-0.17929747700691223,-0.01,24.667,1.0,1.0,,1,30,0.4,170.3,10,56
1771,-4.9503909394843504e-05,-0.3058631718158722,0.01,-24.391,1.0,1.0,,1,28,0.2,153.6,10,52
1772,-3.887698312610155e-06,-0.24371016025543213,-0.02,52.389,1.0,1.0,,1,29,0.2,155.0,10,51
1773,1.4921843103365973e-06,-0.24989010393619537,0.04,-98.61,1.0,1.0,,1,29,0.3,123.3,10,44
1774,5.162400702829473e-05,-0.2790508568286896,-0.0,12.584,1.0,1.0,,1,31,0.1,153.1,10,53
1775,5.649511149385944e-05,-0.20198781788349152,0.0,-4.912,1.0,1.0,,1,31,0.2,185.9,10,59
1776,-8.818365131446626e-06,-0.26902344822883606,-0.03,81.342,1.0,1.0,,1,31,0.3,139.9,10,49
1777,-2.4714858227525838e-05,-0.2844756543636322,0.04,-118.274,1.0,1.0,,1,32,0.3,143.9,10,50
1778,-0.00013340235454961658,-0.2639350891113281,-0.0,10.41,1.0,1.0,,1,32,0.4,170.7,10,56
1779,2.6003903258242644e-05,-0.2990378737449646,0.02,-76.816,1.0,1.0,,1,30,0.3,148.1,10,52
1780,5.902338671148755e-06,-0.2791653871536255,0.0,0.165,1.0,1.0,,1,31,0.4,158.7,10,52
1781,-0.0001598329981788993,-0.3244589865207672,0.0,-0.704,1.0,1.0,,1,31,0.1,134.3,10,48
1782,6.0328115068841726e-05,-0.2220550775527954,0.02,-41.477,1.0,1.0,,1,30,0.2,163.7,10,55
1783,-2.7909178243135102e-05,-0.23023515939712524,0.03,-78.241,1.0,1.0,,1,29,0.2,152.5,10,52
1784,1.0215826478088275e-05,-0.2510828971862793,-0.01,43.127,1.0,1.0,,1,30,0.2,148.4,10,51
1785,-5.876954674022272e-06,-0.24437010288238525,-0.01,32.652,1.0,1.0,,1,29,0.4,157.9,10,54
1786,-8.838867870508693e-06,-0.29417920112609863,-0.03,96.179,1.0,1.0,,1,28,0.5,171.0,10,53
1787,1.4256828762881923e-05,-0.3545014262199402,-0.03,112.514,1.0,1.0,,1,28,0.2,140.7,10,49
1788,-9.315334318671376e-05,-0.26834267377853394,-0.03,83.221,1.0,1.0,,1,26,0.3,154.7,10,53
1789,-3.2358409953303635e-05,-0.2416217029094696,-0.02,55.345,1.0,1.0,,1,26,0.2,163.3,10,56
1790,6.03905846219277e-06,-0.20175904035568237,0.01,-16.196,1.0,1.0,,1,27,0.3,156.9,10,52
1791,-6.464355101343244e-05,-0.25783929228782654,0.03,-92.994,1.0,1.0,,1,27,0.4,153.5,10,53
1792,-9.244921966455877e-05,-0.28952187299728394,-0.01,14.736,1.0,1.0,,1,25,0.4,150.3,10,50
1793,-5.7655277487356216e-05,-0.3315035104751587,0.0,-2.522,1.0,1.0,,1,26,0.3,164.6,10,55
1794,-4.117187563679181e-05,-0.24910137057304382,0.01,-48.716,1.0,1.0,,1,27,0.2,147.5,10,52
1795,-7.419726898660883e-05,-0.17184677720069885,0.0,-11.245,1.0,1.0,,1,24,0.3,152.8,10,52
1796,-0.00012583399075083435,-0.28764426708221436,0.02,-59.85,1.0,1.0,,1,23,0.1,122.9,10,45
1797,-0.00012614551815204322,-0.162962406873703,0.0,-5.504,1.0,1.0,,1,23,0.6,169.1,10,55
1798,9.077927097678185e-05,-0.3708183467388153,-0.0,11.421,1.0,1.0,,1,22,0.2,148.7,10,49
1799,-2.626172499731183e-05,-0.25620102882385254,-0.04,127.184,1.0,1.0,,1,21,0.2,137.4,10,47
1800,-0.00012357228843029588,-0.29399311542510986,0.02,-56.877,1.0,1.0,,4,21,0.1,135.4,10,47
1801,-9.051757842826191e-06,-0.20629453659057617,-0.0,4.298,1.0,1.0,,1,21,0.2,156.0,10,53
1802,-1.9706058083102107e-05,-0.2206522524356842,0.0,-20.766,1.0,1.0,,1,21,0.4,163.5,10,55
1803,-0.00011998438276350498,-0.2619345784187317,0.03,-85.335,1.0,1.0,,1,21,0.6,170.8,10,54
1804,-0.00019042287021875381,-0.4774485230445862,0.02,-53.98,1.0,1.0,,4,20,0.8,201.0,10,63
1805,7.901362550910562e-06,-0.42126184701919556,0.02,-66.837,1.0,1.0,,4,19,0.6,187.8,10,61
1806,-2.1153318812139332e-05,-0.3915373980998993,0.01,-31.588,1.0,1.0,,4,19,0.3,175.9,10,57
1807,3.4267591217940208e-06,-0.29551923274993896,-0.01,21.945,1.0,1.0,,4,19,0.5,192.3,10,59
1808,2.2149410142446868e-05,-0.3685952425003052,0.0,-11.078,1.0,1.0,,8,20,0.4,160.9,10,52
1809,8.813478416414e-06,-0.3115750253200531,0.0,7.353,1.0,1.0,,4,19,0.3,156.4,10,53
1810,-0.00013879298057872802,-0.26958411931991577,0.02,-48.594,1.0,1.0,,8,21,0.4,160.4,10,54
1811,-9.900684381136671e-05,-0.2537076473236084,-0.0,7.824,1.0,1.0,,8,20,0.5,163.0,10,54
1812,-5.071680061519146e-05,-0.29403266310691833,0.02,-51.151,1.0,1.0,,8,20,0.3,180.4,10,58
1813,-7.5468788054422475e-06,-0.31694141030311584,0.01,-20.874,1.0,1.0,,8,19,0.3,161.5,10,54
1814,-2.9827162506990135e-05,-0.2850874662399292,0.0,-4.243,1.0,1.0,,8,19,0.5,194.7,10,61
1815,4.389062087284401e-05,-0.34536826610565186,-0.03,82.332,1.0,1.0,,8,20,0.6,193.4,10,63
1816,-7.970607111928985e-05,-0.38724687695503235,0.0,-2.054,1.0,1.0,,8,20,0.4,167.0,10,54
1817,3.465819463599473e-05,-0.3008282482624054,0.02,-48.441,1.0,1.0,,8,20,0.4,157.4,10,51
1818,5.570313078351319e-06,-0.3108823895454407,0.08,-221.123,1.0,1.0,,8,21,0.4,169.3,10,56
1819,-8.932911441661417e-05,-0.33180102705955505,0.01,-23.62,1.0,1.0,,8,21,0.5,172.3,10,56
1820,-3.5986413422506303e-06,-0.336372435092926,0.01,-40.782,1.0,1.0,,4,21,0.3,146.4,10,51
1821,-0.00012490429799072444,-0.23687611520290375,0.0,-10.11,1.0,1.0,,8,21,0.2,153.2,10,52
1822,-9.17617289815098e-05,-0.2115897536277771,-0.09,263.987,1.0,1.0,,8,22,0.5,177.4,10,59
1823,-0.00015372266352642328,-0.3435782790184021,-0.03,92.353,1.0,1.0,,8,21,0.3,148.5,10,51
1824,-9.645019599702209e-05,-0.24013210833072662,0.01,-33.838,1.0,1.0,,8,21,0.3,172.5,10,56
1825,4.92382823722437e-05,-0.305078387260437,0.01,-41.101,1.0,1.0,,8,19,0.4,183.1,10,60
1826,-0.00011803321103798226,-0.3372737169265747,-0.01,28.323,1.0,1.0,,8,21,0.4,152.4,10,52
1827,2.8977541660424322e-05,-0.3247978091239929,0.05,-145.092,1.0,1.0,,8,21,0.5,198.8,10,61
1828,-5.137012340128422e-05,-0.3854309916496277,-0.01,12.535,1.0,1.0,,4,20,0.4,155.9,10,52
1829,-4.7965826524887234e-05,-0.3112402856349945,0.02,-51.679,1.0,1.0,,4,22,0.1,135.4,10,48
1830,-0.00010468848631717265,-0.1832500845193863,0.01,-17.873,1.0,1.0,,4,22,0.4,146.8,10,51
1831,-4.603222623700276e-05,-0.2665102481842041,0.04,-117.001,1.0,1.0,,4,22,0.3,178.0,10,56
1832,-3.636133260442875e-05,-0.26259779930114746,-0.02,55.978,1.0,1.0,,4,20,0.4,171.5,10,57
1833,4.8453126510139555e-05,-0.23518595099449158,-0.0,13.707,1.0,1.0,,4,21,0.3,173.8,10,56
1834,1.6219728422584012e-05,-0.25329822301864624,0.01,-21.99,1.0,1.0,,4,19,0.2,155.8,10,52
1835,-9.522462278255261e-06,-0.24636748433113098,0.04,-133.251,1.0,1.0,,4,20,0.5,181.8,10,58
1836,1.2571286788443103e-05,-0.341172993183136,0.0,4.763,1.0,1.0,,8,19,0.3,143.3,10,50
1837,-2.8203148758620955e-05,-0.23941479623317719,0.11,-318.689,1.0,1.0,,8,20,0.2,151.7,10,51
1838,-2.036620571743697e-05,-0.22084037959575653,0.03,-78.534,1.0,1.0,,8,20,0.4,168.7,10,56
1839,4.959960642736405e-05,-0.27149757742881775,-0.0,5.291,1.0,1.0,,8,20,0.5,182.9,10,59
1840,-6.982129707466811e-05,-0.3372466266155243,0.02,-36.407,1.0,1.0,,8,20,0.2,172.2,10,57
1841,-3.4525408409535885e-05,-0.21397240459918976,-0.0,6.162,1.0,1.0,,8,21,0.2,150.0,10,52
1842,-5.666896322509274e-05,-0.22752651572227478,0.01,-13.554,1.0,1.0,,4,21,0.3,165.4,10,54
1843,-0.0002206240314990282,-0.27087676525115967,-0.0,11.35,1.0,1.0,,4,19,0.3,155.1,10,51
1844,-0.00014862502575851977,-0.242941752076149,0.03,-79.134,1.0,1.0,,4,21,0.2,149.9,10,52
1845,-1.4973637007642537e-05,-0.25158900022506714,0.03,-88.324,1.0,1.0,,4,21,0.3,162.4,10,55
1846,-7.134668703656644e-05,-0.2642826735973358,0.03,-86.645,1.0,1.0,,4,21,0.2,159.7,10,54
1847,9.773437341209501e-06,-0.19063624739646912,0.08,-230.01,1.0,1.0,,4,22,0.3,170.8,10,57
1848,-7.806446228642017e-05,-0.29131022095680237,0.01,-13.132,1.0,1.0,,4,21,0.3,181.4,10,59
1849,6.044237670721486e-05,-0.2553160488605499,-0.01,35.047,1.0,1.0,,4,21,0.1,152.9,10,52
1850,-3.5915058106184006e-05,-0.22146835923194885,0.01,-15.439,1.0,1.0,,4,22,0.3,147.2,10,52
1851,0.00013904103252571076,-0.25501224398612976,0.01,-28.363,1.0,1.0,,4,21,0.2,148.4,10,51
1852,7.873533468227834e-05,-0.21539118885993958,0.0,-11.078,1.0,1.0,,1,21,0.2,165.4,10,56
1853,8.813478416414e-06,-0.24185492098331451,-0.03,81.244,1.0,1.0,,1,22,0.9,199.1,10,62
1854,-6.787695019738749e-05,-0.5291078090667725,-0.02,47.691,1.0,1.0,,1,22,0.5,167.1,10,55
1855,-3.960936737712473e-06,-0.325228750705719,0.02,-45.111,1.0,1.0,,1,22,0.3,150.6,10,51
1856,-0.00010334277612855658,-0.2527087330818176,-0.0,6.051,1.0,1.0,,1,21,0.2,160.4,10,54
1857,-6.30849608569406e-05,-0.24514257907867432,-0.03,99.838,1.0,1.0,,1,22,0.5,183.9,10,59
1858,-1.9818382497760467e-05,-0.3495126962661743,0.01,-19.272,1.0,1.0,,1,23,0.2,161.0,10,55
1859,4.5083987060934305e-05,-0.23203593492507935,0.0,-9.289,1.0,1.0,,1,23,0.3,176.9,10,57
1860,2.153905552404467e-05,-0.27206653356552124,-0.02,53.789,1.0,1.0,,1,23,0.4,171.4,10,54
1861,-1.178418369818246e-05,-0.3520725965499878,-0.03,81.973,1.0,1.0,,1,22,0.2,160.9,10,57
1862,3.927441139239818e-05,-0.12544317543506622,-0.0,11.308,1.0,1.0,,1,23,0.2,152.7,10,51
1863,2.404101542197168e-05,-0.25488924980163574,0.04,-104.049,1.0,1.0,,1,24,0.1,155.2,10,53
1864,6.0908096202183515e-06,-0.18043829500675201,-0.03,80.73,1.0,1.0,,1,24,0.4,170.3,10,57
1865,-0.00010457324970047921,-0.3090505301952362,-0.01,30.22,1.0,1.0,,1,23,0.5,164.8,10,55
1866,-6.942481559235603e-05,-0.3438054323196411,-0.0,7.074,1.0,1.0,,1,24,0.6,189.3,10,58
1867,-3.149121766909957e-05,-0.42066746950149536,0.04,-124.765,1.0,1.0,,1,22,0.3,170.1,10,56
1868,0.00014206542982719839,-0.26959556341171265,0.0,-10.175,1.0,1.0,,1,23,0.4,152.7,10,51
1869,1.2054686521878466e-05,-0.3446376919746399,0.03,-59.061,1.0,1.0,,1,23,0.2,153.7,10,53
1870,-0.00013198732631281018,-0.22957946360111237,-0.01,39.081,1.0,1.0,,1,22,0.3,146.0,10,51
1871,-9.575200238032266e-06,-0.2285611629486084,0.04,-99.815,1.0,1.0,,1,23,0.1,154.2,10,52
1872,-4.9645521357888356e-05,-0.22262614965438843,0.03,-97.064,1.0,1.0,,1,23,0.4,155.2,10,51
1873,-4.8583005991531536e-05,-0.3521996736526489,0.02,-56.622,1.0,1.0,,1,23,0.6,216.3,10,66
1874,2.5058566279767547e-06,-0.41090357303619385,0.02,-63.996,1.0,1.0,,1,22,0.3,146.3,10,50
1875,9.014453826239333e-05,-0.27253293991088867,0.03,-106.268,1.0,1.0,,1,22,0.4,150.8,10,52
1876,-2.4222652427852154e-05,-0.3036147952079773,-0.01,36.816,1.0,1.0,,1,23,0.5,188.6,10,62
1877,9.081640018848702e-05,-0.33736610412597656,0.01,-36.393,1.0,1.0,,1,21,0.4,152.5,10,53
1878,-7.749024007353e-06,-0.327276349067688,0.05,-155.235,1.0,1.0,,1,22,0.3,163.2,10,53
1879,-0.00012168360262876377,-0.28377842903137207,-0.05,169.73,1.0,1.0,,1,22,0.4,152.3,10,51
1880,-4.690430432674475e-05,-0.3472174108028412,-0.01,47.594,1.0,1.0,,1,22,0.2,134.6,10,48
1881,-1.4336928870761767e-05,-0.2589470148086548,-0.02,60.109,1.0,1.0,,1,22,0.5,172.5,10,56
1882,2.5756833565537818e-05,-0.31092822551727295,0.01,-29.744,1.0,1.0,,1,21,0.3,184.5,10,60
1883,3.510058741085231e-05,-0.23536920547485352,-0.0,7.089,1.0,1.0,,1,20,0.8,197.3,10,60
1884,5.7783145166467875e-06,-0.448967307806015,0.04,-130.201,1.0,1.0,,1,21,0.1,160.1,10,54
1885,-5.262403647066094e-05,-0.21138179302215576,0.03,-84.703,1.0,1.0,,1,21,0.3,165.9,10,55
1886,-6.843261508038267e-05,-0.272233784198761,-0.01,17.54,1.0,1.0,,1,21,0.4,173.8,10,58
1887,0.00011160934809595346,-0.32479292154312134,0.01,-43.283,1.0,1.0,,1,23,0.7,179.2,10,57
1888,-1.8584019016998354e-06,-0.42338913679122925,0.06,-151.524,1.0,1.0,,1,21,0.5,186.7,10,59
1889,-0.0001298047136515379,-0.36231258511543274,0.01,-40.297,1.0,1.0,,1,21,0.4,155.0,10,51
1890,-6.957910227356479e-05,-0.3088672459125519,0.01,-34.932,1.0,1.0,,1,22,0.5,167.9,10,55
1891,-3.808789188042283e-05,-0.4006504416465759,0.01,-26.318,1.0,1.0,,1,22,0.3,177.4,10,57
1892,-0.0001187431626021862,-0.2969980835914612,-0.01,34.163,1.0,1.0,,1,22,0.4,170.2,10,55
1893,-2.6253903342876583e-05,-0.290961891412735,0.04,-116.807,1.0,1.0,,1,21,0.2,163.2,10,55
1894,-0.00010417579323984683,-0.2368592768907547,-0.03,97.966,1.0,1.0,,1,20,0.4,153.5,10,52
1895,1.767562935128808e-06,-0.34072741866111755,0.01,-40.937,1.0,1.0,,1,21,0.2,163.6,10,54
1896,-1.4110353731666692e-05,-0.24298834800720215,0.02,-66.797,1.0,1.0,,1,21,0.3,151.7,10,54
1897,-2.9255865229060873e-05,-0.2509678602218628,-0.01,30.137,1.0,1.0,,1,22,0.5,164.7,10,53
1898,1.5953122783685103e-05,-0.35924190282821655,0.03,-82.713,1.0,1.0,,1,22,0.4,169.2,10,58
1899,-0.00011929981701541692,-0.27507781982421875,-0.01,16.879,1.0,1.0,,1,22,0.4,187.4,10,59
1900,3.626171746873297e-05,-0.3072929084300995,0.04,-103.423,1.0,1.0,,1,22,0.5,155.2,10,52
1901,-0.00011032715701730922,-0.3456224501132965,0.09,-237.075,1.0,1.0,,1,22,0.4,160.4,10,53
1902,-2.2572286979993805e-05,-0.32184529304504395,0.06,-155.882,1.0,1.0,,1,22,0.2,138.5,10,48
1903,-0.00021609864779748023,-0.23803813755512238,0.01,-15.49,1.0,1.0,,4,20,0.2,143.6,10,51
1904,4.078027268406004e-05,-0.233101025223732,-0.03,108.067,1.0,1.0,,1,22,0.3,177.9,10,58
1905,-0.00014337210450321436,-0.25534266233444214,-0.01,29.582,1.0,1.0,,8,21,0.2,171.0,10,57
1906,2.5907223971444182e-05,-0.20007190108299255,-0.02,58.975,1.0,1.0,,8,21,0.2,155.3,10,53
1907,-2.9434577299980447e-05,-0.22612735629081726,0.03,-100.231,1.0,1.0,,8,21,0.4,165.5,10,55
1908,-8.718066965229809e-05,-0.2853246331214905,0.05,-127.156,1.0,1.0,,4,20,0.3,171.5,10,56
1909,-7.031446875771508e-05,-0.2795898914337158,0.03,-93.933,1.0,1.0,,8,21,0.3,145.8,10,52
1910,-1.4547848877555225e-05,-0.2783593535423279,0.01,-35.793,1.0,1.0,,4,20,0.3,164.9,10,53
1911,3.6640603866544552e-06,-0.28097817301750183,0.02,-54.809,1.0,1.0,,1,19,0.4,161.6,10,53
1912,-7.735059625701979e-05,-0.2871881127357483,-0.03,78.795,1.0,1.0,,1,21,0.6,172.8,10,56
1913,-7.968751560838427e-06,-0.4342818260192871,0.02,-52.607,1.0,1.0,,8,21,0.2,159.4,10,56
1914,1.2307611541473307e-05,-0.15853548049926758,0.03,-99.497,1.0,1.0,,8,19,0.5,144.4,10,50
1915,-0.0001404394570272416,-0.3966512382030487,-0.0,5.476,1.0,1.0,,8,20,0.1,141.2,10,51
1916,-0.00011175293911946937,-0.2094048112630844,-0.02,50.341,1.0,1.0,,4,20,0.3,148.7,10,49
1917,1.606640398676973e-05,-0.27510374784469604,0.01,-26.574,1.0,1.0,,8,20,0.6,187.4,10,57
1918,-4.0170900319935754e-05,-0.4418720602989197,-0.0,1.951,1.0,1.0,,8,20,0.4,165.1,10,55
1919,-4.635351069737226e-05,-0.32361751794815063,0.03,-75.221,1.0,1.0,,8,20,0.3,132.4,10,49
1920,-9.072167449630797e-05,-0.24515505135059357,-0.04,104.875,1.0,1.0,,8,21,0.6,168.5,10,53
1921,-4.005865775980055e-06,-0.38005369901657104,0.06,-166.105,1.0,1.0,,8,20,0.3,187.8,10,60
1922,-9.310157474828884e-05,-0.26224565505981445,-0.01,29.582,1.0,1.0,,8,20,0.3,171.8,10,56
1923,2.5907223971444182e-05,-0.27904292941093445,-0.01,37.011,1.0,1.0,,8,20,0.3,170.0,10,57
1924,3.1458010198548436e-05,-0.24715495109558105,-0.0,7.328,1.0,1.0,,8,21,0.6,186.6,10,59
1925,6.251171726034954e-05,-0.41249361634254456,0.03,-92.879,1.0,1.0,,1,21,0.3,169.5,10,55
1926,-2.9230466680019163e-05,-0.25564518570899963,-0.02,46.234,1.0,1.0,,8,21,0.3,166.9,10,55
1927,3.528222441673279e-05,-0.28824979066848755,0.04,-111.017,1.0,1.0,,8,21,0.2,153.8,10,52
1928,-5.563476406678092e-06,-0.22609943151474,0.01,-23.646,1.0,1.0,,8,21,0.4,194.0,10,61
1929,3.777343954425305e-05,-0.33044278621673584,-0.01,20.311,1.0,1.0,,8,20,0.4,169.1,10,55
1930,-3.922949326806702e-05,-0.3537192642688751,0.05,-144.582,1.0,1.0,,8,20,0.4,177.2,10,55
1931,-7.415234722429886e-05,-0.37556391954421997,0.1,-297.697,1.0,1.0,,8,21,0.4,143.4,10,49
1932,-0.00016318164125550538,-0.28927502036094666,-0.04,130.613,1.0,1.0,,8,21,0.5,185.4,10,59
1933,-0.00011408203863538802,-0.33008742332458496,0.04,-118.516,1.0,1.0,,1,21,0.3,165.5,10,56
1934,-0.00011800782522186637,-0.22275204956531525,0.01,-28.063,1.0,1.0,,1,23,0.1,139.3,10,50
1935,-2.6708989025792107e-05,-0.22614145278930664,0.02,-62.906,1.0,1.0,,1,22,0.4,169.5,10,55
1936,-6.161328929010779e-05,-0.3060879111289978,-0.01,16.816,1.0,1.0,,1,21,0.4,166.8,10,56
1937,-0.00014552148059010506,-0.2794986665248871,0.02,-50.729,1.0,1.0,,1,23,0.4,178.8,10,58
1938,6.238085916265845e-05,-0.29021158814430237,0.01,-24.616,1.0,1.0,,1,24,0.1,153.6,10,54
1939,4.0804679883876815e-05,-0.19342666864395142,0.04,-112.774,1.0,1.0,,1,23,0.5,168.4,10,54
1940,-3.412598016439006e-05,-0.3886042833328247,-0.01,22.448,1.0,1.0,,1,25,0.4,155.6,10,51
1941,2.5719728000694886e-05,-0.2791200876235962,0.04,-121.462,1.0,1.0,,1,26,0.3,160.3,10,55
1942,-0.0001339453156106174,-0.2108156979084015,0.01,-28.202,1.0,1.0,,1,26,0.1,158.9,10,55
1943,6.036425111233257e-05,-0.16369545459747314,0.03,-100.832,1.0,1.0,,1,25,0.3,148.9,10,52
1944,-0.0002828046854119748,-0.24092935025691986,-0.0,2.121,1.0,1.0,,1,25,0.3,183.3,10,59
1945,-4.353612894192338e-05,-0.28096896409988403,-0.02,59.185,1.0,1.0,,1,24,0.3,146.7,10,51
1946,4.487302703637397e-06,-0.2605721354484558,0.02,-56.887,1.0,1.0,,1,25,0.3,167.3,10,54
1947,5.945898010395467e-05,-0.25427189469337463,0.02,-62.557,1.0,1.0,,1,24,0.6,177.6,10,57
1948,0.0001644062576815486,-0.3971497118473053,-0.0,10.591,1.0,1.0,,1,23,0.3,159.6,10,55
1949,3.400976493139751e-05,-0.2025706171989441,0.03,-98.605,1.0,1.0,,1,25,0.3,185.8,10,60
1950,4.003319554612972e-05,-0.22617998719215393,0.04,-127.814,1.0,1.0,,1,26,0.5,181.7,10,58
1951,-3.3043954317690805e-05,-0.3711133599281311,-0.0,7.944,1.0,1.0,,1,26,0.2,160.9,10,55
1952,-0.00015197852917481214,-0.21709737181663513,0.03,-68.099,1.0,1.0,,1,25,0.3,151.3,10,51
1953,-6.00195380684454e-06,-0.2545657157897949,-0.01,34.042,1.0,1.0,,1,24,0.3,169.1,10,58
1954,3.198046761099249e-05,-0.2377607822418213,0.01,-21.574,1.0,1.0,,1,24,0.4,175.6,10,58
1955,4.038574479636736e-05,-0.3250337839126587,0.04,-115.683,1.0,1.0,,1,25,0.5,183.3,10,60
1956,-3.178321640007198e-05,-0.31347450613975525,-0.0,11.397,1.0,1.0,,1,25,0.3,153.1,10,51
1957,1.2367183444439434e-05,-0.33285245299339294,-0.04,108.823,1.0,1.0,,1,26,0.5,161.4,10,51
1958,-7.132715836632997e-05,-0.3668373227119446,-0.06,192.3,1.0,1.0,,1,26,0.3,168.2,10,56
1959,-9.520706225885078e-05,-0.3165537714958191,-0.01,16.844,1.0,1.0,,1,24,0.2,163.4,10,54
1960,-4.7785157221369445e-05,-0.21784472465515137,0.01,-15.385,1.0,1.0,,1,24,0.3,154.0,10,53
1961,4.36718764831312e-05,-0.3001059591770172,-0.03,97.14,1.0,1.0,,1,24,0.5,180.9,10,58
1962,-4.2432613554410636e-05,-0.3728063106536865,0.02,-42.945,1.0,1.0,,1,24,0.4,170.7,10,55
1963,-3.491601819405332e-05,-0.3374082148075104,0.01,-28.356,1.0,1.0,,1,24,0.3,166.1,10,55
1964,3.7599609640892595e-05,-0.3042224943637848,-0.02,71.807,1.0,1.0,,1,24,0.6,169.2,10,54
1965,5.323925142874941e-05,-0.4107596278190613,0.06,-161.99,1.0,1.0,,1,23,0.2,172.5,10,56
1966,-2.2655287466477603e-05,-0.19391652941703796,0.02,-75.18,1.0,1.0,,1,25,0.5,176.7,10,55
1967,-2.368848436162807e-05,-0.42112353444099426,-0.03,78.839,1.0,1.0,,1,25,0.4,137.0,10,49
1968,3.890331572620198e-05,-0.28341642022132874,-0.04,131.129,1.0,1.0,,1,27,0.3,170.2,10,55
1969,-0.00011571777577046305,-0.3074888288974762,0.02,-54.423,1.0,1.0,,1,25,0.3,171.6,10,57
1970,-2.909961767727509e-05,-0.2690798044204712,0.09,-259.475,1.0,1.0,,1,25,0.7,193.8,10,60
1971,-0.00013116601621732116,-0.46321219205856323,0.0,-9.943,1.0,1.0,,1,28,0.3,156.7,10,51
1972,-1.4466797438217327e-05,-0.2965638339519501,-0.01,24.928,1.0,1.0,,1,27,0.4,156.1,10,52
1973,1.7416990885976702e-05,-0.2885062098503113,-0.02,66.371,1.0,1.0,,1,28,0.2,148.7,10,52
1974,2.2513668227475137e-05,-0.22355058789253235,0.06,-164.009,1.0,1.0,,1,28,0.2,146.2,10,51
1975,-3.431933873798698e-05,-0.2119280844926834,-0.0,8.625,1.0,1.0,,1,28,0.3,157.0,10,53
1976,3.901365744241048e-06,-0.27544456720352173,-0.07,187.214,1.0,1.0,,1,26,0.1,139.5,10,50
1977,-0.00011315527808619663,-0.15374909341335297,-0.01,24.199,1.0,1.0,,1,29,0.1,164.7,10,53
1978,-6.177736395329703e-06,-0.2562728822231293,0.02,-32.345,1.0,1.0,,1,29,0.2,147.6,10,51
1979,-0.0001748750073602423,-0.23796513676643372,0.03,-84.724,1.0,1.0,,1,29,0.3,159.4,10,55
1980,-6.61210942780599e-05,-0.2573518753051758,-0.05,170.494,1.0,1.0,,1,28,0.4,151.1,10,51
1981,2.846970164682716e-05,-0.2696601152420044,-0.01,29.131,1.0,1.0,,1,27,0.4,167.8,10,57
1982,-1.5012701624073088e-05,-0.32078784704208374,0.03,-85.398,1.0,1.0,,1,28,0.4,171.4,10,55
1983,-9.824343578657135e-07,-0.3051295280456543,-0.06,189.693,1.0,1.0,,1,29,0.3,162.3,10,53
1984,-2.346675501030404e-06,-0.3094700276851654,0.01,-18.806,1.0,1.0,,1,30,0.4,150.4,10,52
1985,-9.942090400727466e-05,-0.3038961589336395,-0.01,20.819,1.0,1.0,,1,29,0.2,157.6,10,53
1986,2.376953125349246e-05,-0.2133895307779312,-0.0,10.858,1.0,1.0,,1,29,0.5,175.4,10,57
1987,-1.9402345060370862e-05,-0.33155572414398193,0.06,-156.294,1.0,1.0,,1,30,0.5,177.3,10,57
1988,-0.00010261230636388063,-0.36122387647628784,0.07,-191.217,1.0,1.0,,1,32,0.3,148.1,10,50
1989,-5.719141699955799e-05,-0.29131636023521423,-0.01,18.885,1.0,1.0,,1,30,0.5,164.1,10,54
1990,6.927733466000063e-06,-0.3904816806316376,-0.02,51.098,1.0,1.0,,1,30,0.5,168.2,10,55
1991,-4.958009230904281e-05,-0.3713890016078949,-0.01,23.038,1.0,1.0,,1,30,0.2,149.1,10,52
1992,-5.016605427954346e-06,-0.22369341552257538,-0.0,9.584,1.0,1.0,,1,30,0.2,156.6,10,53
1993,9.835936907620635e-06,-0.20070920884609222,0.02,-59.977,1.0,1.0,,1,30,0.2,169.1,10,54
1994,7.224606633826625e-06,-0.22683800756931305,0.01,-22.783,1.0,1.0,,1,31,0.3,163.9,10,55
1995,-5.282324491417967e-05,-0.2520972490310669,-0.01,48.279,1.0,1.0,,1,30,0.3,179.4,10,58
1996,3.072265099035576e-05,-0.27698177099227905,-0.0,13.678,1.0,1.0,,1,31,0.0,151.0,10,52
1997,8.64433532115072e-05,-0.1731041520833969,-0.0,6.779,1.0,1.0,,1,30,0.3,172.0,10,58
1998,3.6820310924667865e-05,-0.26389557123184204,-0.11,322.326,1.0,1.0,,1,32,0.4,149.3,10,50
1999,8.047069422900677e-05,-0.2966049909591675,0.03,-68.769,1.0,1.0,,1,32,0.4,155.8,10,51
2000,-0.00017676566494628787,-0.3470928370952606,-0.0,2.895,1.0,1.0,,1,32,0.2,160.3,10,53
2001,2.3796870664227754e-05,-0.2078889012336731,-0.07,210.582,1.0,1.0,,1,33,0.3,164.6,10,56
2002,0.00018744240514934063,-0.27531319856643677,0.02,-55.367,1.0,1.0,,1,33,0.3,157.5,10,52
2003,1.0374023986514658e-05,-0.27466660737991333,0.09,-231.923,1.0,1.0,,1,33,0.3,148.4,10,50
2004,-0.00012049022188875824,-0.286135733127594,-0.0,21.516,1.0,1.0,,1,32,0.2,146.8,10,50
2005,-0.00011968456237809733,-0.22286884486675262,0.01,-15.434,1.0,1.0,,1,31,0.3,142.6,10,50
2006,-5.316992974258028e-05,-0.260981023311615,0.01,-28.959,1.0,1.0,,1,30,0.5,167.5,10,54
2007,-2.3220705770654604e-05,-0.3606783151626587,-0.01,45.668,1.0,1.0,,1,31,0.2,139.6,10,49
2008,-5.451075412565842e-05,-0.26126497983932495,-0.01,29.621,1.0,1.0,,1,30,0.1,136.5,10,49
2009,1.870214873633813e-05,-0.23749901354312897,-0.01,28.363,1.0,1.0,,1,29,0.1,142.2,10,50
2010,-7.143358379835263e-05,-0.17569582164287567,-0.02,58.217,1.0,1.0,,1,28,0.4,171.6,10,54
2011,-1.717187842587009e-05,-0.3335931897163391,0.01,-19.891,1.0,1.0,,1,29,0.4,152.2,10,52
2012,-6.3876996136968955e-06,-0.32486021518707275,0.03,-80.012,1.0,1.0,,1,28,0.2,127.5,10,46
2013,2.4809569367789663e-05,-0.256897896528244,0.04,-94.448,1.0,1.0,,1,28,0.5,173.0,10,56
2014,2.7354497433407232e-05,-0.34497225284576416,-0.02,72.323,1.0,1.0,,1,28,0.2,147.6,10,50
2015,-3.306642611278221e-05,-0.27352288365364075,0.01,-29.916,1.0,1.0,,1,30,0.3,160.1,10,55
2016,2.1901369109400548e-05,-0.2539713978767395,0.01,-38.081,1.0,1.0,,1,29,0.3,140.2,10,49
2017,-0.00018002052092924714,-0.27982833981513977,0.04,-106.941,1.0,1.0,,1,32,0.4,171.8,10,57
2018,4.496090696193278e-06,-0.2645449638366699,0.03,-91.884,1.0,1.0,,1,32,0.6,200.3,10,61
2019,2.102734288200736e-05,-0.39758604764938354,-0.01,30.471,1.0,1.0,,1,31,0.5,170.3,10,55
2020,0.00019018554303329438,-0.3867606520652771,-0.02,51.154,1.0,1.0,,1,33,0.1,127.8,10,46
2021,-8.748243271838874e-05,-0.20409834384918213,0.03,-79.28,1.0,1.0,,1,32,0.3,182.3,10,59
2022,6.745995779056102e-05,-0.30472779273986816,0.03,-99.711,1.0,1.0,,1,33,0.7,171.9,10,54
2023,2.811132617352996e-05,-0.5060709714889526,-0.01,32.194,1.0,1.0,,1,36,0.5,171.8,10,56
2024,-1.0839847163879313e-05,-0.29829177260398865,0.02,-59.288,1.0,1.0,,1,35,0.1,130.1,10,47
2025,-0.00016996583144646138,-0.18367689847946167,-0.02,55.94,1.0,1.0,,1,35,0.4,176.0,10,56
2026,3.812402064795606e-05,-0.3424367308616638,0.05,-153.289,1.0,1.0,,1,36,0.5,162.2,10,54
2027,-8.604591857874766e-05,-0.2945089042186737,0.01,-16.363,1.0,1.0,,1,35,0.2,149.8,10,51
2028,-1.3060547644272447e-05,-0.23694100975990295,-0.03,88.949,1.0,1.0,,1,34,0.2,142.5,10,50
2029,8.334472659043968e-05,-0.2587965726852417,0.03,-76.046,1.0,1.0,,1,33,0.7,165.9,10,54
2030,-1.8173977878177539e-06,-0.470169335603714,0.02,-63.176,1.0,1.0,,1,32,0.4,171.7,10,57
2031,6.8535182435880415e-06,-0.2928919792175293,0.02,-65.808,1.0,1.0,,1,33,0.2,166.5,10,58
2032,-9.559182217344642e-05,-0.19208677113056183,0.0,-4.107,1.0,1.0,,1,34,0.3,157.9,10,52
2033,8.264550706371665e-05,-0.2975781261920929,-0.0,6.219,1.0,1.0,,1,33,0.5,171.5,10,56
2034,-2.2708019969286397e-05,-0.3417526185512543,-0.08,241.568,1.0,1.0,,1,32,0.4,157.4,10,54
2035,-0.00019659279496409,-0.30402931571006775,0.02,-62.87,1.0,1.0,,1,32,0.3,162.2,10,56
2036,-5.2477549616014585e-05,-0.2819712162017822,0.04,-103.718,1.0,1.0,,1,32,0.5,191.9,10,60
2037,0.0001242529251612723,-0.32366451621055603,0.02,-59.228,1.0,1.0,,1,32,0.3,146.8,10,51
2038,-6.269536243053153e-06,-0.3016345798969269,-0.02,62.605,1.0,1.0,,1,33,0.3,154.0,10,54
2039,4.8947258619591594e-05,-0.283047616481781,-0.02,63.106,1.0,1.0,,1,35,0.2,156.0,10,52
2040,-0.00017547851894050837,-0.2400776892900467,0.07,-195.971,1.0,1.0,,1,36,0.3,148.7,10,52
2041,-9.442090959055349e-05,-0.2506813406944275,0.02,-39.954,1.0,1.0,,1,32,0.4,184.8,10,59
2042,-2.7243166186963208e-05,-0.3271273076534271,0.0,-2.297,1.0,1.0,,1,31,0.3,157.8,10,56
2043,1.896582034532912e-05,-0.24349075555801392,-0.01,27.002,1.0,1.0,,1,32,0.3,158.1,10,55
2044,-2.1750984160462394e-05,-0.27087724208831787,-0.05,156.139,1.0,1.0,,1,34,0.4,167.1,10,54
2045,-0.00010719435522332788,-0.3432531952857971,-0.01,19.084,1.0,1.0,,1,32,0.3,151.8,10,53
2046,-8.451074245385826e-05,-0.29758426547050476,0.01,-44.245,1.0,1.0,,1,30,0.2,137.4,10,48
2047,5.995118954160716e-06,-0.2440623790025711,0.0,-6.49,1.0,1.0,,1,29,0.2,152.3,10,52
2048,-0.00014222462777979672,-0.20386803150177002,-0.01,30.271,1.0,1.0,,1,29,0.2,156.8,10,53
2049,-4.876974344369955e-06,-0.23232774436473846,-0.0,5.877,1.0,1.0,,1,28,0.1,121.1,10,45
2050,-0.00016493748989887536,-0.1958334892988205,-0.0,3.096,1.0,1.0,,1,28,0.4,148.8,10,51
2051,2.882324406527914e-05,-0.36808931827545166,-0.02,54.972,1.0,1.0,,1,30,0.4,148.7,10,50
2052,1.4002929674461484e-05,-0.32440903782844543,0.01,-43.931,1.0,1.0,,1,29,0.3,165.5,10,55
2053,3.0009741749381647e-06,-0.2383185625076294,0.01,-26.058,1.0,1.0,,1,30,0.3,156.5,10,53
2054,1.791308750398457e-05,-0.25352996587753296,0.06,-155.065,1.0,1.0,,1,32,0.3,158.6,10,54
2055,-0.0001865752274170518,-0.2563852369785309,0.0,-6.174,1.0,1.0,,1,31,0.3,153.6,10,53
2056,1.4514647773467004e-05,-0.22554443776607513,0.01,-35.901,1.0,1.0,,1,32,0.5,182.1,10,58
2057,-7.99160116002895e-05,-0.35609522461891174,0.02,-51.426,1.0,1.0,,1,31,0.3,160.4,10,54
2058,-0.0002540820278227329,-0.28488296270370483,-0.01,17.283,1.0,1.0,,1,31,0.4,190.5,10,61
2059,1.8448241462465376e-05,-0.3269970118999481,0.01,-32.071,1.0,1.0,,1,31,0.2,133.2,10,49
2060,-7.073535380186513e-05,-0.20682565867900848,-0.02,46.091,1.0,1.0,,1,30,0.5,183.9,10,57
2061,-4.6169931010808796e-05,-0.3733646273612976,-0.01,19.516,1.0,1.0,,1,30,0.2,159.8,10,55
2062,-1.748048816807568e-07,-0.22940948605537415,0.04,-116.372,1.0,1.0,,1,30,0.4,172.8,10,55
2063,4.035839447169565e-05,-0.2842777967453003,0.01,-15.078,1.0,1.0,,1,29,0.4,171.5,10,57
2064,6.353517164825462e-06,-0.300087571144104,-0.03,96.421,1.0,1.0,,1,28,0.3,147.8,10,50
2065,-4.596581857185811e-05,-0.2493237853050232,-0.01,30.996,1.0,1.0,,1,28,0.5,195.1,10,62
2066,5.9907226386712864e-05,-0.37394478917121887,-0.02,50.129,1.0,1.0,,1,29,0.5,177.8,10,58
2067,9.894541108224075e-06,-0.34385865926742554,-0.01,29.177,1.0,1.0,,1,28,0.3,156.6,10,52
2068,1.2675780453719199e-05,-0.26491042971611023,-0.02,45.314,1.0,1.0,,1,28,0.3,171.8,10,56
2069,-1.2202155630802736e-05,-0.25295066833496094,-0.03,75.973,1.0,1.0,,1,28,0.2,167.4,10,55
2070,8.07743999757804e-05,-0.19213181734085083,0.05,-154.571,1.0,1.0,,1,28,0.3,166.6,10,56
2071,-0.00012284083641134202,-0.25426656007766724,-0.0,7.566,1.0,1.0,,1,27,0.4,172.9,10,58
2072,1.604881981620565e-05,-0.2990402579307556,0.0,-2.807,1.0,1.0,,1,27,0.2,141.9,10,49
2073,3.0464845622191206e-05,-0.265150785446167,0.04,-97.97,1.0,1.0,,1,28,0.3,167.0,10,54
2074,4.144627746427432e-05,-0.30280986428260803,0.02,-57.831,1.0,1.0,,1,28,0.4,154.1,10,51
2075,1.0775391274364665e-05,-0.3060982823371887,-0.02,56.202,1.0,1.0,,1,29,0.2,147.8,10,51
2076,9.473241516388953e-05,-0.24246059358119965,-0.0,15.577,1.0,1.0,,1,30,0.2,162.5,10,54
2077,-5.179981599212624e-05,-0.24104151129722595,0.02,-64.559,1.0,1.0,,1,30,0.4,157.3,10,53
2078,1.3971677617519163e-05,-0.2620616555213928,0.09,-260.138,1.0,1.0,,1,31,0.1,132.8,10,46
2079,-6.0399441281333566e-05,-0.22796402871608734,0.01,-36.92,1.0,1.0,,1,30,0.4,162.8,10,53
2080,4.6835935791023076e-05,-0.3220089077949524,0.03,-94.143,1.0,1.0,,1,30,0.1,134.9,10,49
2081,3.339257091283798e-05,-0.26969993114471436,-0.01,39.603,1.0,1.0,,1,30,0.3,180.9,10,58
2082,2.531054269638844e-05,-0.2736397385597229,0.0,-12.438,1.0,1.0,,1,29,0.4,157.8,10,52
2083,-3.247656786697917e-05,-0.3780367970466614,-0.04,134.366,1.0,1.0,,1,28,0.2,135.2,10,48
2084,-6.242090603336692e-05,-0.22418516874313354,0.05,-138.841,1.0,1.0,,1,29,0.3,177.0,10,57
2085,-0.00010255958477500826,-0.28313708305358887,0.01,-38.361,1.0,1.0,,1,28,0.3,165.6,10,55
2086,4.0816401451593265e-05,-0.2903842329978943,-0.01,22.586,1.0,1.0,,1,28,0.2,159.6,10,54
2087,1.1747068128897808e-05,-0.25231873989105225,-0.01,36.38,1.0,1.0,,1,29,0.4,171.1,10,57
2088,-7.400782487820834e-05,-0.302998423576355,-0.06,181.492,1.0,1.0,,1,29,0.3,178.9,10,61
2089,-3.90644563594833e-05,-0.23880726099014282,0.01,-24.459,1.0,1.0,,1,28,0.3,159.9,10,54
2090,1.764648550306447e-05,-0.26482832431793213,-0.06,177.06,1.0,1.0,,1,29,0.4,188.2,10,61
2091,-3.287402796559036e-05,-0.31579646468162537,0.03,-70.539,1.0,1.0,,1,28,0.2,180.8,10,60
2092,-0.00018907227786257863,-0.2250341773033142,-0.0,2.688,1.0,1.0,,1,28,0.4,177.5,10,59
2093,7.83691484684823e-06,-0.3092716336250305,0.0,-12.217,1.0,1.0,,1,27,0.2,142.4,10,51
2094,-9.453160600969568e-07,-0.20468026399612427,0.02,-45.342,1.0,1.0,,1,27,0.5,180.2,10,58
2095,2.3546876036562026e-05,-0.32442566752433777,0.01,-37.396,1.0,1.0,,1,26,0.4,172.3,10,57
2096,2.6451169105712324e-05,-0.29323244094848633,0.04,-126.348,1.0,1.0,,1,26,0.4,160.9,10,53
2097,1.2509753105405252e-05,-0.3393545150756836,0.07,-201.895,1.0,1.0,,1,26,0.7,201.8,10,63
2098,-2.1168951207073405e-05,-0.38720202445983887,0.0,-8.264,1.0,1.0,,1,26,0.5,179.2,10,59
2099,-9.926367056323215e-05,-0.276725709438324,0.04,-107.65,1.0,1.0,,1,26,0.3,147.8,10,50
2100,-2.3332037017098628e-05,-0.2760695219039917,0.04,-121.226,1.0,1.0,,1,26,0.2,149.5,10,53
2101,3.228710193070583e-05,-0.24323561787605286,0.0,-2.818,1.0,1.0,,1,26,0.3,171.9,10,58
2102,1.6076170140877366e-05,-0.2664914131164551,0.07,-213.645,1.0,1.0,,1,25,0.3,164.6,10,55
2103,8.515526133123785e-05,-0.21192124485969543,0.04,-106.655,1.0,1.0,,1,24,0.6,190.9,10,59
2104,-8.979883568827063e-05,-0.3824848532676697,0.0,-3.832,1.0,1.0,,1,24,0.1,163.2,10,55
2105,-5.878906449652277e-05,-0.20380669832229614,-0.04,117.536,1.0,1.0,,1,24,0.4,161.0,10,54
2106,1.9420895114308223e-05,-0.31390267610549927,0.09,-245.116,1.0,1.0,,1,23,0.4,166.7,10,55
2107,6.1874980019638315e-06,-0.3054923713207245,0.01,-20.32,1.0,1.0,,1,24,0.5,195.0,10,63
2108,9.14746033231495e-06,-0.3538232445716858,0.02,-50.232,1.0,1.0,,1,24,0.4,177.7,10,57
2109,8.476562652504072e-05,-0.3029868006706238,0.04,-115.336,1.0,1.0,,1,23,0.2,161.3,10,55
2110,-5.0279290007892996e-05,-0.2596488893032074,0.01,-22.288,1.0,1.0,,1,25,0.5,178.7,10,58
2111,-4.592089680954814e-05,-0.36464041471481323,0.0,-14.133,1.0,1.0,,1,25,0.2,150.0,10,52
2112,-3.1371098884847015e-05,-0.22004324197769165,0.06,-165.345,1.0,1.0,,1,26,0.4,155.5,10,51
2113,-8.867189171724021e-05,-0.31071966886520386,-0.03,80.795,1.0,1.0,,1,24,0.3,152.6,10,53
2114,2.7861327907885425e-05,-0.25614428520202637,-0.01,21.185,1.0,1.0,,1,24,0.4,184.6,10,60
2115,1.742969106999226e-05,-0.287611186504364,0.06,-188.002,1.0,1.0,,1,23,0.2,134.4,10,47
2116,-9.020704601425678e-05,-0.2631370425224304,0.01,-36.026,1.0,1.0,,1,24,0.4,163.5,10,54
2117,-8.462012920062989e-05,-0.3009312152862549,-0.0,15.191,1.0,1.0,,1,24,0.1,141.3,10,48
2118,-7.255566742969677e-05,-0.2211965024471283,-0.03,86.796,1.0,1.0,,1,25,0.2,150.0,10,52
2119,-9.806737944018096e-05,-0.2073332965373993,0.02,-40.115,1.0,1.0,,1,24,0.6,187.3,10,59
2120,-9.735059575177729e-05,-0.3687686324119568,-0.05,142.479,1.0,1.0,,1,24,0.4,188.3,10,59
2121,-0.0001429951225873083,-0.32478439807891846,-0.03,107.484,1.0,1.0,,1,23,0.4,159.9,10,55
2122,-4.178711606073193e-05,-0.29227375984191895,-0.03,99.447,1.0,1.0,,1,24,0.3,161.9,10,55
2123,-2.4801767722237855e-05,-0.2617284953594208,-0.0,10.2,1.0,1.0,,1,24,0.3,155.5,10,51
2124,-7.339845979004167e-06,-0.31913506984710693,0.05,-132.779,1.0,1.0,,1,26,0.1,144.2,10,50
2125,-2.625487104523927e-05,-0.2379387468099594,0.04,-130.626,1.0,1.0,,1,26,0.2,146.2,10,50
2126,-7.879688928369433e-05,-0.24004918336868286,-0.01,20.958,1.0,1.0,,1,24,0.4,158.8,10,52
2127,-3.537104930728674e-06,-0.33220767974853516,0.02,-51.274,1.0,1.0,,1,25,0.4,176.7,10,56
2128,-1.2994147255085409e-05,-0.30342721939086914,-0.0,6.688,1.0,1.0,,1,24,0.4,198.1,10,61
2129,1.0296876098436769e-05,-0.3060711622238159,0.02,-57.417,1.0,1.0,,1,25,0.2,166.2,10,56
2130,-4.229786281939596e-05,-0.20137512683868408,0.04,-109.119,1.0,1.0,,1,24,0.4,160.1,10,53
2131,-2.9091810574755073e-05,-0.3210030496120453,-0.0,12.6,1.0,1.0,,1,26,0.2,160.2,10,55
2132,-0.00013960059732198715,-0.24165701866149902,-0.01,26.896,1.0,1.0,,1,25,0.5,176.8,10,58
2133,3.038573413505219e-05,-0.3350268602371216,0.01,-48.997,1.0,1.0,,1,25,0.2,160.3,10,54
2134,-2.864257839974016e-05,-0.2504885196685791,0.01,-13.32,1.0,1.0,,1,24,0.3,194.0,10,63
2135,3.42470666510053e-05,-0.24572201073169708,-0.01,25.785,1.0,1.0,,1,23,0.5,166.6,10,56
2136,-1.6414060155511834e-05,-0.3655500113964081,0.01,-40.508,1.0,1.0,,1,24,0.7,204.5,10,64
2137,-1.2860342394560575e-05,-0.40238550305366516,-0.04,107.976,1.0,1.0,,1,24,0.2,165.0,10,56
2138,1.9983395759481937e-05,-0.2110489457845688,0.02,-60.405,1.0,1.0,,1,23,0.3,154.2,10,53
2139,-4.3298827222315595e-05,-0.2921907901763916,0.01,-36.916,1.0,1.0,,1,24,0.6,158.9,10,53
2140,-0.00011158691631862894,-0.379192590713501,0.04,-103.871,1.0,1.0,,1,23,0.6,179.5,10,58
2141,-6.581053639820311e-06,-0.407728910446167,0.02,-47.085,1.0,1.0,,1,25,0.3,146.7,10,51
2142,-8.36328854347812e-06,-0.23820087313652039,0.04,-120.344,1.0,1.0,,1,25,0.3,178.1,10,58
2143,-3.788965113926679e-05,-0.3008345067501068,0.0,-10.0,1.0,1.0,,1,25,0.4,161.8,10,55
2144,2.482616764609702e-05,-0.3112608790397644,0.0,7.902,1.0,1.0,,1,24,0.2,150.1,10,52
2145,-7.838865712983534e-06,-0.23772640526294708,-0.0,8.773,1.0,1.0,,1,23,0.4,143.4,10,49
2146,1.7341797502012923e-05,-0.29772576689720154,0.01,-18.937,1.0,1.0,,1,24,0.5,170.3,10,56
2147,1.034179877024144e-05,-0.354432076215744,0.01,-39.118,1.0,1.0,,1,23,0.3,176.3,10,58
2148,-2.4231447241618298e-05,-0.259376585483551,0.01,-15.216,1.0,1.0,,1,23,0.5,156.5,10,50
2149,-4.676172829931602e-05,-0.3216347098350525,0.03,-93.64,1.0,1.0,,1,23,0.2,138.5,10,49
2150,-9.680469520390034e-05,-0.17262372374534607,0.04,-126.782,1.0,1.0,,1,23,0.5,170.1,10,56
2151,-7.593360351165757e-05,-0.30760473012924194,0.03,-94.732,1.0,1.0,,1,23,0.5,185.3,10,58
2152,5.980076457490213e-05,-0.3616047501564026,0.04,-123.624,1.0,1.0,,1,23,0.6,191.1,10,59
2153,-4.793945845449343e-05,-0.413326621055603,-0.02,62.794,1.0,1.0,,1,23,0.1,127.3,10,46
2154,-8.653614349896088e-05,-0.1946128010749817,0.01,-36.835,1.0,1.0,,1,23,0.5,175.9,10,57
2155,-6.013668098603375e-06,-0.41542911529541016,0.03,-66.186,1.0,1.0,,1,22,0.5,157.9,10,53
2156,-8.262792835012078e-05,-0.3011200428009033,0.02,-47.464,1.0,1.0,,1,22,0.3,156.3,10,54
2157,-2.069433503493201e-05,-0.21035897731781006,0.0,7.287,1.0,1.0,,1,23,0.4,159.9,10,53
2158,-3.925684723071754e-05,-0.32206469774246216,0.01,-34.455,1.0,1.0,,1,23,0.2,158.5,10,53
2159,-0.00012295412307139486,-0.249078631401062,-0.01,38.166,1.0,1.0,,1,23,0.4,157.8,10,53
2160,4.025000089313835e-05,-0.28355854749679565,0.02,-57.531,1.0,1.0,,1,22,0.4,187.9,10,62
2161,-4.280956636648625e-05,-0.2855132818222046,0.02,-41.803,1.0,1.0,,1,24,0.2,143.7,10,51
2162,-2.0162109649390914e-05,-0.19207145273685455,0.02,-60.915,1.0,1.0,,1,23,0.2,161.1,10,54
2163,-1.6769536159699783e-05,-0.21576416492462158,0.03,-69.282,1.0,1.0,,1,24,0.2,139.5,10,49
2164,1.8251954315928742e-05,-0.199159175157547,-0.0,14.215,1.0,1.0,,1,23,0.7,198.0,10,60
2165,-6.703128747176379e-06,-0.4488726556301117,0.03,-94.558,1.0,1.0,,1,22,0.4,145.3,10,51
2166,-4.339062434155494e-05,-0.2814735770225525,0.01,-26.533,1.0,1.0,,1,21,0.2,149.6,10,52
2167,-7.2324255597777665e-06,-0.2312951236963272,0.01,-25.059,1.0,1.0,,1,22,0.5,171.5,10,53
2168,7.58691385271959e-06,-0.3534744679927826,0.02,-66.914,1.0,1.0,,1,22,0.2,171.2,10,55
2169,-0.00011097462265752256,-0.19437403976917267,0.01,-41.469,1.0,1.0,,1,22,0.4,186.8,10,59
2170,-4.0666018321644515e-05,-0.34905576705932617,0.02,-61.702,1.0,1.0,,1,23,0.3,160.4,10,53
2171,2.1276371626299806e-05,-0.2554433047771454,-0.0,6.204,1.0,1.0,,1,21,0.4,167.8,10,57
2172,2.3269531084224582e-05,-0.3335919678211212,-0.01,18.886,1.0,1.0,,1,22,0.5,185.2,10,60
2173,5.089355545351282e-05,-0.31559503078460693,0.02,-53.405,1.0,1.0,,1,21,0.5,163.6,10,52
2174,2.233393388451077e-06,-0.38071268796920776,-0.0,-4.524,1.0,1.0,,1,22,0.4,159.3,10,53
2175,1.939451976795681e-06,-0.3717237412929535,0.02,-51.045,1.0,1.0,,1,21,0.8,178.4,10,55
2176,-4.228223406244069e-05,-0.5446840524673462,0.03,-78.309,1.0,1.0,,1,21,0.2,161.6,10,53
2177,-6.723339902237058e-05,-0.2217516005039215,0.02,-45.46,1.0,1.0,,1,21,0.2,128.6,10,48
2178,1.0687494068406522e-05,-0.22159574925899506,0.03,-90.792,1.0,1.0,,1,22,0.4,166.7,10,54
2179,2.0591785869328305e-05,-0.3329821825027466,0.03,-97.424,1.0,1.0,,1,22,0.1,130.5,10,47
2180,-0.00014467971050180495,-0.17413517832756042,-0.0,6.431,1.0,1.0,,1,21,0.5,169.2,10,55
2181,6.221581134013832e-05,-0.37561938166618347,0.0,-4.874,1.0,1.0,,1,22,0.4,158.4,10,52
2182,4.484668170334771e-05,-0.27907854318618774,0.06,-159.647,1.0,1.0,,1,23,0.3,161.7,10,55
2183,-7.716798791079782e-06,-0.21274533867835999,-0.01,23.34,1.0,1.0,,1,23,0.5,173.9,10,55
2184,1.9671875634230673e-05,-0.3732263445854187,-0.01,26.111,1.0,1.0,,1,23,0.4,177.9,10,59
2185,5.5567375966347754e-05,-0.31575512886047363,0.01,-25.583,1.0,1.0,,1,22,0.3,160.4,10,54
2186,-7.90576305007562e-05,-0.25780153274536133,-0.0,7.938,1.0,1.0,,1,23,0.2,150.7,10,51
2187,-3.1867195502854884e-05,-0.2120235115289688,0.01,-17.003,1.0,1.0,,1,23,0.2,153.5,10,53
2188,-1.5345713109127246e-05,-0.22113928198814392,-0.01,48.357,1.0,1.0,,1,23,0.3,161.8,10,55
2189,2.522265276638791e-05,-0.26214954257011414,0.01,-42.216,1.0,1.0,,1,23,0.4,150.8,10,51
2190,2.5457025913055986e-05,-0.3014151155948639,0.01,-23.834,1.0,1.0,,1,22,0.4,155.5,10,52
2191,9.343750207335688e-06,-0.2731788158416748,0.02,-62.264,1.0,1.0,,1,23,0.3,153.5,10,54
2192,9.692383173387498e-05,-0.25366464257240295,0.03,-70.996,1.0,1.0,,1,23,0.5,168.2,10,55
2193,-1.5658210031688213e-05,-0.3700542449951172,0.0,-13.893,1.0,1.0,,1,23,0.3,130.7,10,47
2194,-9.541504550725222e-05,-0.2737625539302826,0.04,-113.231,1.0,1.0,,1,23,0.3,159.7,10,53
2195,-5.202344982535578e-05,-0.25933849811553955,-0.0,6.418,1.0,1.0,,1,21,0.5,173.4,10,57
2196,5.7470708270557225e-05,-0.3579552471637726,0.0,-11.164,1.0,1.0,,1,22,0.2,158.5,10,53
2197,-1.9033222997677512e-06,-0.22642284631729126,-0.02,41.494,1.0,1.0,,1,22,0.2,145.0,10,49
2198,-4.969240399077535e-05,-0.23284277319908142,-0.03,80.344,1.0,1.0,,1,22,0.7,186.6,10,57
2199,6.442870653700083e-05,-0.4544534385204315,-0.01,27.696,1.0,1.0,,1,23,0.3,150.7,10,52
2200,3.097069566138089e-05,-0.28377193212509155,0.06,-178.522,1.0,1.0,,1,23,0.5,200.0,10,62
2201,-9.865333413472399e-05,-0.32976338267326355,-0.03,71.618,1.0,1.0,,1,22,0.4,158.7,10,55
2202,-9.621385834179819e-05,-0.24718207120895386,0.04,-101.225,1.0,1.0,,1,23,0.2,158.4,10,54
2203,-0.00012945510388817638,-0.2773258686065674,0.07,-189.175,1.0,1.0,,1,23,0.3,145.1,10,49
2204,-0.00020266017236281186,-0.3207957148551941,0.02,-49.32,1.0,1.0,,1,22,0.2,145.0,10,50
2205,9.081933239940554e-05,-0.27444541454315186,-0.02,46.756,1.0,1.0,,1,22,0.5,166.7,10,54
2206,-7.906836253823712e-05,-0.35080188512802124,-0.0,9.011,1.0,1.0,,1,23,0.3,150.3,10,52
2207,-5.9799811424454674e-05,-0.26710546016693115,0.03,-88.837,1.0,1.0,,1,22,0.2,131.1,10,48
2208,-6.659667997155339e-05,-0.20076510310173035,0.03,-53.324,1.0,1.0,,1,22,0.2,148.1,10,51
2209,-0.00016625977877993137,-0.2158408910036087,-0.0,11.943,1.0,1.0,,1,22,0.3,161.0,10,56
2210,3.680664303828962e-05,-0.3152441382408142,0.02,-47.496,1.0,1.0,,1,21,0.2,148.9,10,52
2211,-3.434374957578257e-05,-0.22128811478614807,0.02,-68.021,1.0,1.0,,1,23,0.4,167.2,10,53
2212,2.9436525437631644e-05,-0.304654985666275,0.06,-176.679,1.0,1.0,,1,22,0.2,154.7,10,53
2213,2.630853487062268e-06,-0.22630926966667175,0.0,-11.212,1.0,1.0,,1,23,0.1,158.1,10,54
2214,5.219530430622399e-05,-0.17543768882751465,0.02,-58.165,1.0,1.0,,1,21,0.2,163.5,10,56
2215,-7.645508594578132e-05,-0.248860701918602,0.01,-20.116,1.0,1.0,,1,21,0.5,182.8,10,60
2216,-3.1847666832618415e-05,-0.30191999673843384,-0.0,5.861,1.0,1.0,,1,22,0.3,157.6,10,52
2217,-0.00011589941277634352,-0.28593456745147705,0.02,-44.408,1.0,1.0,,1,21,0.4,177.4,10,56
2218,-5.6230483096442185e-06,-0.3486507534980774,-0.01,21.518,1.0,1.0,,1,22,0.4,160.7,10,53
2219,-4.9002934247255325e-05,-0.27852535247802734,-0.0,11.076,1.0,1.0,,1,21,0.2,156.7,10,53
2220,5.85576199227944e-05,-0.2598637640476227,0.06,-191.704,1.0,1.0,,1,21,0.2,138.4,10,49
2221,-0.00011531641939654946,-0.24068015813827515,0.05,-134.982,1.0,1.0,,1,21,0.3,149.3,10,52
2222,-0.00017831544391810894,-0.2711901068687439,0.01,-36.996,1.0,1.0,,1,22,0.2,161.3,10,55
2223,1.8946286218124442e-05,-0.18222014605998993,-0.0,1.275,1.0,1.0,,1,20,0.2,145.1,10,51
2224,6.230502549442463e-07,-0.22369889914989471,-0.03,82.395,1.0,1.0,,1,20,0.2,145.6,10,50
2225,1.7231439414899796e-05,-0.22205618023872375,0.01,-25.308,1.0,1.0,,1,20,0.3,132.9,10,47
2226,-5.079101811134024e-06,-0.26322126388549805,0.09,-258.524,1.0,1.0,,1,21,0.6,189.4,10,59
2227,-8.753125439397991e-05,-0.4170268177986145,-0.02,61.547,1.0,1.0,,1,21,0.4,164.8,10,53
2228,2.7224603400100023e-05,-0.337532103061676,0.0,-2.858,1.0,1.0,,1,22,0.2,138.6,10,48
2229,-1.703906491457019e-05,-0.2582433819770813,0.01,-22.997,1.0,1.0,,1,20,0.4,172.0,10,55
2230,-7.261523569468409e-05,-0.3285231590270996,-0.01,16.696,1.0,1.0,,1,21,0.3,182.9,10,57
2231,7.261036080308259e-05,-0.301885187625885,-0.0,15.788,1.0,1.0,,1,21,0.2,174.5,10,58
2232,-0.00010176756768487394,-0.21870532631874084,-0.02,52.246,1.0,1.0,,1,21,0.4,165.6,10,56
2233,6.615918391617015e-05,-0.27044469118118286,-0.06,185.448,1.0,1.0,,1,21,0.7,191.9,10,58
2234,-0.00018576756701804698,-0.47795718908309937,0.02,-55.323,1.0,1.0,,1,21,0.4,165.9,10,55
2235,-3.657226625364274e-05,-0.3227439522743225,0.04,-113.61,1.0,1.0,,8,22,0.2,155.4,10,53
2236,-8.392090967390686e-05,-0.2175678014755249,-0.05,164.746,1.0,1.0,,1,22,0.5,162.3,10,53
2237,-8.82353779161349e-05,-0.3253045678138733,-0.09,266.981,1.0,1.0,,1,21,0.4,161.0,10,55
2238,-0.00012691115261986852,-0.28458645939826965,0.01,-21.692,1.0,1.0,,8,21,0.2,159.1,10,53
2239,2.353711170144379e-05,-0.22432628273963928,0.01,-25.923,1.0,1.0,,1,22,0.5,177.4,10,57
2240,7.054980960674584e-05,-0.33555710315704346,0.03,-86.459,1.0,1.0,,1,21,0.4,158.2,10,51
2241,1.0271479368384462e-05,-0.3026183247566223,-0.0,3.453,1.0,1.0,,8,21,0.2,155.4,10,52
2242,2.113867230946198e-05,-0.2393871247768402,0.04,-111.695,1.0,1.0,,1,22,0.4,177.8,10,57
2243,-3.4436532587278634e-05,-0.2794979214668274,0.01,-38.941,1.0,1.0,,1,22,0.2,169.7,10,57
2244,-8.404294931096956e-06,-0.24810054898262024,-0.0,6.115,1.0,1.0,,1,22,0.3,179.5,10,57
2245,3.92539041058626e-05,-0.2827303409576416,0.05,-126.725,1.0,1.0,,1,21,0.2,139.1,10,50
2246,3.319140523672104e-05,-0.20695218443870544,0.02,-47.191,1.0,1.0,,1,22,0.5,166.4,10,54
2247,6.048144859960303e-05,-0.3135979175567627,0.02,-55.723,1.0,1.0,,1,22,0.2,164.3,10,54
2248,-7.715625542914495e-05,-0.24999696016311646,0.02,-61.893,1.0,1.0,,1,21,0.3,160.0,10,55
2249,-7.625586295034736e-05,-0.21866104006767273,0.0,-10.248,1.0,1.0,,1,21,0.7,193.4,10,62
2250,-3.02226599160349e-05,-0.3840937316417694,-0.02,55.473,1.0,1.0,,1,21,0.2,149.8,10,51
2251,-2.2891608750796877e-05,-0.21074289083480835,-0.03,91.486,1.0,1.0,,1,22,0.2,159.6,10,54
2252,1.1165033356519416e-05,-0.21386820077896118,0.02,-69.831,1.0,1.0,,1,21,0.4,180.4,10,58
2253,-6.220214709173888e-05,-0.3211371898651123,-0.01,41.374,1.0,1.0,,1,22,0.2,139.8,10,49
2254,-4.781933967024088e-05,-0.20877307653427124,0.01,-48.704,1.0,1.0,,1,22,0.5,155.1,10,52
2255,-9.503028559265658e-05,-0.3768306374549866,0.03,-78.465,1.0,1.0,,1,22,0.1,146.2,10,52
2256,-4.761132731800899e-05,-0.197679802775383,0.0,-12.1,1.0,1.0,,1,21,0.1,163.3,10,55
2257,-6.777637463528663e-05,-0.19236284494400024,0.0,-6.693,1.0,1.0,,1,21,0.4,156.8,10,53
2258,1.912988409458194e-05,-0.3183281123638153,0.06,-158.934,1.0,1.0,,1,21,0.3,159.1,10,53
2259,1.1760743291233666e-05,-0.24557556211948395,0.13,-351.083,1.0,1.0,,1,22,0.4,164.8,10,52
2260,3.175585516146384e-05,-0.3431597352027893,0.0,-16.464,1.0,1.0,,1,21,0.5,158.4,10,53
2261,-2.6590834750095382e-05,-0.3916926383972168,-0.0,3.13,1.0,1.0,,1,22,0.1,119.7,10,44
2262,-7.832520350348204e-05,-0.20340293645858765,-0.01,27.698,1.0,1.0,,1,22,0.3,151.0,10,53
2263,-3.626075340434909e-05,-0.26588910818099976,0.0,-3.721,1.0,1.0,,1,22,0.2,154.2,10,53
2264,-2.1039071725681424e-05,-0.21349643170833588,0.02,-67.57,1.0,1.0,,1,22,0.3,157.3,10,53
2265,-5.598438292508945e-05,-0.2629912495613098,0.0,-4.05,1.0,1.0,,1,21,0.1,153.6,10,52
2266,8.678711310494691e-06,-0.1740509420633316,0.0,-4.001,1.0,1.0,,1,21,0.5,174.2,10,56
2267,-2.4599614789622137e-06,-0.3495916724205017,0.01,-33.745,1.0,1.0,,1,21,0.4,178.4,10,57
2268,-1.3325203326530755e-05,-0.31763020157814026,0.01,-40.188,1.0,1.0,,1,20,0.5,155.6,10,54
2269,-5.244182830210775e-07,-0.33785998821258545,0.11,-316.84,1.0,1.0,,8,21,0.5,150.9,10,52
2270,-5.353516826289706e-05,-0.3671092987060547,-0.01,30.876,1.0,1.0,,1,21,0.4,159.0,10,54
2271,6.968066008994356e-05,-0.29679185152053833,0.02,-42.961,1.0,1.0,,1,22,0.5,174.1,10,59
2272,-4.321973756304942e-05,-0.32742661237716675,-0.01,18.794,1.0,1.0,,1,20,0.2,174.6,10,58
2273,5.3526367992162704e-05,-0.23359671235084534,-0.07,191.212,1.0,1.0,,1,21,0.3,161.5,10,53
2274,3.023827594006434e-05,-0.3097756505012512,-0.03,96.568,1.0,1.0,,1,21,0.3,140.6,10,49
2275,-5.233595584286377e-05,-0.2680949568748474,0.0,-0.416,1.0,1.0,,1,21,0.3,158.8,10,54
2276,5.3953124734107405e-05,-0.27500346302986145,0.03,-77.643,1.0,1.0,,1,22,0.2,145.8,10,52
2277,1.009765128401341e-05,-0.2386569082736969,-0.0,4.828,1.0,1.0,,1,20,0.3,169.6,10,54
2278,3.437439772824291e-07,-0.25891736149787903,0.02,-72.26,1.0,1.0,,1,22,0.4,166.7,10,54
2279,-0.00013371679233387113,-0.32492995262145996,0.02,-53.575,1.0,1.0,,1,22,0.3,143.3,10,51
2280,-9.143558600044344e-06,-0.21982207894325256,0.01,-23.917,1.0,1.0,,1,21,0.1,154.9,10,50
2281,5.68290997762233e-05,-0.2119521051645279,0.0,-4.6,1.0,1.0,,1,21,0.3,161.0,10,54
2282,2.7204099751543254e-05,-0.2846512198448181,0.02,-44.486,1.0,1.0,,8,21,0.2,160.9,10,55
2283,-2.5730469133122824e-05,-0.19749245047569275,0.01,-35.96,1.0,1.0,,1,21,0.2,163.0,10,54
2284,-1.2242198863532394e-05,-0.24603821337223053,0.03,-91.723,1.0,1.0,,1,20,0.3,149.5,10,51
2285,1.0684567314456217e-05,-0.24161800742149353,0.03,-84.268,1.0,1.0,,1,21,0.2,138.1,10,51
2286,-4.553027974907309e-05,-0.1832159161567688,0.0,7.371,1.0,1.0,,1,21,0.6,179.5,10,58
2287,2.3189444618765265e-05,-0.36796051263809204,0.02,-55.323,1.0,1.0,,8,20,0.2,152.5,10,52
2288,-3.657226625364274e-05,-0.262161523103714,0.07,-220.554,1.0,1.0,,1,21,0.1,126.9,10,47
2289,-0.00010242091957479715,-0.18938559293746948,-0.0,-0.912,1.0,1.0,,8,19,0.4,159.5,10,55
2290,-4.466211612452753e-05,-0.2786608040332794,0.03,-93.108,1.0,1.0,,1,20,0.4,179.2,10,57
2291,4.687695036409423e-05,-0.34213435649871826,0.05,-143.615,1.0,1.0,,8,21,0.0,128.9,10,47
2292,-0.00019994532340206206,-0.1626332402229309,-0.0,14.97,1.0,1.0,,8,21,0.5,186.1,10,59
2293,5.0347654905635864e-05,-0.36021482944488525,0.03,-83.945,1.0,1.0,,8,21,0.3,179.8,10,59
2294,-8.090332266874611e-05,-0.2382999062538147,-0.02,71.466,1.0,1.0,,8,20,0.3,157.7,10,52
2295,-0.00021504689357243478,-0.2520032525062561,-0.0,12.475,1.0,1.0,,1,20,0.2,149.8,10,52
2296,8.348436676897109e-05,-0.23400485515594482,0.05,-136.725,1.0,1.0,,1,20,0.2,162.7,10,54
2297,-0.00013946776743978262,-0.2171509563922882,0.01,-15.295,1.0,1.0,,1,21,0.1,153.2,10,53
2298,4.803417687071487e-05,-0.17128674685955048,0.06,-171.974,1.0,1.0,,8,20,0.4,173.8,10,56
2299,-5.780957144452259e-05,-0.2973748445510864,0.02,-57.891,1.0,1.0,,8,21,0.6,189.5,10,57
2300,1.834569775382988e-05,-0.41672587394714355,-0.02,50.269,1.0,1.0,,1,21,0.4,147.7,10,52
2301,-1.8227543478133157e-05,-0.2884247601032257,0.01,-41.955,1.0,1.0,,8,21,0.2,147.8,10,52
2302,3.089648453169502e-05,-0.25000134110450745,-0.01,22.823,1.0,1.0,,8,21,0.6,192.7,10,59
2303,-3.8091802707640454e-05,-0.34541386365890503,0.11,-341.685,1.0,1.0,,8,21,0.2,142.8,10,51
2304,-3.88701337215025e-05,-0.21726101636886597,0.0,-10.614,1.0,1.0,,1,20,0.2,146.7,10,52
2305,1.4723635104019195e-05,-0.2245071530342102,-0.02,53.768,1.0,1.0,,1,22,0.2,160.2,10,55
2306,0.00013688964827451855,-0.25376802682876587,0.04,-100.756,1.0,1.0,,8,21,0.3,153.9,10,52
2307,-0.00013021974882576615,-0.2959911823272705,0.05,-145.175,1.0,1.0,,1,21,0.3,171.1,10,55
2308,-0.00028412305982783437,-0.29289746284484863,0.05,-141.607,1.0,1.0,,1,21,0.1,136.9,10,49
2309,-5.2538081945385784e-05,-0.22735202312469482,0.04,-110.23,1.0,1.0,,8,22,0.1,146.6,10,52
2310,1.3565422705141827e-05,-0.1926211714744568,-0.02,50.556,1.0,1.0,,1,21,0.4,172.7,10,56
2311,3.7204099498922005e-05,-0.29492953419685364,-0.01,33.673,1.0,1.0,,1,21,0.3,167.6,10,54
2312,-3.72802751371637e-05,-0.26111724972724915,-0.02,45.651,1.0,1.0,,8,21,0.3,160.1,10,52
2313,-1.8216800526715815e-05,-0.26430201530456543,0.01,-42.666,1.0,1.0,,1,21,0.5,175.1,10,55
2314,1.2240236173965968e-05,-0.3492920398712158,-0.01,36.243,1.0,1.0,,1,21,0.2,143.0,10,50
2315,-4.40634939877782e-05,-0.20262205600738525,0.01,-26.098,1.0,1.0,,8,21,0.4,170.0,10,57
2316,-2.315434358024504e-06,-0.26059991121292114,0.02,-54.123,1.0,1.0,,8,21,0.5,192.2,10,61
2317,-2.393066642980557e-05,-0.3780443072319031,-0.01,45.186,1.0,1.0,,8,21,0.2,127.6,10,46
2318,-1.683204754954204e-05,-0.22095435857772827,0.02,-49.042,1.0,1.0,,8,21,0.3,158.1,10,55
2319,-8.589551725890487e-05,-0.2164379507303238,-0.02,52.823,1.0,1.0,,8,21,0.4,161.5,10,54
2320,1.446776332159061e-05,-0.31524744629859924,-0.01,13.291,1.0,1.0,,1,20,0.5,170.7,10,53
2321,-3.589846528484486e-06,-0.3856453001499176,0.01,-32.334,1.0,1.0,,8,21,0.4,181.4,10,60
2322,-8.61728549352847e-05,-0.29094940423965454,0.0,-3.604,1.0,1.0,,8,22,0.1,145.1,10,50
2323,-4.4477539631770924e-05,-0.1918005645275116,0.03,-78.134,1.0,1.0,,8,21,0.2,154.8,10,53
2324,-1.60283252625959e-05,-0.22730636596679688,0.02,-62.875,1.0,1.0,,1,21,0.4,169.3,10,56
2325,-3.2445321267005056e-05,-0.31285548210144043,0.0,0.0,1.0,1.0,,8,21,0.4,186.1,10,58
2326,0.0,-0.28679561614990234,0.0,-8.525,1.0,1.0,,8,21,0.3,168.0,10,55
2327,2.220312671852298e-05,-0.2576241195201874,-0.01,10.693,1.0,1.0,,8,22,0.5,178.8,10,56
2328,-2.1513680621865205e-05,-0.4282722771167755,0.03,-80.699,1.0,1.0,,8,20,0.2,163.6,10,55
2329,-2.8022459446219727e-05,-0.22927755117416382,0.03,-84.682,1.0,1.0,,8,21,0.3,189.4,10,60
2330,-5.6666027376195416e-05,-0.31381940841674805,0.1,-259.378,1.0,1.0,,8,23,0.1,146.5,10,52
2331,1.0294917956343852e-05,-0.20007920265197754,0.01,-20.704,1.0,1.0,,8,22,0.3,175.3,10,58
2332,-1.3596684766525868e-05,-0.31399762630462646,0.08,-212.64,1.0,1.0,,8,22,0.3,180.1,10,59
2333,-0.0001236718671862036,-0.24362343549728394,0.03,-100.696,1.0,1.0,,8,22,0.2,138.9,10,48
2334,-9.585059888195246e-05,-0.263033390045166,0.0,-9.985,1.0,1.0,,8,22,0.5,148.6,10,52
2335,-2.8678714443231e-05,-0.32892507314682007,0.01,-46.715,1.0,1.0,,8,21,0.2,157.1,10,53
2336,1.676660031080246e-05,-0.2565315365791321,0.02,-57.321,1.0,1.0,,8,21,0.3,143.9,10,49
2337,3.1390623917104676e-05,-0.257923424243927,0.04,-114.006,1.0,1.0,,8,21,0.4,192.7,10,62
2338,-0.00010008300887420774,-0.26106148958206177,-0.05,159.041,1.0,1.0,,8,21,0.5,171.8,10,57
2339,1.9947259715991095e-05,-0.3236309289932251,0.06,-167.56,1.0,1.0,,8,22,0.4,173.9,10,58
2340,1.935839645739179e-05,-0.30311161279678345,0.02,-51.213,1.0,1.0,,8,22,0.3,160.1,10,53
2341,-2.3739255993859842e-05,-0.28594738245010376,0.03,-95.545,1.0,1.0,,8,22,0.2,143.3,10,49
2342,-1.3534194295061752e-05,-0.22483378648757935,0.05,-136.556,1.0,1.0,,8,21,0.2,149.0,10,51
2343,-2.051368574029766e-05,-0.2508627772331238,-0.03,98.052,1.0,1.0,,8,22,0.1,161.4,10,54
2344,2.0062507246620953e-05,-0.1812973916530609,0.04,-114.903,1.0,1.0,,8,21,0.4,166.6,10,56
2345,-0.0001529814617242664,-0.2718600630760193,0.0,11.954,1.0,1.0,,8,21,0.2,162.3,10,55
2346,-0.00016776175471022725,-0.2393261343240738,0.04,-123.721,1.0,1.0,,1,20,0.2,134.6,10,49
2347,7.71220657043159e-05,-0.2272474318742752,0.05,-137.583,1.0,1.0,,1,21,0.3,151.0,10,52
2348,-0.0001991367171285674,-0.2885191738605499,0.06,-162.994,1.0,1.0,,8,21,0.3,145.9,10,51
2349,-4.1374027205165476e-05,-0.2412647306919098,0.0,-11.896,1.0,1.0,,8,22,0.2,168.7,10,56
2350,-3.6332032323116437e-05,-0.22110912203788757,-0.01,31.336,1.0,1.0,,8,21,0.3,152.4,10,53
2351,-0.000129497071611695,-0.25181347131729126,0.04,-105.295,1.0,1.0,,8,20,0.4,163.9,10,55
2352,-6.358301470754668e-05,-0.3083794414997101,0.01,-18.527,1.0,1.0,,8,21,0.5,171.8,10,58
2353,1.062792944139801e-05,-0.3241645395755768,0.03,-70.852,1.0,1.0,,8,21,0.3,161.3,10,56
2354,-4.375001935841283e-06,-0.22017964720726013,0.05,-153.615,1.0,1.0,,8,21,0.3,144.2,10,49
2355,-4.2984374886145815e-05,-0.30272525548934937,-0.0,5.895,1.0,1.0,,8,22,0.3,167.0,10,56
2356,8.57216800795868e-05,-0.30758607387542725,-0.01,16.758,1.0,1.0,,8,21,0.6,185.9,10,61
2357,1.2285127013456076e-06,-0.37065669894218445,-0.01,19.334,1.0,1.0,,8,20,0.5,175.8,10,56
2358,-2.4745113478275016e-05,-0.34642282128334045,0.04,-102.887,1.0,1.0,,8,22,0.2,188.2,10,62
2359,-8.652734686620533e-05,-0.24130001664161682,-0.02,51.33,1.0,1.0,,8,20,0.2,158.0,10,55
2360,-8.369154329557205e-07,-0.2018938958644867,0.03,-70.998,1.0,1.0,,8,20,0.2,134.5,10,47
2361,-9.194825543090701e-05,-0.25238972902297974,0.01,-38.527,1.0,1.0,,8,21,0.3,168.3,10,57
2362,2.4349603336304426e-05,-0.2697719633579254,0.02,-54.431,1.0,1.0,,8,21,0.4,174.0,10,57
2363,6.24775275355205e-05,-0.29486578702926636,0.01,-11.052,1.0,1.0,,8,22,0.4,148.1,10,50
2364,-2.625097840791568e-05,-0.2767941951751709,-0.0,2.371,1.0,1.0,,8,22,0.2,174.3,10,58
2365,2.036230762314517e-05,-0.20923806726932526,-0.04,123.918,1.0,1.0,,8,21,0.3,157.7,10,53
2366,-4.037891631014645e-05,-0.303625226020813,0.03,-97.88,1.0,1.0,,8,20,0.2,158.6,10,55
2367,-4.325391637394205e-05,-0.19959871470928192,0.02,-58.813,1.0,1.0,,8,21,0.4,167.0,10,55
2368,-6.506739009637386e-05,-0.26560449600219727,-0.01,24.832,1.0,1.0,,8,21,0.3,153.2,10,51
2369,-6.152343848953024e-05,-0.2703166604042053,0.03,-82.395,1.0,1.0,,8,21,0.2,151.5,10,52
2370,4.572253601509146e-06,-0.251748651266098,0.01,-45.466,1.0,1.0,,8,21,0.3,149.2,10,52
2371,-1.891503961815033e-05,-0.24251879751682281,0.06,-172.657,1.0,1.0,,8,22,0.5,154.1,10,51
2372,3.794529038714245e-05,-0.33593517541885376,0.03,-85.423,1.0,1.0,,8,21,0.3,168.8,10,56
2373,-0.00012351269833743572,-0.3166419565677643,0.07,-195.09,1.0,1.0,,8,21,0.2,154.1,10,50
2374,-0.00010783594188978896,-0.25649115443229675,0.01,-18.49,1.0,1.0,,8,21,0.2,152.7,10,50
2375,-8.772265573497862e-05,-0.22824591398239136,0.04,-106.335,1.0,1.0,,8,19,0.4,164.3,10,55
2376,-7.155372441047803e-05,-0.3546009063720703,0.11,-317.39,1.0,1.0,,8,22,0.1,141.9,10,50
2377,9.355273505207151e-05,-0.2178979516029358,0.05,-152.065,1.0,1.0,,8,21,0.5,156.1,10,52
2378,-9.944921475835145e-05,-0.3466159701347351,-0.07,218.607,1.0,1.0,,8,22,0.5,168.0,10,54
2379,-0.00020322560158092529,-0.38490504026412964,-0.0,-2.652,1.0,1.0,,8,21,0.1,136.5,10,48
2380,2.24492177949287e-05,-0.1976650059223175,0.0,-3.927,1.0,1.0,,8,21,0.3,166.3,10,56
2381,-0.00020066114666406065,-0.31236928701400757,0.04,-112.228,1.0,1.0,,8,21,0.5,186.0,10,59
2382,-0.00010810742242028937,-0.3469865918159485,-0.0,4.829,1.0,1.0,,1,20,0.4,166.2,10,55
2383,1.0874023246287834e-05,-0.321746826171875,0.1,-271.463,1.0,1.0,,8,22,0.3,171.1,10,58
2384,-0.00011040138633688912,-0.2551623582839966,0.03,-91.366,1.0,1.0,,8,21,0.4,170.0,10,57
2385,-5.9721678553614765e-05,-0.35219937562942505,-0.01,33.02,1.0,1.0,,8,20,0.2,152.3,10,50
2386,6.259082147153094e-05,-0.25347229838371277,-0.0,8.738,1.0,1.0,,8,22,0.2,157.4,10,54
2387,4.0224611439043656e-05,-0.22976461052894592,-0.01,39.043,1.0,1.0,,8,21,0.3,188.2,10,61
2388,2.0494137061177753e-05,-0.30272188782691956,0.0,-10.922,1.0,1.0,,8,21,0.4,161.6,10,54
2389,-2.263672104163561e-05,-0.31719160079956055,-0.01,29.582,1.0,1.0,,8,22,0.1,155.2,10,55
2390,2.5907223971444182e-05,-0.19862204790115356,0.02,-49.438,1.0,1.0,,8,22,0.3,166.2,10,54
2391,-9.170605335384607e-05,-0.2691410183906555,0.02,-52.362,1.0,1.0,,8,21,0.1,148.6,10,52
2392,-6.51865266263485e-05,-0.20150968432426453,0.01,-40.039,1.0,1.0,,8,21,0.3,155.9,10,51
2393,1.668652294029016e-05,-0.2544664144515991,0.01,-32.582,1.0,1.0,,8,21,0.3,170.3,10,56
2394,-3.16884797939565e-05,-0.27131086587905884,0.02,-46.139,1.0,1.0,,8,22,0.4,176.0,10,56
2395,-0.00013789747026748955,-0.3012690544128418,0.02,-61.545,1.0,1.0,,8,21,0.5,177.0,10,57
2396,1.0121092600456905e-05,-0.3523549437522888,0.04,-134.899,1.0,1.0,,8,21,0.1,134.5,10,47
2397,-5.670703831128776e-05,-0.17917853593826294,-0.0,15.927,1.0,1.0,,8,21,0.4,187.6,10,60
2398,-0.00019275781232863665,-0.3348914086818695,0.07,-193.811,1.0,1.0,,8,21,0.3,157.2,10,54
2399,-2.7215828595217317e-05,-0.2849547564983368,0.01,-41.65,1.0,1.0,,8,21,0.5,156.8,10,51
2400,-1.4218754586181603e-05,-0.4197014272212982,0.0,-7.379,1.0,1.0,,8,21,0.2,166.9,10,57
2401,3.185351670254022e-05,-0.2177017480134964,0.0,-6.043,1.0,1.0,,8,21,0.3,192.7,10,61
2402,-2.294628939125687e-05,-0.22964900732040405,0.04,-90.792,1.0,1.0,,8,22,0.2,152.5,10,54
2403,-4.085942236997653e-06,-0.17679071426391602,0.02,-51.435,1.0,1.0,,8,22,0.2,158.0,10,53
2404,-1.806738509912975e-05,-0.24840737879276276,0.01,-17.911,1.0,1.0,,8,20,0.5,164.1,10,57
2405,-0.00014104199362918735,-0.35030943155288696,0.02,-71.305,1.0,1.0,,8,21,0.5,150.4,10,51
2406,-4.739746145787649e-05,-0.3539298176765442,-0.01,40.998,1.0,1.0,,8,22,0.4,167.1,10,56
2407,-6.296387437032536e-05,-0.27269718050956726,0.01,-37.133,1.0,1.0,,8,22,0.2,154.4,10,53
2408,-8.019336382858455e-05,-0.21343588829040527,-0.0,4.145,1.0,1.0,,8,20,0.4,145.7,10,52
2409,8.61816261021886e-06,-0.28657403588294983,0.01,-29.558,1.0,1.0,,8,22,0.2,153.1,10,52
2410,6.320507964119315e-05,-0.25325363874435425,0.0,-13.359,1.0,1.0,,8,22,0.5,181.9,10,57
2411,1.5478453860851005e-06,-0.32212117314338684,0.04,-115.258,1.0,1.0,,8,20,0.7,170.0,10,53
2412,2.0505853171925992e-05,-0.4711519479751587,0.02,-54.987,1.0,1.0,,8,21,0.5,168.7,10,55
2413,-5.627539940178394e-05,-0.2943895161151886,0.07,-205.2,1.0,1.0,,8,22,0.3,156.5,10,53
2414,-0.00010016405576607212,-0.26240959763526917,0.02,-51.727,1.0,1.0,,8,21,0.2,157.4,10,54
2415,2.2486330635729246e-05,-0.24984121322631836,-0.07,224.94,1.0,1.0,,8,21,0.3,171.2,10,56
2416,-0.0004013515717815608,-0.29959234595298767,0.0,-2.259,1.0,1.0,,8,21,0.3,163.4,10,56
2417,-6.0914077039342374e-05,-0.31022873520851135,-0.0,5.388,1.0,1.0,,8,21,0.5,174.3,10,59
2418,9.561034676153213e-05,-0.30333882570266724,-0.01,25.748,1.0,1.0,,8,21,0.2,148.9,10,52
2419,3.506347638904117e-05,-0.22411024570465088,-0.04,124.795,1.0,1.0,,8,21,0.2,139.2,10,50
2420,-3.638575071818195e-05,-0.21606022119522095,0.04,-119.209,1.0,1.0,,8,21,0.4,155.0,10,51
2421,-0.00017690724052954465,-0.31291109323501587,0.0,-12.381,1.0,1.0,,8,21,0.3,174.3,10,56
2422,0.00011620800069067627,-0.30792540311813354,0.02,-55.619,1.0,1.0,,8,21,0.2,158.6,10,55
2423,-1.6204105122596957e-05,-0.2634367346763611,0.03,-81.101,1.0,1.0,,8,21,0.3,150.2,10,51
2424,9.866213076747954e-06,-0.2543146014213562,0.05,-144.327,1.0,1.0,,8,22,0.2,148.5,10,52
2425,-7.609082967974246e-05,-0.18471744656562805,0.04,-123.137,1.0,1.0,,8,22,0.3,147.7,10,51
2426,-5.390040314523503e-05,-0.3393028676509857,0.0,0.0,1.0,1.0,,8,22,0.1,155.6,10,52
2427,0.0,-0.21972039341926575,0.01,-32.509,1.0,1.0,,8,22,0.2,157.8,10,53
2428,-8.806249388726428e-05,-0.19231733679771423,-0.0,12.805,1.0,1.0,,8,22,0.3,146.3,10,50
2429,3.2986325095407665e-05,-0.2560150921344757,0.01,-42.946,1.0,1.0,,8,21,0.6,166.7,10,53
2430,-1.3613243936561048e-06,-0.42293867468833923,0.02,-60.015,1.0,1.0,,8,22,0.4,174.5,10,54
2431,-0.00018169338000006974,-0.3182496428489685,0.01,-40.297,1.0,1.0,,8,22,0.2,158.7,10,53
2432,-6.957910227356479e-05,-0.2105419784784317,-0.02,75.706,1.0,1.0,,8,21,0.3,161.8,10,54
2433,1.9010731193702668e-05,-0.2744726538658142,0.01,-20.775,1.0,1.0,,8,20,0.2,131.4,10,48
2434,2.6240181796310935e-06,-0.24080674350261688,-0.02,58.465,1.0,1.0,,8,21,0.1,140.1,10,48
2435,4.255077874404378e-05,-0.2751755118370056,-0.03,104.161,1.0,1.0,,8,21,0.5,173.5,10,57
2436,-0.000159707065904513,-0.358925998210907,0.05,-134.186,1.0,1.0,,8,21,0.3,182.3,10,61
2437,-7.196974183898419e-05,-0.20916679501533508,0.0,-4.611,1.0,1.0,,8,21,0.2,152.9,10,52
2438,-8.86719317350071e-06,-0.24716240167617798,0.05,-158.402,1.0,1.0,,8,21,0.4,155.5,10,51
2439,-6.338381353998557e-05,-0.3578101396560669,0.06,-166.534,1.0,1.0,,8,22,0.2,135.0,10,47
2440,-3.607032340369187e-05,-0.2703143358230591,-0.01,23.34,1.0,1.0,,8,21,0.3,141.1,10,49
