update,reward_mm,reward_exe,mm_inv,mm_pnl,mm_bidq,mm_askq,mm_mktshr,mm_top_action,mm_top_action_pct,exe_doom,exe_left,exe_top_action,exe_top_action_pct
1,-0.02135280892252922,-4.565096855163574,0.06,-4706.687,0.9,0.9,,1,10,0.1,227.7,12,9
2,-0.0241791233420372,-5.156559944152832,0.02,-2980.351,0.91,0.91,,2,11,0.2,244.4,3,9
3,-0.03191792219877243,-5.186226844787598,-0.03,1030.01,0.91,0.91,,0,11,0.2,234.0,7,9
4,-0.02317485772073269,-4.025589466094971,0.03,-5128.391,0.91,0.91,,6,11,0.2,245.4,7,9
5,-0.04382854700088501,-5.350760459899902,0.17,-11074.955,0.92,0.92,,6,12,0.3,251.3,7,9
6,-0.026454243808984756,-4.225644111633301,-0.11,1578.616,0.92,0.92,,0,11,0.3,252.5,2,9
7,-0.028207069262862206,-4.1597394943237305,-0.03,-2867.929,0.94,0.94,,0,12,0.5,268.6,0,10
8,-0.018944013863801956,-3.867008924484253,0.47,-18903.635,0.95,0.95,,0,14,0.9,297.1,0,11
9,-0.018626239150762558,-4.350449562072754,-0.22,7260.832,0.96,0.96,,0,15,1.1,302.8,0,12
10,-0.01366887055337429,-4.43856143951416,0.42,-31431.039,0.97,0.97,,0,16,0.9,289.7,8,12
11,-0.02974063530564308,-3.3110270500183105,0.31,-23098.525,0.98,0.98,,0,16,1.1,305.7,0,13
12,0.00496122520416975,-3.31170654296875,0.31,-13917.315,0.98,0.98,,0,15,1.6,313.7,8,14
13,-0.007748783100396395,-4.972662925720215,0.24,-8403.02,0.98,0.98,,0,18,1.5,331.3,0,16
14,-0.02193804830312729,-3.976123332977295,0.27,-22778.516,0.99,0.99,,0,21,1.7,322.5,0,16
15,-0.029561223462224007,-4.489542484283447,-0.97,34916.734,0.99,0.99,,0,21,1.6,324.0,0,16
16,-0.003128916025161743,-3.5182137489318848,-0.53,15403.197,0.99,0.99,,0,25,1.9,345.9,0,18
17,-0.0004268717020750046,-4.630362510681152,-1.05,46617.219,1.0,1.0,,0,23,1.6,324.3,0,17
18,-0.013157181441783905,-4.121291160583496,-0.37,5870.551,0.99,0.99,,6,21,2.4,358.5,8,18
19,0.02365729585289955,-5.047750473022461,0.39,-29658.613,0.99,0.99,,6,20,2.6,367.8,8,19
20,-0.00337865948677063,-4.3134846687316895,0.59,-44066.418,1.0,1.0,,6,22,2.3,351.0,0,18
21,0.009886521846055984,-4.085601806640625,-1.3,54716.211,1.0,1.0,,6,28,2.3,351.8,0,18
22,0.009876910597085953,-3.9369168281555176,-0.84,40788.492,1.0,1.0,,6,24,2.4,360.0,0,18
23,0.01149740070104599,-5.14265251159668,-0.77,38557.008,1.0,1.0,,6,21,2.8,378.3,0,20
24,0.013254392892122269,-4.876132011413574,0.04,-7412.94,1.0,1.0,,0,23,2.5,364.1,0,19
25,0.005284850485622883,-4.622042655944824,0.25,-26255.836,1.0,1.0,,0,29,2.1,349.5,0,18
26,0.006617833860218525,-3.177825450897217,-0.45,12838.984,1.0,1.0,,0,35,2.6,363.5,0,20
27,0.005427630618214607,-3.958930492401123,-0.22,10631.27,1.0,1.0,,0,38,2.1,344.8,0,18
28,0.034201133996248245,-3.2889323234558105,0.05,3968.896,1.0,1.0,,0,48,2.4,360.5,0,19
29,-0.026322685182094574,-4.315606117248535,-1.01,53087.16,1.0,1.0,,0,53,2.8,373.0,0,21
30,-0.02664237655699253,-4.939352035522461,-0.53,23643.965,1.0,1.0,,0,50,2.5,363.7,0,21
31,0.005157684441655874,-4.42390251159668,-0.77,24705.736,1.0,1.0,,0,52,2.8,372.3,0,22
32,-0.004846980329602957,-4.045380592346191,-0.75,31015.836,1.0,1.0,,0,54,2.3,360.2,0,20
33,0.012796256691217422,-4.262657165527344,-0.83,42922.031,1.0,1.0,,0,52,2.9,382.0,0,21
34,0.012235313653945923,-6.19899845123291,0.25,-16238.088,1.0,1.0,,0,49,2.9,368.4,0,21
35,0.022681545466184616,-4.005054473876953,-0.49,17071.461,1.0,1.0,,0,54,2.9,380.2,0,23
36,0.034266550093889236,-4.182228088378906,-0.5,24448.869,1.0,1.0,,0,55,3.4,389.2,0,24
37,0.004211395047605038,-5.566535949707031,-0.66,10258.789,1.0,1.0,,0,49,3.4,402.1,0,23
38,0.013324888423085213,-5.681235313415527,-1.32,72933.906,1.0,1.0,,0,54,2.7,375.6,8,22
39,0.03031303733587265,-4.553424835205078,-0.76,35417.094,1.0,1.0,,0,47,2.9,380.2,8,21
40,0.00510874530300498,-4.206398963928223,-1.92,74434.891,1.0,1.0,,0,40,2.6,370.2,0,22
41,0.015302184969186783,-3.2648401260375977,-1.66,89451.016,1.0,1.0,,0,35,2.7,372.8,0,24
42,0.021569518372416496,-3.9820070266723633,-2.33,100479.258,1.0,1.0,,0,39,3.4,389.6,0,25
43,0.011054459027945995,-4.582537651062012,-1.11,42904.039,1.0,1.0,,0,42,3.0,397.8,0,24
44,-0.016313062980771065,-4.5244669914245605,-1.45,65931.078,1.0,1.0,,0,43,3.6,409.8,0,27
45,0.025508128106594086,-5.923130989074707,-1.87,83725.094,1.0,1.0,,0,46,3.7,404.4,0,26
46,0.022025087848305702,-5.211582183837891,-2.94,126440.844,1.0,1.0,,0,47,3.4,393.8,0,26
47,0.014589674770832062,-3.8145065307617188,-1.8,80135.227,1.0,1.0,,0,39,3.2,384.0,0,23
48,0.018324509263038635,-4.970015525817871,-2.72,110896.453,1.0,1.0,,0,36,3.9,408.7,0,24
49,0.018104901537299156,-6.000739097595215,-3.77,165810.531,1.0,1.0,,0,38,3.7,406.5,0,24
50,-0.0032304320484399796,-5.246416091918945,-2.93,138599.375,1.0,1.0,,0,37,3.2,389.3,0,22
51,0.00988047942519188,-4.277200222015381,-2.56,114701.281,1.0,1.0,,6,36,3.3,388.7,0,24
52,0.0054423511028289795,-4.8265838623046875,-2.83,142493.047,1.0,1.0,,6,38,3.0,381.5,0,22
53,0.016724927350878716,-4.6877360343933105,-2.82,132765.594,1.0,1.0,,6,38,3.0,381.5,8,22
54,0.011911436915397644,-3.729813814163208,-3.51,170420.656,1.0,1.0,,6,42,3.2,384.5,0,22
55,0.012476744130253792,-4.3688249588012695,-3.48,157447.938,1.0,1.0,,6,43,3.5,403.2,0,23
56,0.026859572157263756,-4.930376052856445,-3.23,148228.656,1.0,1.0,,6,38,3.0,382.6,0,22
57,0.0010204222053289413,-4.519166946411133,-2.42,102825.844,1.0,1.0,,0,44,3.1,378.8,0,22
58,0.002231941558420658,-4.650914192199707,-2.89,111066.734,1.0,1.0,,0,45,2.8,376.6,8,22
59,-0.0018520019948482513,-3.7831993103027344,-1.43,54354.844,1.0,1.0,,0,42,3.5,399.4,0,23
60,0.026002902537584305,-5.58560848236084,-2.11,93466.703,1.0,1.0,,0,48,3.4,398.5,0,22
61,0.021155430004000664,-4.686150550842285,-0.73,19151.135,1.0,1.0,,0,49,3.7,407.7,0,22
62,0.04243044555187225,-5.141179084777832,-2.62,112854.438,1.0,1.0,,0,51,3.5,395.0,0,23
63,0.01897052675485611,-4.875186920166016,-3.14,131972.75,1.0,1.0,,0,46,3.6,401.1,0,22
64,0.006003099028021097,-4.327295303344727,-2.83,136796.266,1.0,1.0,,0,41,3.5,395.3,0,23
65,0.0032459255307912827,-4.058769226074219,-1.72,85534.297,1.0,1.0,,0,43,2.9,376.4,0,22
66,0.01065171230584383,-3.8961594104766846,-2.01,87086.797,1.0,1.0,,0,45,3.9,416.0,0,24
67,0.013782693073153496,-5.336941242218018,-2.27,101683.578,1.0,1.0,,0,49,3.3,402.4,0,23
68,0.005905430763959885,-3.1605348587036133,-1.05,48838.0,1.0,1.0,,0,47,3.7,404.4,0,26
69,0.04093848913908005,-4.153766632080078,-1.55,79351.07,1.0,1.0,,0,52,3.7,396.4,0,25
70,0.013105576857924461,-5.547623634338379,-2.26,78216.93,1.0,1.0,,0,51,3.8,407.0,0,27
71,-0.015021429397165775,-5.175902843475342,-0.94,39416.664,1.0,1.0,,0,50,3.1,379.1,0,24
72,0.004270836245268583,-4.528748512268066,-2.51,120202.875,1.0,1.0,,0,42,3.2,394.5,0,26
73,0.022246286273002625,-3.7184228897094727,-2.26,103553.156,1.0,1.0,,0,37,4.0,422.3,0,27
74,0.0067977262660861015,-5.763223648071289,-2.71,135798.906,1.0,1.0,,0,37,3.6,410.2,0,25
75,0.006766926497220993,-3.792410135269165,-2.72,116181.625,1.0,1.0,,0,32,3.7,402.1,0,27
76,0.017692988738417625,-5.05889368057251,-1.51,66242.273,1.0,1.0,,6,31,3.8,398.3,0,25
77,-0.009515278041362762,-4.070606231689453,-2.19,99666.562,1.0,1.0,,6,33,3.9,415.5,0,25
78,0.008494213223457336,-4.809402942657471,-1.89,81348.672,1.0,1.0,,6,32,3.5,398.5,0,24
79,0.001803576946258545,-4.133389472961426,-2.01,103107.273,1.0,1.0,,6,31,3.7,414.7,0,25
80,0.015187196433544159,-4.892184257507324,-2.64,140586.875,1.0,1.0,,6,36,3.6,409.9,0,24
81,-0.005286775529384613,-4.474551200866699,-2.48,116699.039,1.0,1.0,,6,33,3.4,392.4,0,22
82,-0.00035690097138285637,-3.809379816055298,-2.21,110916.719,1.0,1.0,,6,34,3.7,413.3,0,23
83,0.011985783465206623,-4.669277191162109,-2.37,113733.031,1.0,1.0,,0,33,3.5,401.0,0,22
84,0.006697520613670349,-3.83687424659729,-1.62,67832.977,1.0,1.0,,0,32,3.6,404.3,0,23
85,0.011748653836548328,-5.696377754211426,-1.71,75761.891,1.0,1.0,,0,37,3.2,385.3,0,22
86,0.020156212151050568,-4.565885543823242,-1.59,80075.336,1.0,1.0,,0,44,2.8,374.2,0,21
87,0.026537979021668434,-4.006933212280273,-1.54,82086.859,1.0,1.0,,0,48,4.1,421.6,0,23
88,0.0264851376414299,-5.347687721252441,-1.34,63064.535,1.0,1.0,,0,53,3.6,408.9,0,22
89,0.020513636991381645,-4.661602020263672,-1.56,66048.977,1.0,1.0,,0,59,3.8,413.1,0,22
90,0.005537111312150955,-5.1472296714782715,-0.59,21410.82,1.0,1.0,,0,60,3.4,397.6,0,21
91,0.02823912724852562,-4.895346641540527,-1.36,57904.953,1.0,1.0,,0,65,3.5,393.6,0,23
92,0.025237467139959335,-5.474386215209961,-0.45,6344.903,1.0,1.0,,0,66,3.0,386.6,0,21
93,-0.00021642586216330528,-3.321434497833252,-0.8,18891.484,1.0,1.0,,0,63,3.8,403.3,0,24
94,0.03339844197034836,-5.123257637023926,-0.82,43270.223,1.0,1.0,,0,65,3.3,393.0,0,23
95,0.019577722996473312,-3.710132122039795,-0.91,22854.541,1.0,1.0,,0,64,3.4,402.7,0,25
96,0.006286424584686756,-4.125082492828369,-0.54,19468.035,1.0,1.0,,0,58,3.4,397.5,0,23
97,0.025235962122678757,-4.128819942474365,-0.78,34927.375,1.0,1.0,,0,52,3.3,389.0,0,24
98,0.015615611337125301,-3.23931884765625,-0.7,23647.68,1.0,1.0,,0,49,3.9,414.6,0,25
99,0.015987109392881393,-5.018500328063965,-1.8,80136.438,1.0,1.0,,0,50,3.6,407.2,0,27
100,0.02477370761334896,-4.984981536865234,-2.21,99563.219,1.0,1.0,,0,53,3.5,400.5,0,26
101,0.009722230024635792,-3.8889219760894775,-1.63,63976.266,1.0,1.0,,0,50,3.0,381.5,0,26
102,0.0361168272793293,-2.955113649368286,-0.23,10642.799,1.0,1.0,,0,55,3.6,408.4,0,27
103,0.011194922029972076,-4.688863754272461,-1.24,38947.555,1.0,1.0,,0,52,3.9,411.9,0,27
104,0.0063894037157297134,-4.954282283782959,-0.64,30629.973,1.0,1.0,,0,55,3.7,405.9,0,28
105,0.014797313138842583,-5.590513229370117,-1.01,22365.684,1.0,1.0,,0,56,4.4,436.9,0,30
106,0.006228954531252384,-5.433344841003418,-1.9,85861.312,1.0,1.0,,0,54,3.4,381.2,0,27
107,0.03212089091539383,-4.503386497497559,-2.17,95113.344,1.0,1.0,,0,53,4.2,419.7,0,27
108,0.004541799891740084,-4.497947692871094,-1.96,83063.664,1.0,1.0,,0,54,4.0,406.3,0,28
109,0.024842102080583572,-5.750170707702637,-2.84,135119.656,1.0,1.0,,0,56,3.3,387.3,0,27
110,0.021791020408272743,-3.663447618484497,-2.44,107287.75,1.0,1.0,,0,47,3.7,421.1,0,28
111,0.01844601146876812,-4.089935302734375,-3.42,158915.25,1.0,1.0,,0,48,4.1,410.2,0,29
112,0.015704160556197166,-5.1540846824646,-2.06,72340.336,1.0,1.0,,0,51,3.5,389.5,0,27
113,0.03414095938205719,-4.373676300048828,-3.17,116734.32,1.0,1.0,,0,47,3.9,412.3,0,27
114,-0.006043045781552792,-4.940149784088135,-3.03,137887.516,1.0,1.0,,0,46,3.7,412.2,0,28
115,0.026144325733184814,-4.649365425109863,-3.32,161490.906,1.0,1.0,,0,52,3.8,401.9,0,28
116,0.019261499866843224,-5.255322456359863,-1.78,72272.234,1.0,1.0,,0,52,4.0,409.7,0,29
117,0.019166935235261917,-4.905978202819824,-1.6,84523.859,1.0,1.0,,0,55,4.0,412.9,0,30
118,0.013547261245548725,-5.598789215087891,-3.23,148281.578,1.0,1.0,,0,54,3.6,400.1,0,29
119,0.009635724127292633,-4.077967643737793,-1.69,76633.852,1.0,1.0,,0,47,3.7,404.7,0,27
120,0.03853451460599899,-3.7306926250457764,-2.57,108798.055,1.0,1.0,,0,52,3.8,404.7,0,26
121,0.015547160059213638,-4.547000885009766,-1.49,58695.984,1.0,1.0,,0,43,3.7,402.9,0,25
122,0.018946677446365356,-5.085354804992676,-2.39,108902.516,1.0,1.0,,0,44,3.9,406.5,0,25
123,0.028806475922465324,-4.917105674743652,-1.64,56434.605,1.0,1.0,,0,48,3.7,403.0,0,25
124,0.030955243855714798,-4.135185241699219,-1.69,74097.391,1.0,1.0,,0,53,3.7,402.8,0,26
125,0.012560822069644928,-3.7387681007385254,-2.62,106294.438,1.0,1.0,,0,58,3.7,402.5,0,26
126,0.027588289231061935,-5.216733455657959,-1.02,50317.352,1.0,1.0,,0,58,3.4,400.1,0,25
127,0.004740388132631779,-5.067333221435547,-2.32,94137.844,1.0,1.0,,0,52,3.9,408.8,0,27
128,0.03378045931458473,-4.635726451873779,-2.02,98554.609,1.0,1.0,,0,53,3.2,385.7,0,25
129,0.03691389039158821,-3.1990442276000977,-1.25,59565.914,1.0,1.0,,0,51,3.8,402.4,0,28
130,0.0179910808801651,-4.140801429748535,-0.98,42633.969,1.0,1.0,,0,53,3.1,380.3,0,26
131,0.01874569058418274,-3.2692508697509766,-3.3,140451.312,1.0,1.0,,0,57,3.8,415.3,0,28
132,0.014327766373753548,-5.430926322937012,-2.57,118901.727,1.0,1.0,,0,54,3.4,396.6,0,28
133,0.02486177161335945,-3.706850528717041,-1.87,83754.211,1.0,1.0,,0,59,3.3,392.2,0,26
134,0.024340171366930008,-4.348793029785156,-2.3,102901.781,1.0,1.0,,0,58,3.5,390.7,0,24
135,0.026911381632089615,-3.558919668197632,-2.4,101553.109,1.0,1.0,,0,62,3.3,390.9,0,25
136,0.014453362673521042,-2.943331718444824,-2.67,117869.844,1.0,1.0,,0,59,3.9,412.9,0,26
137,0.03760172054171562,-3.8117780685424805,-2.67,132685.188,1.0,1.0,,0,56,3.3,396.3,0,26
138,0.018583770841360092,-5.092890739440918,-2.27,115949.156,1.0,1.0,,0,56,3.2,397.4,0,24
139,0.015347654931247234,-4.32780647277832,-2.88,135880.203,1.0,1.0,,0,49,3.5,388.5,0,25
140,0.011685673147439957,-3.5446619987487793,-2.81,129873.781,1.0,1.0,,0,45,3.2,385.8,0,26
141,0.03203016147017479,-4.6675543785095215,-1.81,83573.016,1.0,1.0,,0,48,3.7,398.6,0,26
142,0.021433455869555473,-5.133840560913086,-2.42,118126.586,1.0,1.0,,0,51,3.2,382.9,0,25
143,0.021052919328212738,-3.7912864685058594,-2.94,138420.781,1.0,1.0,,0,56,3.4,388.1,0,25
144,0.028706708922982216,-5.163640022277832,-3.38,164164.312,1.0,1.0,,0,48,3.5,391.0,0,26
145,0.012226958759129047,-4.022912502288818,-2.01,92585.375,1.0,1.0,,0,46,3.6,392.6,0,24
146,0.015086157247424126,-4.206830978393555,-2.42,108541.312,1.0,1.0,,0,42,4.3,423.2,0,27
147,0.01097557507455349,-6.721419334411621,-2.13,96971.18,1.0,1.0,,0,41,4.4,428.9,0,28
148,0.02018165960907936,-5.8741230964660645,-2.62,132580.844,1.0,1.0,,0,49,4.0,416.6,0,26
149,0.01721695438027382,-5.742739677429199,-2.0,98608.195,1.0,1.0,,0,51,3.6,402.3,0,26
150,0.04148335009813309,-4.1005964279174805,-2.28,109779.484,1.0,1.0,,0,53,3.2,391.3,0,24
151,0.03136260062456131,-3.648721694946289,-2.73,104732.438,1.0,1.0,,0,59,3.7,418.2,0,23
152,0.012054340913891792,-4.4447832107543945,-1.71,52522.047,1.0,1.0,,0,61,4.3,421.0,0,25
153,-0.012314978055655956,-6.683504104614258,-2.55,116401.992,1.0,1.0,,0,63,3.4,386.8,8,22
154,-0.007429987192153931,-3.8729047775268555,-1.23,57831.004,1.0,1.0,,0,58,3.9,412.5,0,26
155,0.03388329595327377,-4.833686828613281,-2.09,87496.688,1.0,1.0,,0,56,3.8,402.6,0,26
156,0.027796750888228416,-4.86136531829834,-1.34,51849.352,1.0,1.0,,0,53,3.2,377.6,0,24
157,0.03489432483911514,-4.107369422912598,-2.15,98615.227,1.0,1.0,,0,58,2.8,370.3,0,22
158,0.02497941255569458,-2.5611815452575684,-1.52,72952.055,1.0,1.0,,0,53,2.7,356.4,8,20
159,0.015540270134806633,-2.9733071327209473,-3.31,126911.242,1.0,1.0,,0,57,3.0,381.1,0,21
160,-0.008071813732385635,-3.7086219787597656,-2.28,112742.43,1.0,1.0,,0,57,3.4,389.7,0,23
161,0.011567281559109688,-5.1306257247924805,-2.25,114241.039,1.0,1.0,,0,53,2.9,376.5,0,22
162,0.0407823771238327,-3.6913328170776367,-2.64,113737.734,1.0,1.0,,0,51,2.8,369.4,0,21
163,0.03438819944858551,-2.8388419151306152,-3.37,145728.875,1.0,1.0,,0,52,3.0,376.3,0,21
164,0.01193273440003395,-4.348172664642334,-2.47,103019.484,1.0,1.0,,0,53,3.8,409.7,0,24
165,0.022402066737413406,-4.22944450378418,-3.07,145024.219,1.0,1.0,,0,50,3.4,384.2,0,24
166,0.02396533451974392,-4.153575897216797,-2.39,124414.711,1.0,1.0,,0,53,3.8,410.2,0,25
167,0.01651776395738125,-4.632129192352295,-2.82,132232.562,1.0,1.0,,0,53,3.1,379.9,0,23
168,0.031762104481458664,-4.385286331176758,-2.23,100768.672,1.0,1.0,,0,51,3.7,401.1,0,26
169,0.05821629613637924,-3.6907474994659424,-1.74,79461.844,1.0,1.0,,0,52,3.9,413.9,0,25
170,-0.0026636323891580105,-5.158934593200684,-2.08,99913.516,1.0,1.0,,0,53,3.2,384.2,0,25
171,0.04113132879137993,-4.177770137786865,-2.85,134720.703,1.0,1.0,,0,55,3.4,395.9,0,23
172,0.004083059262484312,-4.642646789550781,-1.54,61160.312,1.0,1.0,,0,51,3.5,398.6,0,23
173,-0.01441730372607708,-5.643470764160156,-2.57,115800.219,1.0,1.0,,0,49,3.0,376.1,8,21
174,0.015764998272061348,-3.789133071899414,-2.22,102582.25,1.0,1.0,,0,43,3.4,386.2,0,22
175,0.0006343766581267118,-4.366733551025391,-2.18,83563.047,1.0,1.0,,0,44,3.3,389.4,0,22
176,0.0017593004740774632,-4.581516265869141,-1.72,79585.5,1.0,1.0,,0,40,3.2,382.6,0,21
177,0.00985594280064106,-3.5607120990753174,-1.3,59727.523,1.0,1.0,,0,36,2.5,360.8,8,19
178,0.033923178911209106,-2.16325306892395,-2.4,96927.82,1.0,1.0,,0,42,3.6,399.5,0,22
179,0.019950546324253082,-5.04525089263916,-2.08,83435.906,1.0,1.0,,0,43,3.1,383.2,0,21
180,0.027549363672733307,-4.158896446228027,-2.1,85691.531,1.0,1.0,,0,45,3.7,398.1,0,21
181,0.01643957756459713,-4.902396202087402,-1.53,71891.781,1.0,1.0,,0,38,3.8,412.3,0,23
182,0.016729608178138733,-4.721463203430176,-2.36,110784.688,1.0,1.0,,0,38,3.4,391.3,0,21
183,0.03554514795541763,-4.994150161743164,-1.53,65031.945,1.0,1.0,,0,36,3.6,403.7,8,20
184,0.017026593908667564,-5.264099597930908,-1.94,89964.492,1.0,1.0,,0,43,3.6,403.1,0,22
185,0.020116176456212997,-4.809404373168945,-1.47,64138.262,1.0,1.0,,0,39,3.6,394.0,0,22
186,0.016141800209879875,-5.247951507568359,-1.18,51105.984,1.0,1.0,,0,42,3.4,393.4,0,22
187,0.010486705228686333,-5.174195289611816,-0.62,23645.168,1.0,1.0,,0,42,2.7,367.6,0,21
188,0.01811535842716694,-3.6316277980804443,-2.42,89071.891,1.0,1.0,,0,46,3.5,401.7,0,22
189,0.03122764267027378,-3.5946145057678223,-1.72,77189.469,1.0,1.0,,0,46,3.1,379.4,0,21
190,0.032062023878097534,-4.572312355041504,-1.96,81527.625,1.0,1.0,,0,51,3.3,384.9,3,19
191,-0.005548197776079178,-4.35137939453125,-2.02,92434.266,1.0,1.0,,0,46,4.3,425.1,0,24
192,0.028603412210941315,-6.262816429138184,-1.05,46949.891,1.0,1.0,,0,44,3.6,401.1,0,21
193,0.026276670396327972,-4.702487945556641,-1.63,63322.207,1.0,1.0,,0,41,3.9,413.4,0,22
194,0.03202207013964653,-3.5976226329803467,-1.41,57067.242,1.0,1.0,,0,39,3.8,402.4,0,22
195,0.020292919129133224,-4.673223495483398,-1.32,57303.047,1.0,1.0,,0,45,3.4,383.2,0,22
196,0.008394122123718262,-5.194227695465088,-1.82,76430.695,1.0,1.0,,0,47,3.8,399.8,0,23
197,0.02132519707083702,-5.103268146514893,-2.18,103789.5,1.0,1.0,,0,46,3.6,402.1,0,22
198,0.017402073368430138,-3.639904260635376,-1.7,82308.18,1.0,1.0,,0,43,3.3,383.5,0,22
199,0.03881412371993065,-3.9658589363098145,-1.99,82407.008,1.0,1.0,,0,39,3.6,398.7,0,22
200,0.025182591751217842,-4.757454872131348,-2.22,94423.539,1.0,1.0,,0,41,3.7,401.9,3,23
201,0.03575946390628815,-4.754462718963623,-2.54,124365.266,1.0,1.0,,0,46,3.5,389.1,0,22
202,0.027215084061026573,-3.7809739112854004,-2.21,93965.664,1.0,1.0,,0,48,3.6,396.5,0,25
203,0.02669164538383484,-3.78702449798584,-2.02,103629.086,1.0,1.0,,0,44,3.1,382.6,0,22
204,0.004875821061432362,-3.458103656768799,-1.54,67774.438,1.0,1.0,,0,43,3.5,388.9,0,23
205,0.03287110850214958,-4.090230464935303,-1.68,72764.891,1.0,1.0,,0,42,3.7,400.9,0,22
206,0.0302919689565897,-4.564753532409668,-2.45,109326.477,1.0,1.0,,0,55,3.5,392.9,0,23
207,0.03591465577483177,-4.720428943634033,-1.43,54092.227,1.0,1.0,,0,50,3.7,400.3,0,22
208,0.0029297159053385258,-4.612056732177734,-1.4,65366.199,1.0,1.0,,0,44,4.1,416.8,0,24
209,0.03258972615003586,-5.141942977905273,-1.88,88641.086,1.0,1.0,,0,49,3.6,389.8,0,22
210,0.017301436513662338,-4.797914505004883,-1.67,72107.141,1.0,1.0,,0,49,3.5,389.9,0,22
211,0.035796988755464554,-4.647625923156738,-2.24,105765.133,1.0,1.0,,0,49,3.5,399.4,0,24
212,0.02269737794995308,-4.374640464782715,-1.99,89313.273,1.0,1.0,,0,47,4.1,423.9,0,25
213,0.014765551313757896,-5.86711311340332,-2.0,93434.68,1.0,1.0,,0,41,3.5,392.2,0,23
214,0.028261398896574974,-3.490844488143921,-2.0,75472.312,1.0,1.0,,0,41,3.4,389.9,0,23
215,0.025521913543343544,-3.259833574295044,-1.6,65009.867,1.0,1.0,,0,40,3.0,376.7,0,21
216,0.024901388213038445,-3.661158323287964,-1.89,90093.367,1.0,1.0,,0,44,3.8,407.3,0,23
217,0.016535552218556404,-5.643962383270264,-1.91,88519.719,1.0,1.0,,0,44,2.9,371.8,3,21
218,0.018604246899485588,-4.540657043457031,-2.08,108738.625,1.0,1.0,,0,46,3.5,391.7,0,22
219,0.033976271748542786,-4.771026611328125,-1.08,42014.922,1.0,1.0,,0,37,3.8,406.4,3,23
220,0.03933887928724289,-4.825652122497559,-1.99,95156.062,1.0,1.0,,0,43,4.0,409.9,0,23
221,0.026071587577462196,-5.53311824798584,-2.06,107818.438,1.0,1.0,,0,46,3.5,387.4,0,23
222,0.042524855583906174,-3.856938362121582,-1.56,58591.969,1.0,1.0,,0,36,3.4,385.5,0,22
223,0.049590423703193665,-4.64300537109375,-1.52,68387.75,1.0,1.0,,0,38,3.2,395.1,0,21
224,0.006880231201648712,-3.3187108039855957,-2.24,113634.648,1.0,1.0,,0,44,4.2,417.1,0,24
225,-0.0009695012122392654,-5.653079032897949,-2.45,116009.609,1.0,1.0,,0,41,3.6,395.4,0,23
226,0.023915044963359833,-4.800775527954102,-1.16,49264.078,1.0,1.0,,0,35,3.0,379.5,3,21
227,-0.0034630969166755676,-3.5150177478790283,-1.88,84757.164,1.0,1.0,,0,34,3.5,386.2,0,22
228,0.0395585373044014,-4.359891891479492,-2.17,79276.031,1.0,1.0,,0,35,3.7,401.3,0,23
229,-0.0001519707147963345,-3.6317076683044434,-2.05,99173.328,1.0,1.0,,0,37,3.3,389.6,0,23
230,0.021164603531360626,-4.053928852081299,-1.82,80885.312,1.0,1.0,,0,35,3.2,383.1,0,22
231,0.02785516157746315,-4.175453186035156,-0.92,40243.273,1.0,1.0,,6,31,3.6,399.9,0,24
232,0.020322270691394806,-4.517518043518066,-1.39,64448.766,1.0,1.0,,0,36,3.4,387.3,0,23
233,-0.0045472970232367516,-4.159777641296387,-1.44,53948.523,1.0,1.0,,0,32,4.2,418.2,0,25
234,0.006115349009633064,-4.96661901473999,-1.36,57728.66,1.0,1.0,,0,33,3.6,397.8,0,24
235,0.03279466554522514,-4.6260223388671875,-1.3,60935.133,1.0,1.0,,6,32,3.6,398.1,0,24
236,0.025168001651763916,-4.4232635498046875,-1.21,47969.387,1.0,1.0,,0,31,3.7,400.8,0,24
237,0.030278509482741356,-4.544899940490723,-1.52,66324.109,1.0,1.0,,0,31,3.8,408.9,0,25
238,0.03923342004418373,-5.095840930938721,-1.44,64197.809,1.0,1.0,,0,37,3.1,377.2,0,21
239,0.02541869878768921,-3.4258575439453125,-2.31,98531.906,1.0,1.0,,0,37,3.9,401.7,0,25
240,0.030221153050661087,-4.764261722564697,-1.22,49054.672,1.0,1.0,,0,36,3.8,398.1,0,25
241,0.009631484746932983,-4.199337482452393,-1.57,60358.633,1.0,1.0,,0,38,3.6,395.9,0,23
242,0.006043149158358574,-4.443781852722168,-1.12,47977.047,1.0,1.0,,0,31,3.8,400.8,0,24
243,-0.015227701514959335,-4.779379844665527,-0.38,6168.096,1.0,1.0,,0,29,3.0,384.3,0,23
244,0.01921621896326542,-3.906155824661255,-1.1,48090.445,1.0,1.0,,0,32,3.5,383.6,0,25
245,0.01983461156487465,-4.263008117675781,-0.54,21954.645,1.0,1.0,,0,30,3.8,391.1,0,24
246,0.005722311325371265,-5.347650527954102,-1.13,59817.449,1.0,1.0,,0,32,3.5,387.3,0,25
247,0.005611672066152096,-4.339102745056152,-1.24,47488.906,1.0,1.0,,0,31,3.8,407.0,0,24
248,0.013902246952056885,-4.744400978088379,-1.0,41974.398,1.0,1.0,,0,34,3.0,377.5,0,23
249,0.05214519798755646,-4.0147318840026855,-0.93,43685.82,1.0,1.0,,0,30,3.7,386.8,0,26
250,0.006129409186542034,-5.837766647338867,-1.19,42258.969,1.0,1.0,,6,27,3.5,388.2,0,25
251,0.021503742784261703,-5.011319160461426,-1.12,57846.125,1.0,1.0,,0,29,3.8,403.5,0,26
252,0.008277804590761662,-5.1817193031311035,-1.02,35088.957,1.0,1.0,,0,25,3.7,397.3,0,27
253,0.02605203166604042,-4.934650421142578,-1.31,50167.367,1.0,1.0,,0,28,3.6,401.4,0,25
254,0.03447611629962921,-3.747520685195923,-1.35,64344.598,1.0,1.0,,0,32,3.8,400.2,0,24
255,0.02489326149225235,-3.987262487411499,-0.82,42731.48,1.0,1.0,,6,28,3.3,379.4,0,25
256,0.021885529160499573,-3.9865810871124268,-0.49,15986.045,1.0,1.0,,0,25,3.9,403.4,0,26
257,0.01775544323027134,-4.289165496826172,-0.3,8063.184,1.0,1.0,,0,30,3.4,395.3,0,25
258,0.01680133119225502,-4.112003326416016,-0.01,-12821.77,1.0,1.0,,0,32,3.6,392.6,0,23
259,0.007940051145851612,-4.872924327850342,-0.82,32439.838,1.0,1.0,,0,35,3.2,381.2,0,22
260,0.006236242596060038,-3.7501306533813477,-1.61,74738.57,1.0,1.0,,0,40,2.6,362.6,0,21
261,0.027244677767157555,-2.9410293102264404,-0.63,31859.334,1.0,1.0,,0,35,3.2,388.0,0,24
262,0.03558012843132019,-3.8801109790802,-0.2,10788.341,1.0,1.0,,0,31,3.4,383.1,0,24
263,0.04359221085906029,-4.463000774383545,-1.44,63554.367,1.0,1.0,,0,35,3.5,383.6,0,25
264,0.027760272845625877,-4.923836708068848,-1.24,49739.242,1.0,1.0,,0,35,3.7,398.5,0,26
265,0.023947354406118393,-5.715539455413818,-0.79,36324.438,1.0,1.0,,0,39,3.6,388.3,0,26
266,0.045422445982694626,-5.610788822174072,-0.93,25466.355,1.0,1.0,,0,39,3.4,385.6,0,24
267,0.02874145470559597,-4.099377632141113,-1.58,73337.094,1.0,1.0,,0,42,3.8,398.9,0,23
268,0.03923541307449341,-5.291895389556885,-1.13,33388.883,1.0,1.0,,0,39,2.8,357.9,0,20
269,0.006958256475627422,-4.4404473304748535,-0.97,30791.699,1.0,1.0,,0,43,3.9,396.0,0,25
270,0.016276083886623383,-5.508440017700195,-1.92,67774.398,1.0,1.0,,0,44,3.3,380.6,0,22
271,0.02240312099456787,-3.664358377456665,-0.93,31825.828,1.0,1.0,,0,41,3.3,376.7,0,23
272,0.02641470916569233,-3.4387919902801514,-0.8,32865.277,1.0,1.0,,0,44,3.5,398.7,0,25
273,0.012574023567140102,-5.655346870422363,-1.51,65635.859,1.0,1.0,,0,47,3.4,390.9,0,23
274,0.02830563113093376,-4.451739311218262,-1.56,64409.977,1.0,1.0,,0,47,3.1,392.3,0,24
275,0.029265793040394783,-3.5301198959350586,-0.59,19599.852,1.0,1.0,,0,40,3.6,396.9,0,26
276,0.03572897985577583,-5.064075469970703,-1.38,54981.906,1.0,1.0,,0,44,3.1,374.7,0,24
277,0.022820789366960526,-4.6093549728393555,-1.69,82568.344,1.0,1.0,,0,38,3.5,396.2,0,23
278,0.028784582391381264,-3.954192638397217,-1.84,76342.984,1.0,1.0,,0,36,3.2,379.7,0,24
279,0.025776155292987823,-3.93109393119812,-2.04,85669.219,1.0,1.0,,0,35,3.3,379.3,0,22
280,0.014277777634561062,-3.3136978149414062,-0.77,38792.902,1.0,1.0,,0,30,3.9,405.9,0,25
281,0.017162291333079338,-5.701922416687012,-1.14,51704.133,1.0,1.0,,0,33,3.9,415.9,0,25
282,0.03692973405122757,-5.702601432800293,-1.4,49910.008,1.0,1.0,,0,38,3.3,384.4,0,23
283,0.027833791449666023,-4.655568599700928,-0.79,26792.842,1.0,1.0,,0,35,3.2,383.2,0,22
284,0.025978099554777145,-3.3434979915618896,-0.76,37380.73,1.0,1.0,,0,38,3.4,385.3,0,22
285,0.025837697088718414,-4.347295761108398,-1.18,49726.492,1.0,1.0,,0,44,3.0,389.8,0,23
286,0.014241162687540054,-3.1622838973999023,-0.54,22677.518,1.0,1.0,,0,39,2.6,355.5,0,21
287,0.024526789784431458,-3.2432141304016113,-0.41,23040.621,1.0,1.0,,0,37,3.0,375.3,0,22
288,0.03645904362201691,-3.714742660522461,-0.47,10737.776,1.0,1.0,,0,44,3.2,379.0,0,22
289,0.03399122506380081,-3.7017855644226074,0.25,-6201.538,1.0,1.0,,0,44,3.1,369.6,0,21
290,-0.001981622539460659,-4.127854347229004,-0.1,-7826.166,1.0,1.0,,0,44,2.9,357.2,0,24
291,0.03915085643529892,-4.300845146179199,-0.7,33721.25,1.0,1.0,,0,33,3.5,395.2,0,23
292,0.016112295910716057,-5.220010757446289,-0.19,3287.661,1.0,1.0,,0,29,3.8,392.7,0,24
293,0.005958857014775276,-5.496879577636719,-0.2,-3932.783,1.0,1.0,,0,34,2.8,360.8,0,21
294,0.013918422162532806,-3.9354891777038574,-0.43,17374.324,1.0,1.0,,0,33,3.6,398.3,0,23
295,0.01245184987783432,-4.137101650238037,-0.59,29005.773,1.0,1.0,,0,39,3.3,384.9,0,22
296,0.0262092687189579,-4.304997444152832,-0.7,35757.684,1.0,1.0,,0,37,3.2,380.9,0,24
297,0.028165431693196297,-4.233607292175293,-0.89,43238.664,1.0,1.0,,0,34,3.1,379.3,0,21
298,0.04148673266172409,-3.565791606903076,-0.76,34405.539,1.0,1.0,,0,34,2.8,377.0,0,22
299,0.01414265763014555,-4.241411209106445,-0.75,35731.438,1.0,1.0,,0,31,4.0,407.8,0,23
300,0.009372498840093613,-5.338318824768066,-0.58,24802.77,1.0,1.0,,0,29,3.9,405.2,0,23
301,0.03890601545572281,-5.401437282562256,-0.68,40779.195,1.0,1.0,,0,27,3.6,397.0,0,24
302,0.04799824208021164,-4.762914657592773,-0.62,23140.639,1.0,1.0,,6,27,3.6,384.4,0,22
303,0.027175873517990112,-4.259912967681885,-1.03,40749.848,1.0,1.0,,0,31,3.4,381.0,0,23
304,0.04786897450685501,-4.44033670425415,-0.76,34819.758,1.0,1.0,,6,28,3.2,387.6,0,24
305,0.028549842536449432,-3.5798726081848145,-1.06,46415.457,1.0,1.0,,6,27,3.3,370.9,0,21
306,0.03477732092142105,-3.8528127670288086,-0.88,38963.598,1.0,1.0,,6,28,4.0,411.2,0,27
307,0.007372760213911533,-5.7266526222229,-0.6,28348.264,1.0,1.0,,6,25,3.2,375.0,0,22
308,0.0185810886323452,-5.244553565979004,-0.77,23651.27,1.0,1.0,,6,28,3.2,386.6,0,22
309,0.01856357790529728,-3.7278451919555664,-1.21,52612.109,1.0,1.0,,6,28,3.9,401.5,0,24
310,0.02986043505370617,-6.2622880935668945,-1.1,42996.027,1.0,1.0,,6,26,3.5,388.0,0,22
311,0.023636983707547188,-4.357617378234863,-0.68,17102.438,1.0,1.0,,6,28,3.9,413.0,0,24
312,0.017498280853033066,-5.824163436889648,-1.03,31000.127,1.0,1.0,,6,26,4.3,427.1,0,25
313,0.019100835546851158,-5.218086242675781,-0.97,40279.375,1.0,1.0,,6,29,3.7,385.8,0,25
314,0.02350413054227829,-5.223899841308594,-1.11,41896.633,1.0,1.0,,6,27,3.3,391.5,0,24
315,0.02008424513041973,-4.067314147949219,-0.94,40940.727,1.0,1.0,,0,28,3.1,368.7,0,22
316,0.0005347896367311478,-4.13672399520874,-0.92,37625.148,1.0,1.0,,0,26,3.7,397.1,0,25
317,0.04984205961227417,-4.79285192489624,-0.63,19858.629,1.0,1.0,,0,25,3.0,369.4,0,24
318,0.014399196952581406,-4.669071197509766,-0.95,36945.852,1.0,1.0,,6,27,3.4,385.6,0,25
319,0.02063579112291336,-4.5742058753967285,-0.96,43254.957,1.0,1.0,,6,26,3.1,379.8,0,25
320,0.03184579312801361,-3.912900447845459,-0.68,21618.154,1.0,1.0,,6,28,3.2,374.6,0,23
321,0.014566699042916298,-3.381779670715332,-0.72,30824.404,1.0,1.0,,6,25,3.5,379.6,0,26
322,0.030532751232385635,-4.913765907287598,-0.73,28260.242,1.0,1.0,,6,26,3.3,390.2,0,24
323,0.03341023623943329,-4.921571731567383,-1.37,57401.473,1.0,1.0,,6,22,3.9,410.2,0,28
324,0.01700255274772644,-5.5391926765441895,-1.01,51911.074,1.0,1.0,,0,25,3.7,399.1,0,27
325,0.013553597964346409,-4.776580333709717,-0.45,20153.225,1.0,1.0,,6,23,2.8,364.5,0,24
326,0.004483018070459366,-3.037564516067505,-0.81,30551.016,1.0,1.0,,0,25,4.1,423.3,0,27
327,0.02475009672343731,-5.024444580078125,0.06,-9084.947,1.0,1.0,,0,29,3.4,384.5,0,27
328,0.021869368851184845,-4.508357524871826,0.15,-11548.852,1.0,1.0,,0,25,3.8,392.8,0,28
329,0.011803495697677135,-4.6171650886535645,-0.47,18659.006,1.0,1.0,,0,31,2.9,366.8,0,23
330,0.03697947785258293,-3.6803925037384033,-0.23,6433.826,1.0,1.0,,0,27,3.3,367.7,0,26
331,0.028135444968938828,-4.713850975036621,-0.34,11958.435,1.0,1.0,,0,28,3.7,402.8,0,28
332,0.013063229620456696,-5.530357360839844,-0.76,39641.648,1.0,1.0,,0,30,3.0,376.8,0,27
333,0.04082559049129486,-4.378936767578125,-1.1,49108.344,1.0,1.0,,0,24,3.9,401.1,0,27
334,0.027429983019828796,-4.786044120788574,-0.8,29609.359,1.0,1.0,,0,25,3.6,390.5,0,26
335,0.03018379770219326,-4.64806604385376,-1.19,53762.844,1.0,1.0,,0,26,3.4,395.8,0,26
336,0.037819430232048035,-4.694740295410156,-1.04,38498.195,1.0,1.0,,6,26,3.8,405.3,0,28
337,0.021060338243842125,-4.73600435256958,-1.02,42064.094,1.0,1.0,,0,28,3.2,378.7,0,24
338,0.025975313037633896,-4.558828830718994,-1.43,65491.484,1.0,1.0,,0,32,3.8,404.9,0,26
339,0.02325579896569252,-5.250168800354004,-1.55,72024.234,1.0,1.0,,0,32,3.3,384.1,0,25
340,0.044701531529426575,-3.9929399490356445,-2.05,98998.203,1.0,1.0,,0,39,3.1,376.4,0,28
341,0.04084526002407074,-4.060622215270996,-1.02,50305.066,1.0,1.0,,0,32,4.2,424.2,0,30
342,0.044205307960510254,-5.315712928771973,-1.65,73217.164,1.0,1.0,,0,38,3.5,385.6,0,27
343,0.04726988822221756,-4.7187089920043945,-1.48,68704.766,1.0,1.0,,0,35,3.4,381.4,0,24
344,0.032004185020923615,-4.014442443847656,-1.35,63034.883,1.0,1.0,,0,35,2.7,356.4,0,23
345,0.048022832721471786,-3.686833620071411,-1.17,45754.379,1.0,1.0,,0,35,3.1,381.6,0,25
346,0.041407275944948196,-2.921611785888672,-0.6,19813.004,1.0,1.0,,0,36,3.5,384.8,0,27
347,0.04924916476011276,-4.549439907073975,-1.84,86748.883,1.0,1.0,,0,36,3.0,372.1,0,25
348,0.03270816057920456,-3.5277786254882812,-1.81,64706.379,1.0,1.0,,0,42,3.6,392.1,0,26
349,-0.006106148473918438,-5.430961608886719,-1.43,55708.312,1.0,1.0,,0,38,3.1,374.9,0,27
350,0.041054509580135345,-3.20151424407959,-1.26,60733.57,1.0,1.0,,0,36,3.3,380.7,0,26
351,0.04475940018892288,-5.410093784332275,-1.79,79921.742,1.0,1.0,,0,40,2.9,372.1,0,24
352,0.045361682772636414,-3.3368191719055176,-0.9,36927.855,1.0,1.0,,0,35,3.3,374.0,0,25
353,0.050445668399333954,-4.890011787414551,-1.07,58523.484,1.0,1.0,,0,35,3.1,369.7,0,23
354,0.030147694051265717,-3.3741230964660645,-1.42,61294.141,1.0,1.0,,0,31,3.3,378.5,0,24
355,0.03208198398351669,-4.292386054992676,-1.47,63343.246,1.0,1.0,,0,37,3.2,381.0,0,24
356,0.03305229917168617,-4.80020809173584,-0.45,16445.217,1.0,1.0,,0,29,2.9,367.7,0,24
357,0.04078119620680809,-3.674828290939331,-1.23,51177.406,1.0,1.0,,0,35,3.2,378.1,0,25
358,0.03329768776893616,-3.41630482673645,-0.95,37452.871,1.0,1.0,,0,36,3.1,371.1,0,25
359,0.008784144185483456,-4.919438362121582,-0.41,18714.477,1.0,1.0,,0,29,3.6,385.5,0,26
360,0.04375621676445007,-4.756481170654297,-0.64,27464.711,1.0,1.0,,0,34,3.1,356.6,0,25
361,0.02419968508183956,-3.6988742351531982,-1.36,69156.922,1.0,1.0,,0,39,3.4,389.0,0,27
362,0.05653766170144081,-4.253542900085449,-0.66,34047.152,1.0,1.0,,0,39,2.8,356.5,0,23
363,0.017951026558876038,-4.596900463104248,-0.71,22070.209,1.0,1.0,,0,31,3.4,385.3,0,27
364,0.03300093859434128,-4.650988578796387,-0.43,19366.863,1.0,1.0,,0,35,2.9,366.4,0,24
365,0.04574061930179596,-4.655885696411133,-0.55,27418.25,1.0,1.0,,0,33,2.9,370.7,0,24
366,0.03661550208926201,-4.3470540046691895,-0.93,36152.352,1.0,1.0,,0,37,3.0,373.1,0,25
367,0.018676824867725372,-4.260197639465332,-0.65,35115.242,1.0,1.0,,0,34,3.5,394.6,0,28
368,0.045139096677303314,-5.590092658996582,-0.58,24914.479,1.0,1.0,,0,26,3.2,379.0,0,25
369,0.01817839778959751,-4.319793701171875,-0.4,15747.141,1.0,1.0,,0,31,3.6,379.1,0,26
370,0.009389452636241913,-5.415454864501953,-0.83,37254.375,1.0,1.0,,0,28,3.6,390.4,0,25
371,0.04448822885751724,-5.198978900909424,-1.31,55315.609,1.0,1.0,,0,32,3.7,401.0,0,27
372,0.026799703016877174,-5.310359954833984,-0.49,20712.715,1.0,1.0,,6,26,3.2,375.1,0,24
373,0.018575571477413177,-4.552094459533691,-1.23,63050.078,1.0,1.0,,0,34,3.0,373.7,0,26
374,0.04852824658155441,-4.270496845245361,-1.01,36627.891,1.0,1.0,,0,31,2.8,350.3,0,23
375,0.013511807657778263,-4.1659674644470215,-0.65,22207.645,1.0,1.0,,0,30,3.0,363.0,0,26
376,0.04850415140390396,-3.5856451988220215,-0.73,31654.422,1.0,1.0,,0,34,3.3,380.4,0,24
377,0.033600613474845886,-4.364314079284668,-1.13,54593.547,1.0,1.0,,0,35,3.1,362.8,0,24
378,0.04883071035146713,-4.156535625457764,-0.78,29755.609,1.0,1.0,,0,32,3.9,400.8,0,27
379,0.034327272325754166,-5.54146671295166,-1.0,38026.781,1.0,1.0,,0,37,3.5,382.9,0,27
380,0.015380030497908592,-5.0127668380737305,-1.36,51476.695,1.0,1.0,,0,41,3.4,386.1,0,25
381,0.02675928734242916,-5.049803733825684,-1.39,54522.566,1.0,1.0,,0,39,3.3,380.2,0,27
382,0.03639141470193863,-4.213469505310059,-1.48,73762.352,1.0,1.0,,0,39,3.4,377.3,0,24
383,0.03615660220384598,-4.405219078063965,-2.17,106350.578,1.0,1.0,,0,45,2.9,364.1,0,24
384,0.0490950383245945,-4.488465309143066,-1.09,45776.031,1.0,1.0,,0,31,3.1,380.4,0,25
385,0.032486505806446075,-4.304628372192383,-1.21,51290.312,1.0,1.0,,0,36,2.9,375.3,0,23
386,0.024255946278572083,-3.733527898788452,-0.89,41976.488,1.0,1.0,,0,34,3.6,388.7,0,26
387,0.05024071782827377,-4.8663330078125,-1.01,49847.098,1.0,1.0,,0,35,2.7,361.8,0,23
388,0.03778102248907089,-3.7478675842285156,-1.14,44506.973,1.0,1.0,,0,34,2.9,367.4,0,23
389,0.026707271113991737,-3.9799647331237793,-1.3,59076.789,1.0,1.0,,0,32,3.1,373.1,0,26
390,0.05308549851179123,-4.323115348815918,-1.55,56485.668,1.0,1.0,,0,32,3.1,374.1,0,27
391,0.021957989782094955,-3.280674934387207,-1.47,63318.32,1.0,1.0,,0,33,3.7,399.8,0,28
392,0.046668924391269684,-3.84367036819458,-1.11,50269.031,1.0,1.0,,0,36,3.0,366.4,0,23
393,0.040039923042058945,-3.4144179821014404,-1.56,70802.047,1.0,1.0,,0,33,3.6,383.1,0,28
394,0.04225463792681694,-5.461077690124512,-1.33,63300.133,1.0,1.0,,0,32,4.0,400.1,0,30
395,0.0430167019367218,-5.480327606201172,-1.64,69076.5,1.0,1.0,,0,31,2.8,368.5,0,25
396,0.042131923139095306,-3.2703347206115723,-1.82,87557.469,1.0,1.0,,0,34,3.0,376.1,0,26
397,0.036393165588378906,-5.005082130432129,-1.4,68772.539,1.0,1.0,,0,31,3.5,387.4,0,28
398,0.03714648634195328,-4.727950096130371,-1.32,57903.406,1.0,1.0,,0,32,2.9,357.3,0,25
399,0.02281218022108078,-4.4952473640441895,-1.75,80997.328,1.0,1.0,,0,33,3.6,406.7,0,27
400,0.041647911071777344,-4.469029426574707,-1.53,63057.223,1.0,1.0,,0,35,3.1,376.4,0,26
401,0.040073707699775696,-4.501086711883545,-1.65,61266.992,1.0,1.0,,0,35,3.7,397.0,0,26
402,0.022859904915094376,-4.2501115798950195,-0.9,43215.879,1.0,1.0,,0,35,3.4,390.6,0,27
403,0.03965684026479721,-5.042702674865723,-1.36,64539.684,1.0,1.0,,0,36,3.7,390.7,0,28
404,0.02469514310359955,-5.713526725769043,-1.7,76775.422,1.0,1.0,,0,34,2.6,358.0,0,24
405,0.05168665200471878,-3.314802646636963,-0.83,44252.055,1.0,1.0,,0,33,3.1,371.2,0,24
406,0.038072846829891205,-3.613288402557373,-0.72,36574.543,1.0,1.0,,0,36,3.0,377.0,0,27
407,0.027707546949386597,-4.245487213134766,-1.12,44178.465,1.0,1.0,,0,31,3.4,380.0,0,26
408,0.03330802172422409,-4.696260929107666,-1.7,72253.719,1.0,1.0,,0,38,3.4,390.0,0,28
409,0.03413812071084976,-4.72194766998291,-1.21,62547.023,1.0,1.0,,0,38,3.1,368.1,0,25
410,0.032450687140226364,-4.216401100158691,-0.89,40588.938,1.0,1.0,,0,31,2.9,366.7,0,24
411,0.04267401248216629,-3.634751558303833,-1.34,60515.961,1.0,1.0,,0,38,3.1,372.6,0,25
412,0.022297820076346397,-5.245662689208984,-1.22,61760.984,1.0,1.0,,0,38,3.8,399.7,0,28
413,0.010221369564533234,-5.218196868896484,-1.7,80985.656,1.0,1.0,,0,41,3.1,366.7,0,25
414,0.03557915985584259,-4.233372211456299,-1.09,51058.977,1.0,1.0,,0,35,3.3,376.1,0,26
415,0.053760774433612823,-4.698260307312012,-1.44,68579.383,1.0,1.0,,0,37,3.1,370.1,0,26
416,0.020129138603806496,-4.448124408721924,-1.02,45511.258,1.0,1.0,,0,27,3.2,372.0,0,27
417,0.054976508021354675,-4.698938369750977,-1.53,67424.727,1.0,1.0,,0,37,3.5,381.0,0,27
418,0.02505466528236866,-4.295209884643555,-1.37,55660.242,1.0,1.0,,0,32,3.1,375.9,0,25
419,0.023999132215976715,-4.185018062591553,-1.83,95221.328,1.0,1.0,,0,38,3.0,369.5,0,25
420,0.03488893061876297,-4.245809555053711,-1.27,59811.047,1.0,1.0,,0,35,3.4,376.5,0,27
421,0.030825071036815643,-5.768488883972168,-2.14,93596.906,1.0,1.0,,0,40,2.8,360.3,0,23
422,0.028390834107995033,-2.6889820098876953,-1.64,79711.203,1.0,1.0,,0,36,3.4,376.4,0,24
423,0.03866975009441376,-4.643307685852051,-1.11,44035.297,1.0,1.0,,0,33,3.1,372.4,0,24
424,0.030685964971780777,-3.455392599105835,-1.65,74019.469,1.0,1.0,,0,38,2.9,357.8,0,23
425,0.03933968022465706,-4.077549934387207,-1.59,69119.688,1.0,1.0,,0,38,3.0,368.3,0,24
426,0.03368885815143585,-3.6753573417663574,-1.0,42020.285,1.0,1.0,,0,32,3.2,368.8,0,26
427,0.02418683096766472,-4.800434112548828,-1.8,87866.633,1.0,1.0,,0,34,2.7,365.0,0,23
428,0.04170038551092148,-3.134652614593506,-1.65,74440.578,1.0,1.0,,0,31,2.7,364.6,0,23
429,0.0367269441485405,-2.349630117416382,-1.11,48962.398,1.0,1.0,,0,28,3.1,368.4,0,25
430,0.034147124737501144,-4.818122863769531,-1.5,66902.344,1.0,1.0,,0,28,2.7,359.2,0,22
431,0.045085273683071136,-3.07654070854187,-1.42,66217.359,1.0,1.0,,0,30,3.2,371.7,0,25
432,0.03450414538383484,-4.802942276000977,-1.75,90131.359,1.0,1.0,,0,31,2.6,353.0,0,22
433,0.035936515778303146,-2.8427367210388184,-1.91,83163.312,1.0,1.0,,0,33,3.0,369.5,0,23
434,0.03614853322505951,-3.650617837905884,-1.57,79956.211,1.0,1.0,,0,33,3.1,371.7,0,24
435,0.033541109412908554,-4.4881086349487305,-1.14,56428.707,1.0,1.0,,0,30,3.0,376.9,0,23
436,0.039921026676893234,-5.100972652435303,-0.65,28848.98,1.0,1.0,,0,30,2.9,363.1,0,22
437,0.04196472465991974,-3.759718894958496,-1.04,47150.605,1.0,1.0,,0,35,2.8,365.1,0,22
438,0.04915601760149002,-3.94146728515625,-0.89,41722.367,1.0,1.0,,0,36,2.6,343.8,0,22
439,0.045473869889974594,-3.8181722164154053,-1.57,66384.828,1.0,1.0,,0,36,2.9,364.4,0,23
440,0.042653970420360565,-4.000495910644531,-0.93,37993.961,1.0,1.0,,0,33,3.4,380.1,0,25
441,0.030793000012636185,-4.873904705047607,-1.07,44387.082,1.0,1.0,,0,34,2.3,333.4,0,19
442,0.03759079426527023,-2.694653034210205,-1.21,53168.102,1.0,1.0,,0,36,3.3,383.0,0,24
443,0.0388333834707737,-4.957332611083984,-0.7,19457.969,1.0,1.0,,0,29,3.2,366.9,0,24
444,0.04200213402509689,-4.293394088745117,-1.24,52085.734,1.0,1.0,,0,37,2.2,345.3,0,20
445,0.029352722689509392,-2.5472404956817627,-0.87,47055.094,1.0,1.0,,0,36,3.0,376.3,0,24
446,0.01537443045526743,-5.871191024780273,-0.92,37617.098,1.0,1.0,,0,35,3.4,386.1,0,26
447,0.03700851649045944,-4.958597183227539,-1.06,51391.094,1.0,1.0,,0,31,3.2,391.3,0,24
448,0.04179144650697708,-3.4946744441986084,-0.76,39999.793,1.0,1.0,,0,32,3.0,379.8,0,23
449,0.014216484501957893,-4.602039337158203,-1.02,51429.289,1.0,1.0,,0,32,2.7,352.1,0,20
450,0.031692080199718475,-4.122735977172852,-0.77,38229.34,1.0,1.0,,0,32,2.4,341.0,0,20
451,0.04534377530217171,-3.5457074642181396,-0.71,21685.621,1.0,1.0,,0,30,2.7,363.5,0,22
452,0.027401506900787354,-3.547030448913574,-0.81,34717.367,1.0,1.0,,0,33,2.8,363.4,0,22
453,0.043473079800605774,-3.543456554412842,-0.24,10641.738,1.0,1.0,,0,27,2.8,353.2,0,22
454,0.014542070217430592,-3.9083657264709473,-0.92,48387.57,1.0,1.0,,0,33,3.0,380.5,0,25
455,0.03820906579494476,-4.467982292175293,-0.06,1465.533,1.0,1.0,,0,28,3.0,361.3,0,23
456,0.0198324266821146,-5.261942386627197,-1.23,47042.891,1.0,1.0,,0,30,2.7,375.0,0,22
457,0.05330011993646622,-3.702777862548828,-1.1,47387.391,1.0,1.0,,0,29,3.5,398.5,0,24
458,0.030736833810806274,-5.065189361572266,-1.02,43152.238,1.0,1.0,,0,21,2.9,368.1,0,21
459,0.024975977838039398,-3.6035096645355225,-0.76,33767.422,1.0,1.0,,6,22,2.1,335.4,0,19
460,0.045918505638837814,-2.5249502658843994,-1.18,66781.453,1.0,1.0,,0,28,2.9,361.2,0,23
461,0.04072490334510803,-4.122745037078857,-1.09,39780.672,1.0,1.0,,0,27,2.6,344.0,0,20
462,0.04673907160758972,-3.4470179080963135,-0.98,34443.844,1.0,1.0,,0,28,2.9,360.1,0,22
463,0.01975725218653679,-4.1156840324401855,-1.74,77788.953,1.0,1.0,,0,31,2.4,341.6,0,19
464,0.01957206055521965,-2.432354688644409,-1.12,61270.852,1.0,1.0,,0,32,3.0,361.8,0,22
465,0.044580452144145966,-3.8923606872558594,-1.38,66741.812,1.0,1.0,,0,35,2.5,354.7,0,21
466,0.04340200498700142,-3.952988862991333,-1.88,73919.117,1.0,1.0,,0,33,2.6,339.7,0,21
467,0.00889982096850872,-3.783766746520996,-1.85,81814.078,1.0,1.0,,0,35,2.6,355.4,0,22
468,0.03832855448126793,-3.0299673080444336,-1.78,74576.461,1.0,1.0,,0,30,2.6,342.5,0,21
469,0.030268991366028786,-3.71627140045166,-1.91,90603.469,1.0,1.0,,0,33,2.8,349.7,0,21
470,0.037721484899520874,-3.7414333820343018,-1.79,79480.469,1.0,1.0,,0,30,2.2,346.8,0,20
471,0.03801288828253746,-2.7184038162231445,-1.69,74155.562,1.0,1.0,,0,29,2.1,338.7,0,19
472,0.04650522395968437,-1.9490838050842285,-1.68,79118.188,1.0,1.0,,0,32,2.3,345.1,0,20
473,0.042673997581005096,-3.214409351348877,-2.19,97199.375,1.0,1.0,,0,36,2.1,346.4,0,21
474,0.03463321924209595,-2.6674017906188965,-1.52,71145.016,1.0,1.0,,0,27,2.2,348.6,0,20
475,0.03311317414045334,-3.618150472640991,-1.54,69900.656,1.0,1.0,,6,28,2.7,354.3,0,21
476,0.05034271627664566,-4.093682289123535,-1.82,88243.406,1.0,1.0,,0,30,2.5,348.5,0,20
477,0.03584608435630798,-4.000053405761719,-1.56,65872.469,1.0,1.0,,0,28,2.6,363.1,0,22
478,0.051659826189279556,-4.292933464050293,-1.49,56611.223,1.0,1.0,,0,31,2.6,356.6,0,20
479,0.02318880893290043,-3.733182668685913,-1.51,73465.945,1.0,1.0,,0,31,2.7,355.2,0,20
480,0.03952087461948395,-5.137524604797363,-1.36,68294.828,1.0,1.0,,0,32,2.1,325.9,0,17
481,0.0484904870390892,-2.695514678955078,-1.44,65559.953,1.0,1.0,,0,33,2.6,360.8,0,21
482,0.03712262958288193,-4.281721591949463,-1.42,67482.125,1.0,1.0,,0,31,2.2,339.0,0,18
483,0.04124797508120537,-3.7820332050323486,-1.3,63647.367,1.0,1.0,,0,30,1.7,330.7,0,18
484,0.036568813025951385,-3.2247567176818848,-1.21,67204.523,1.0,1.0,,0,31,3.0,374.7,0,22
485,0.04756816476583481,-4.442172527313232,-1.52,73287.0,1.0,1.0,,0,27,2.3,361.1,0,20
486,0.04432417452335358,-3.922135591506958,-1.86,93519.383,1.0,1.0,,0,35,2.1,345.2,0,18
487,0.03676384687423706,-3.7865986824035645,-1.56,71781.055,1.0,1.0,,0,32,2.3,349.6,0,19
488,0.03091084025800228,-3.7932400703430176,-1.68,73439.969,1.0,1.0,,0,34,2.6,342.5,0,19
489,0.029529893770813942,-3.6230545043945312,-0.83,32006.004,1.0,1.0,,0,30,1.7,311.2,11,16
490,0.03165823221206665,-3.205395221710205,-1.94,97893.844,1.0,1.0,,0,36,2.3,340.2,0,18
491,0.04452495276927948,-3.797182559967041,-1.48,66432.297,1.0,1.0,,0,33,2.6,355.8,0,18
492,0.03711088001728058,-3.5325965881347656,-2.32,94297.891,1.0,1.0,,0,40,3.3,393.1,0,21
493,0.03036179021000862,-4.893733501434326,-1.16,55254.422,1.0,1.0,,0,31,2.1,339.5,0,18
494,0.034346215426921844,-3.108459949493408,-1.47,76410.938,1.0,1.0,,0,36,2.5,352.5,0,18
495,0.045977987349033356,-5.144204616546631,-0.83,31682.789,1.0,1.0,,0,28,3.0,373.5,0,20
496,0.03450204059481621,-5.490184783935547,-1.41,71329.836,1.0,1.0,,0,30,2.2,330.4,0,16
497,0.03271867707371712,-2.9195621013641357,-1.05,54466.715,1.0,1.0,,0,29,3.0,381.0,0,19
498,0.05187597498297691,-4.741818428039551,-1.66,86121.195,1.0,1.0,,0,31,2.3,345.8,0,18
499,0.0323968380689621,-3.680572986602783,-1.59,75908.609,1.0,1.0,,0,32,2.5,354.8,0,20
500,0.04475317895412445,-4.561519622802734,-1.29,59172.227,1.0,1.0,,0,26,2.2,338.5,0,18
501,0.04972843453288078,-3.660282611846924,-1.17,51930.957,1.0,1.0,,0,26,2.0,342.2,11,17
502,0.026492889970541,-3.7576746940612793,-2.01,92060.375,1.0,1.0,,0,35,2.5,346.3,11,17
503,0.020668355748057365,-4.038680076599121,-1.21,54024.004,1.0,1.0,,0,28,2.2,347.8,0,18
504,0.04287717491388321,-3.9526784420013428,-1.02,49630.609,1.0,1.0,,6,25,2.6,363.2,0,19
505,0.021025780588388443,-4.430722236633301,-1.16,49470.992,1.0,1.0,,0,26,2.0,334.3,11,19
506,0.03646547347307205,-3.2342171669006348,-1.24,56280.32,1.0,1.0,,0,29,2.1,335.8,12,17
507,0.05426548421382904,-3.09047794342041,-1.11,51152.438,1.0,1.0,,0,30,2.9,362.6,0,19
508,0.02692301571369171,-5.581560134887695,-0.91,40004.398,1.0,1.0,,0,25,1.9,322.5,11,18
509,0.02621789090335369,-2.948092460632324,-1.67,82094.406,1.0,1.0,,0,34,2.6,359.9,11,17
510,0.04521426185965538,-4.561539649963379,-1.57,72405.281,1.0,1.0,,0,32,2.2,343.8,12,18
511,0.05126511678099632,-3.573748826980591,-1.02,41232.93,1.0,1.0,,0,31,2.1,334.3,12,18
512,0.02590244635939598,-3.5828304290771484,-1.06,52131.703,1.0,1.0,,0,34,2.2,342.7,12,17
513,0.03955216705799103,-4.614458084106445,-1.24,62350.172,1.0,1.0,,0,33,2.5,343.7,0,17
514,0.040978819131851196,-4.28559684753418,-1.3,58441.25,1.0,1.0,,0,34,2.0,332.2,12,18
515,0.03745216131210327,-3.948284864425659,-0.96,43185.172,1.0,1.0,,0,33,2.4,356.8,12,18
516,0.04921437054872513,-4.583848476409912,-1.34,70772.188,1.0,1.0,,0,35,2.3,338.1,12,18
517,0.05266357958316803,-4.531999588012695,-1.01,53813.055,1.0,1.0,,0,33,1.8,324.4,11,18
518,0.04386475309729576,-3.63808012008667,-1.4,69278.875,1.0,1.0,,0,34,2.3,343.1,12,18
519,0.03822655603289604,-3.978713035583496,-0.89,47256.734,1.0,1.0,,0,31,1.9,330.2,12,18
520,0.035822875797748566,-3.5771045684814453,-1.46,54753.695,1.0,1.0,,0,31,2.0,332.5,12,18
521,0.0399775393307209,-3.277672529220581,-1.62,78158.656,1.0,1.0,,0,33,2.4,346.2,11,19
522,0.021769767627120018,-3.6274988651275635,-0.98,41596.945,1.0,1.0,,0,28,2.2,342.5,11,17
523,0.03665144369006157,-3.673563003540039,-1.53,79336.844,1.0,1.0,,0,29,1.9,324.0,12,19
524,0.03773270547389984,-3.0269508361816406,-1.39,74070.938,1.0,1.0,,0,30,1.8,325.9,12,19
525,0.04114401340484619,-2.745096206665039,-0.98,44651.516,1.0,1.0,,0,28,2.3,335.2,12,17
526,0.052548639476299286,-3.8788881301879883,-0.88,38391.715,1.0,1.0,,0,25,2.6,356.8,0,17
527,0.047792643308639526,-4.07440185546875,-1.65,74459.664,1.0,1.0,,0,31,1.7,311.3,12,18
528,0.043248482048511505,-2.924652099609375,-1.59,76270.0,1.0,1.0,,0,32,2.5,347.2,0,18
529,0.04048736393451691,-5.166317939758301,-1.47,74801.711,1.0,1.0,,0,30,2.5,345.1,12,17
530,0.05540379136800766,-3.615696907043457,-1.38,65673.906,1.0,1.0,,0,31,1.8,332.8,12,18
531,0.044749751687049866,-3.617091417312622,-1.74,89744.773,1.0,1.0,,0,33,1.9,328.1,12,18
532,0.029588522389531136,-2.214052677154541,-1.75,76580.523,1.0,1.0,,0,30,2.2,348.3,0,19
533,0.037844832986593246,-4.605130195617676,-1.71,74953.555,1.0,1.0,,0,30,2.0,333.6,11,18
534,0.04270574450492859,-3.3397178649902344,-1.81,78268.367,1.0,1.0,,0,29,1.9,337.1,12,18
535,0.02866489626467228,-3.512105703353882,-1.36,61089.062,1.0,1.0,,0,28,2.3,358.6,11,17
536,0.028616856783628464,-4.98057746887207,-1.39,64361.562,1.0,1.0,,6,27,2.2,336.5,11,18
537,0.04280460253357887,-3.7129549980163574,-1.39,69764.172,1.0,1.0,,6,25,2.0,348.5,12,18
538,0.0417197048664093,-3.679830312728882,-1.37,66130.078,1.0,1.0,,6,25,1.9,323.4,12,19
539,0.030759070068597794,-3.2681074142456055,-1.17,58528.32,1.0,1.0,,6,26,2.1,340.5,11,19
540,0.03153117746114731,-3.0311105251312256,-1.66,75961.016,1.0,1.0,,0,26,2.2,347.1,11,18
541,0.039875585585832596,-3.7216203212738037,-1.39,66970.891,1.0,1.0,,6,23,2.4,346.4,0,17
542,0.03828396275639534,-3.2912917137145996,-1.66,83427.719,1.0,1.0,,0,27,1.9,318.1,12,18
543,0.05397846922278404,-3.162846088409424,-1.12,54832.836,1.0,1.0,,0,24,2.0,331.9,12,19
544,0.027990112081170082,-3.4213597774505615,-1.02,54834.285,1.0,1.0,,0,27,1.8,324.7,12,19
545,0.03299161046743393,-3.6261672973632812,-1.15,47545.738,1.0,1.0,,0,24,2.4,360.2,12,18
546,0.02265094593167305,-2.919201374053955,-1.23,56147.176,1.0,1.0,,0,27,1.7,320.4,12,20
547,0.0538446344435215,-2.4353890419006348,-1.64,74763.688,1.0,1.0,,0,33,1.6,306.1,12,19
548,0.05571138113737106,-2.5634098052978516,-1.84,84161.977,1.0,1.0,,0,32,2.0,337.3,12,19
549,0.050804272294044495,-3.244866132736206,-2.36,116468.031,1.0,1.0,,0,33,1.6,312.9,11,19
550,0.05556599050760269,-2.5734827518463135,-1.75,79936.891,1.0,1.0,,0,31,1.7,315.2,12,18
551,0.04375835508108139,-3.9924519062042236,-1.4,57201.094,1.0,1.0,,0,30,2.1,332.9,12,20
552,0.03610974922776222,-3.502605438232422,-1.89,86231.367,1.0,1.0,,0,35,1.8,325.3,12,19
553,0.058898892253637314,-3.294163227081299,-1.71,79626.258,1.0,1.0,,0,34,1.7,324.0,12,20
554,0.037010740488767624,-3.0710856914520264,-2.2,94382.617,1.0,1.0,,0,38,2.0,338.5,12,19
555,0.04299699887633324,-4.10698938369751,-1.84,76111.266,1.0,1.0,,0,36,1.5,311.8,11,19
556,0.06371612846851349,-2.3284268379211426,-1.89,75035.602,1.0,1.0,,0,38,1.6,312.7,11,19
557,0.04738636314868927,-2.6841602325439453,-1.77,66105.742,1.0,1.0,,0,40,2.4,348.6,12,20
558,0.021917134523391724,-5.230356216430664,-1.66,66414.242,1.0,1.0,,0,38,1.7,337.5,12,20
559,0.03612551465630531,-3.0819082260131836,-1.93,82453.719,1.0,1.0,,0,35,1.5,326.4,12,20
560,0.040934570133686066,-3.0407919883728027,-1.46,62975.273,1.0,1.0,,0,36,1.9,312.9,12,19
561,0.03515390306711197,-3.4619083404541016,-1.45,60801.812,1.0,1.0,,0,33,2.2,349.1,12,20
562,0.040965545922517776,-4.1719865798950195,-1.02,45952.195,1.0,1.0,,0,39,2.3,343.8,12,19
563,0.056155975908041,-5.057755470275879,-1.32,55102.312,1.0,1.0,,0,36,1.5,320.7,12,21
564,0.047831498086452484,-3.736173629760742,-1.23,65440.781,1.0,1.0,,0,39,1.4,314.3,12,20
565,0.052496202290058136,-2.5066351890563965,-1.42,74363.734,1.0,1.0,,0,41,1.8,323.3,12,20
566,0.04644405469298363,-3.542647123336792,-0.92,47223.516,1.0,1.0,,0,40,1.8,329.1,12,19
567,0.033363569527864456,-5.141220569610596,-1.23,59274.523,1.0,1.0,,0,41,1.7,319.9,12,22
568,0.021630048751831055,-4.044243335723877,-2.07,88091.094,1.0,1.0,,0,45,1.6,311.6,11,20
569,0.027536988258361816,-2.9447154998779297,-1.57,77601.75,1.0,1.0,,0,37,1.4,298.6,12,20
570,0.03590603917837143,-1.730173110961914,-1.27,58791.383,1.0,1.0,,0,39,1.9,327.9,12,20
571,0.04740523919463158,-4.464535713195801,-0.99,47587.277,1.0,1.0,,0,33,2.2,342.2,11,19
572,0.03695349767804146,-4.877063751220703,-1.33,52931.906,1.0,1.0,,0,33,1.3,296.4,12,21
573,0.0512053444981575,-2.6962342262268066,-1.81,86223.305,1.0,1.0,,0,43,1.1,307.8,12,21
574,0.066187784075737,-3.419050693511963,-1.53,76328.391,1.0,1.0,,0,38,1.4,299.8,12,21
575,0.060098495334386826,-3.311732769012451,-0.95,48379.113,1.0,1.0,,0,35,1.2,304.8,11,21
576,0.03835439682006836,-3.339369297027588,-1.7,71632.547,1.0,1.0,,0,34,1.9,321.7,11,20
577,0.028697088360786438,-2.8730573654174805,-1.37,63628.434,1.0,1.0,,0,38,1.5,296.1,12,21
578,0.03712727874517441,-2.6575725078582764,-1.26,57180.688,1.0,1.0,,0,33,1.7,304.5,11,20
579,0.03598300367593765,-3.7285733222961426,-1.66,70882.281,1.0,1.0,,0,38,1.6,301.0,11,21
580,0.0452161505818367,-3.4824976921081543,-1.64,75809.711,1.0,1.0,,0,35,1.5,308.2,11,21
581,0.03490404784679413,-3.680835485458374,-1.25,58308.422,1.0,1.0,,0,36,1.7,318.7,11,21
582,0.047637563198804855,-3.95961332321167,-1.89,94344.969,1.0,1.0,,0,42,1.5,315.0,11,22
583,0.059280164539813995,-3.799530029296875,-1.29,66253.312,1.0,1.0,,0,37,1.4,308.1,11,22
584,0.041253190487623215,-3.438291549682617,-1.13,57082.219,1.0,1.0,,0,36,0.9,278.8,11,23
585,0.023003581911325455,-1.7671740055084229,-1.27,67009.789,1.0,1.0,,0,39,1.2,281.4,11,20
586,0.04129227250814438,-2.9870874881744385,-1.07,49924.258,1.0,1.0,,0,41,1.6,318.1,12,22
587,0.03532668203115463,-3.359969139099121,-1.47,69032.859,1.0,1.0,,0,40,1.4,304.7,11,22
588,0.03135044872760773,-3.712214946746826,-1.29,62238.086,1.0,1.0,,0,39,1.0,298.7,11,24
589,0.052701473236083984,-3.0885047912597656,-1.4,63896.242,1.0,1.0,,0,38,1.1,294.5,11,22
590,0.037765610963106155,-3.231682777404785,-1.01,49945.254,1.0,1.0,,0,35,1.0,280.6,11,22
591,0.036488957703113556,-2.1680731773376465,-0.92,46181.273,1.0,1.0,,0,36,1.8,319.8,11,22
592,0.03757297992706299,-4.150325775146484,-1.52,65474.762,1.0,1.0,,0,40,1.1,283.8,11,22
593,0.029113830998539925,-3.394033908843994,-2.06,86153.898,1.0,1.0,,0,42,1.6,322.2,11,21
594,0.03166290372610092,-4.196826934814453,-1.44,68698.664,1.0,1.0,,0,38,1.2,302.5,11,22
595,0.04013017565011978,-3.209897041320801,-1.84,87973.547,1.0,1.0,,0,36,1.2,291.0,11,24
596,0.031699247658252716,-2.6785974502563477,-1.38,74217.812,1.0,1.0,,0,37,1.0,295.7,11,22
597,0.05179765447974205,-3.448298215866089,-0.79,26290.617,1.0,1.0,,0,33,1.8,325.1,11,23
598,0.030161801725625992,-3.606088638305664,-1.36,67852.766,1.0,1.0,,0,41,1.0,292.4,11,22
599,0.06391419470310211,-3.683074474334717,-0.91,35938.555,1.0,1.0,,0,43,1.4,301.9,11,24
600,0.023596953600645065,-3.7238664627075195,-1.09,48741.242,1.0,1.0,,0,37,1.1,292.3,11,23
601,0.04809512943029404,-3.0936601161956787,-1.46,68034.945,1.0,1.0,,0,34,0.9,273.5,11,23
602,0.05207224190235138,-2.4477367401123047,-1.91,87409.734,1.0,1.0,,0,41,1.4,305.2,11,23
603,0.041394270956516266,-3.466557025909424,-0.98,49213.984,1.0,1.0,,0,38,1.5,315.5,11,23
604,0.04139575734734535,-4.373597621917725,-1.48,70951.422,1.0,1.0,,0,33,1.0,287.4,11,23
605,0.034407634288072586,-2.8219878673553467,-1.64,86628.25,1.0,1.0,,0,39,0.8,288.8,11,24
606,0.042059559375047684,-2.074971914291382,-1.36,65833.133,1.0,1.0,,0,34,0.8,275.6,11,24
607,0.04346127063035965,-1.8743482828140259,-0.9,36103.051,1.0,1.0,,0,30,1.1,295.2,11,24
608,0.050346385687589645,-3.1870293617248535,-0.76,37065.758,1.0,1.0,,0,29,1.1,295.3,11,24
609,0.053664930164813995,-3.0419976711273193,-1.4,54437.617,1.0,1.0,,0,33,1.2,297.0,11,25
610,0.031018942594528198,-2.9687700271606445,-1.25,70719.781,1.0,1.0,,0,33,1.7,321.6,11,24
611,0.03867697715759277,-3.9958853721618652,-1.52,67198.484,1.0,1.0,,0,34,1.2,302.1,11,24
612,0.04925210028886795,-2.95245099067688,-1.35,67359.438,1.0,1.0,,0,34,1.1,291.9,11,25
613,0.04134947806596756,-2.7523231506347656,-1.21,53271.664,1.0,1.0,,0,31,1.2,319.2,11,26
614,0.05018403381109238,-4.317262172698975,-0.97,47448.391,1.0,1.0,,0,27,1.1,299.9,11,26
615,0.037729330360889435,-2.9204277992248535,-0.79,45624.547,1.0,1.0,,0,27,1.5,296.8,11,24
616,0.0319560207426548,-3.8172969818115234,-0.98,50742.945,1.0,1.0,,0,27,1.2,310.7,11,24
617,0.0489569716155529,-3.3871395587921143,-0.45,24189.215,1.0,1.0,,0,27,1.3,296.9,11,24
618,0.03502646088600159,-2.85744571685791,-0.66,26617.641,1.0,1.0,,0,32,1.1,299.0,11,25
619,0.027646005153656006,-3.69881272315979,-0.79,39490.707,1.0,1.0,,0,28,1.3,301.1,11,24
620,0.05399797111749649,-3.7491402626037598,-0.76,34109.492,1.0,1.0,,0,27,1.1,288.6,11,24
621,0.03350142017006874,-3.370358943939209,-0.87,39723.301,1.0,1.0,,0,29,1.2,306.2,11,24
622,0.03713219612836838,-3.937488317489624,-1.02,47509.008,1.0,1.0,,0,33,1.1,301.5,11,24
623,0.022684980183839798,-3.1263880729675293,-1.14,46451.82,1.0,1.0,,0,25,1.8,335.1,11,24
624,0.02727094292640686,-3.6957876682281494,-0.92,50659.344,1.0,1.0,,0,29,1.5,308.5,11,25
625,0.03273216634988785,-4.143438339233398,-1.45,72640.336,1.0,1.0,,0,31,0.9,284.6,11,23
626,0.04093199968338013,-2.0797152519226074,-1.06,52083.914,1.0,1.0,,0,27,0.8,280.6,11,24
627,0.05167835205793381,-2.723423480987549,-0.8,37091.941,1.0,1.0,,0,31,0.8,288.3,11,26
628,0.02869132161140442,-2.931062698364258,-0.97,47132.027,1.0,1.0,,0,31,0.9,282.5,11,25
629,0.020044583827257156,-2.5555310249328613,-1.09,56093.41,1.0,1.0,,0,33,0.9,285.4,11,24
630,0.04843124374747276,-3.007599115371704,-0.92,40747.855,1.0,1.0,,0,32,1.5,306.5,11,23
631,0.045989979058504105,-3.5784225463867188,-1.56,76587.82,1.0,1.0,,0,32,1.6,301.2,11,25
632,0.04553326964378357,-3.5173869132995605,-1.38,68740.922,1.0,1.0,,0,32,1.3,295.9,11,25
633,0.018415305763483047,-3.036825656890869,-2.21,90636.469,1.0,1.0,,0,36,1.4,326.8,11,25
634,0.024322647601366043,-3.003200054168701,-1.32,64829.117,1.0,1.0,,0,33,1.0,283.3,11,23
635,0.04252505302429199,-3.095261812210083,-1.23,53987.805,1.0,1.0,,0,32,0.8,275.7,11,24
636,0.03838301822543144,-2.5965981483459473,-0.85,37748.211,1.0,1.0,,0,35,1.3,306.5,11,25
637,0.03239636868238449,-4.010223388671875,-0.92,31859.629,1.0,1.0,,0,39,1.3,291.2,11,25
638,0.02616080269217491,-3.105466365814209,-1.44,68636.195,1.0,1.0,,0,38,1.1,288.7,11,25
639,0.025394752621650696,-3.537628173828125,-0.91,38285.52,1.0,1.0,,0,32,1.3,314.6,11,26
640,0.04440012574195862,-2.692448377609253,-1.73,83735.359,1.0,1.0,,0,34,1.0,289.1,11,25
641,0.02995593659579754,-2.3132119178771973,-1.62,79824.211,1.0,1.0,,0,36,0.8,286.0,11,26
642,0.04197867214679718,-3.04390811920166,-1.67,75270.586,1.0,1.0,,0,39,1.0,286.8,11,25
643,0.05253078415989876,-1.7046664953231812,-1.68,57025.27,1.0,1.0,,0,34,1.1,304.3,11,27
644,0.02914426662027836,-2.939420461654663,-1.46,58119.945,1.0,1.0,,0,37,0.9,300.1,11,27
645,0.03165648877620697,-2.9801526069641113,-1.05,43518.586,1.0,1.0,,0,37,1.0,295.6,11,27
646,0.02885747328400612,-3.2693891525268555,-1.11,52063.938,1.0,1.0,,0,33,1.2,306.8,11,27
647,0.04427559673786163,-3.71274995803833,-0.95,41731.453,1.0,1.0,,0,31,0.8,276.8,11,27
648,0.04329896718263626,-2.4763500690460205,-1.07,45880.516,1.0,1.0,,0,38,0.9,266.6,11,25
649,0.028244933113455772,-2.979912281036377,-0.87,37341.828,1.0,1.0,,0,32,1.0,293.8,11,28
650,0.028556078672409058,-3.071166515350342,-1.23,59762.648,1.0,1.0,,0,31,1.1,285.3,11,28
651,0.03904557228088379,-3.219028949737549,-1.31,54195.402,1.0,1.0,,0,31,1.2,305.9,11,27
652,0.01579989679157734,-3.8636112213134766,-1.27,51146.766,1.0,1.0,,0,28,0.8,278.4,11,28
653,0.040942564606666565,-2.2067952156066895,-1.36,65959.078,1.0,1.0,,0,33,1.0,289.1,11,26
654,0.0582461878657341,-2.8938331604003906,-0.96,37078.492,1.0,1.0,,0,32,0.8,290.3,11,28
655,0.04812062531709671,-2.7885186672210693,-1.27,53834.492,1.0,1.0,,0,32,0.7,259.5,11,28
656,0.026665955781936646,-1.733479380607605,-0.92,46615.531,1.0,1.0,,0,32,0.8,263.0,11,26
657,0.03306957706809044,-2.6000924110412598,-0.95,41251.133,1.0,1.0,,0,33,1.2,298.8,11,28
658,0.03111158311367035,-3.055605411529541,-0.65,25230.584,1.0,1.0,,0,34,0.7,277.2,11,27
659,0.03034188598394394,-3.770819902420044,-0.9,34108.672,1.0,1.0,,0,33,1.4,305.3,11,27
660,0.00398104265332222,-3.512774705886841,-1.22,58106.855,1.0,1.0,,0,36,0.8,262.3,11,26
661,0.045400671660900116,-2.3660199642181396,-0.95,41998.438,1.0,1.0,,0,35,1.1,290.2,11,28
662,0.032793790102005005,-3.4088563919067383,-0.86,38822.18,1.0,1.0,,0,34,1.2,291.5,11,28
663,0.04388897493481636,-2.8539390563964844,-0.28,21164.523,1.0,1.0,,0,28,1.1,282.1,11,27
664,0.025628741830587387,-2.907118797302246,-0.67,33320.848,1.0,1.0,,0,31,0.9,279.9,11,25
665,0.037705615162849426,-2.4457015991210938,-1.29,49065.715,1.0,1.0,,0,31,1.1,280.9,11,27
666,0.04296894371509552,-2.92520809173584,-0.97,40780.242,1.0,1.0,,0,33,0.9,276.8,11,28
667,0.03082876466214657,-2.7687149047851562,-1.28,45779.078,1.0,1.0,,0,34,1.2,287.5,11,28
668,0.018133578822016716,-3.017120122909546,-1.32,60892.562,1.0,1.0,,0,39,0.8,281.2,11,28
669,0.04186627268791199,-3.056627035140991,-1.35,64358.047,1.0,1.0,,0,35,0.9,287.3,11,27
670,0.06243021786212921,-2.5508790016174316,-1.31,54288.805,1.0,1.0,,0,30,1.0,301.3,11,26
671,0.017078347504138947,-2.3825125694274902,-1.25,52207.836,1.0,1.0,,0,30,0.9,291.2,11,28
672,0.03415016829967499,-3.843888759613037,-1.12,47988.164,1.0,1.0,,0,28,1.0,282.9,11,28
673,0.035008370876312256,-3.014194965362549,-0.74,36944.883,1.0,1.0,,0,31,0.7,266.1,11,28
674,0.035154879093170166,-2.6220648288726807,-1.02,48021.039,1.0,1.0,,0,33,0.8,280.8,11,28
675,0.04019089788198471,-2.635849952697754,-1.18,49563.148,1.0,1.0,,0,29,0.9,287.5,11,27
676,0.04236931353807449,-3.029449462890625,-0.96,39906.312,1.0,1.0,,0,32,1.0,304.8,11,30
677,0.031630948185920715,-3.1873912811279297,-0.64,32870.312,1.0,1.0,,0,25,1.2,302.6,11,27
678,0.024328283965587616,-3.1575398445129395,-1.04,50466.711,1.0,1.0,,0,33,0.9,282.6,11,27
679,0.05931435897946358,-3.94642972946167,-1.17,53906.062,1.0,1.0,,0,34,1.0,277.0,11,28
680,0.042775481939315796,-3.2609426975250244,-0.89,39419.043,1.0,1.0,,0,31,1.2,287.6,11,28
681,0.044108614325523376,-4.138764381408691,-0.92,39553.246,1.0,1.0,,0,31,0.7,275.1,11,28
682,0.05417683720588684,-2.869387626647949,-1.36,58264.695,1.0,1.0,,0,35,0.6,286.6,11,29
683,0.03984465450048447,-2.2063302993774414,-0.9,40664.688,1.0,1.0,,0,32,0.6,273.8,11,29
684,0.049189258366823196,-2.8592872619628906,-1.61,72678.047,1.0,1.0,,0,34,0.7,289.2,11,29
685,0.03255407512187958,-3.5573527812957764,-1.07,48893.027,1.0,1.0,,0,32,1.1,283.2,11,28
686,0.036598458886146545,-3.676042079925537,-1.2,52000.809,1.0,1.0,,0,26,0.9,272.5,11,28
687,0.03565935418009758,-1.8228684663772583,-1.05,55697.57,1.0,1.0,,0,29,0.9,287.8,11,29
688,0.05708187073469162,-3.0639522075653076,-1.93,91184.109,1.0,1.0,,0,38,0.5,268.3,11,28
689,0.05812891945242882,-1.9512717723846436,-1.88,92242.25,1.0,1.0,,0,37,0.7,269.5,11,29
690,0.04834102466702461,-2.4979448318481445,-1.53,70649.531,1.0,1.0,,0,35,0.9,286.0,11,28
691,0.0408397801220417,-3.745755434036255,-1.29,60985.762,1.0,1.0,,0,36,0.7,280.5,11,27
692,0.04842034727334976,-2.7616991996765137,-0.87,39027.023,1.0,1.0,,0,30,0.9,277.1,11,29
693,0.031971558928489685,-3.3561859130859375,-1.94,90017.992,1.0,1.0,,0,38,0.7,266.0,11,28
694,0.03775499388575554,-3.5746021270751953,-1.5,65719.422,1.0,1.0,,0,30,1.0,286.2,11,29
695,0.039836566895246506,-3.397754669189453,-1.1,48448.75,1.0,1.0,,0,34,1.1,291.6,11,30
696,0.031156588345766068,-2.7393651008605957,-0.88,42857.555,1.0,1.0,,0,30,0.8,259.9,11,27
697,0.047833628952503204,-2.379971981048584,-1.2,46576.426,1.0,1.0,,0,37,1.1,301.2,11,31
698,0.024881932884454727,-3.9559288024902344,-0.98,40477.219,1.0,1.0,,0,37,1.2,300.5,11,29
699,0.03552790731191635,-4.447144031524658,-1.3,72078.531,1.0,1.0,,0,34,0.7,280.1,11,28
700,0.04878079146146774,-2.855834484100342,-1.89,95256.258,1.0,1.0,,0,43,0.5,261.0,11,28
701,0.05000068247318268,-2.252577543258667,-1.04,46145.148,1.0,1.0,,0,37,0.9,279.9,11,29
702,0.04625675082206726,-2.599597454071045,-1.63,77509.18,1.0,1.0,,0,40,0.4,266.8,11,30
703,0.055026017129421234,-2.327810525894165,-1.48,78173.164,1.0,1.0,,0,38,0.7,281.5,11,31
704,0.04136282205581665,-2.6162590980529785,-1.33,58314.242,1.0,1.0,,0,36,1.0,292.3,11,29
705,0.05264090746641159,-2.9307520389556885,-1.47,72494.391,1.0,1.0,,0,33,1.0,289.9,11,29
706,0.04219535365700722,-3.5110085010528564,-1.44,66880.445,1.0,1.0,,0,36,0.7,271.0,11,28
707,0.04431656002998352,-3.1047303676605225,-1.73,73613.359,1.0,1.0,,0,34,0.5,254.5,11,29
708,0.05452854186296463,-2.0115084648132324,-1.36,59188.32,1.0,1.0,,0,34,0.6,276.5,11,30
709,0.04490836709737778,-2.475381374359131,-2.03,97625.031,1.0,1.0,,0,38,0.8,276.0,11,29
710,0.03639673814177513,-3.66818904876709,-1.39,56342.074,1.0,1.0,,0,36,0.8,270.0,11,31
711,0.03852648288011551,-2.207002639770508,-1.46,66513.531,1.0,1.0,,0,36,0.7,277.1,11,30
712,0.03644539788365364,-2.7876901626586914,-1.61,66964.203,1.0,1.0,,0,35,0.6,275.0,11,29
713,0.05202757194638252,-2.928117275238037,-0.81,37037.039,1.0,1.0,,0,34,0.4,254.7,11,29
714,0.04852830246090889,-2.52803635597229,-0.23,15744.721,1.0,1.0,,0,30,1.0,273.8,11,30
715,0.04844825714826584,-3.0489745140075684,-1.03,53957.414,1.0,1.0,,0,35,0.8,277.7,11,30
716,0.053190529346466064,-2.8615620136260986,-1.31,61453.0,1.0,1.0,,0,37,0.6,263.0,11,29
717,0.04754108935594559,-2.6162493228912354,-0.9,45512.75,1.0,1.0,,0,36,1.0,277.1,11,31
718,0.038528330624103546,-3.163024425506592,-1.04,45667.008,1.0,1.0,,0,37,0.7,262.0,11,31
719,0.02860167995095253,-2.0550174713134766,-0.7,33701.531,1.0,1.0,,0,35,1.0,284.4,11,32
720,0.0467001348733902,-2.621999740600586,-1.17,50255.973,1.0,1.0,,0,37,0.4,256.6,11,30
721,0.031004521995782852,-2.4830498695373535,-1.5,68217.977,1.0,1.0,,0,38,0.9,285.8,11,32
722,0.04529605060815811,-3.85642409324646,-0.88,42909.32,1.0,1.0,,0,37,0.6,251.1,11,29
723,0.05316927656531334,-2.2526943683624268,-1.58,76442.383,1.0,1.0,,0,40,0.5,261.9,11,31
724,0.06081137806177139,-2.835543632507324,-1.31,63377.047,1.0,1.0,,0,41,0.2,246.5,11,30
725,0.0451473742723465,-1.5845637321472168,-1.72,77879.125,1.0,1.0,,0,39,0.5,265.4,11,30
726,0.05166516453027725,-2.4408910274505615,-1.17,55935.188,1.0,1.0,,0,38,0.7,250.5,11,30
727,0.04065394774079323,-2.4093282222747803,-1.39,61472.625,1.0,1.0,,0,41,0.9,281.1,11,30
728,0.046993687748909,-3.391777992248535,-1.45,74285.516,1.0,1.0,,0,44,0.5,261.5,11,30
729,0.04643572121858597,-3.3282999992370605,-0.76,33254.137,1.0,1.0,,0,36,0.9,284.9,11,30
730,0.045141931623220444,-3.8033828735351562,-1.58,73410.172,1.0,1.0,,0,40,0.4,257.0,11,29
731,0.0381203293800354,-2.144582509994507,-1.51,74678.789,1.0,1.0,,0,40,0.6,279.1,11,30
732,0.043974362313747406,-3.9141793251037598,-0.71,29416.26,1.0,1.0,,0,32,0.7,277.7,11,31
733,0.03679326921701431,-2.9064629077911377,-1.0,48190.832,1.0,1.0,,0,39,0.7,255.7,11,29
734,0.03401133790612221,-2.1628119945526123,-1.06,55738.172,1.0,1.0,,0,41,0.5,250.7,11,30
735,0.05193163827061653,-2.0592408180236816,-1.11,42735.023,1.0,1.0,,0,43,0.6,256.9,11,30
736,0.03472328558564186,-1.8043842315673828,-1.1,47915.211,1.0,1.0,,0,41,0.7,276.3,11,30
737,0.04904712736606598,-3.48854398727417,-1.24,58512.441,1.0,1.0,,0,39,0.9,271.6,11,30
738,0.02635159343481064,-2.785836696624756,-0.55,24225.254,1.0,1.0,,0,37,0.8,261.8,11,29
739,0.027392130345106125,-3.219539165496826,-1.24,59723.008,1.0,1.0,,0,37,0.6,260.4,11,29
740,0.0522499717772007,-3.019714832305908,-1.56,75608.625,1.0,1.0,,0,38,0.5,267.5,11,30
741,0.03955782204866409,-2.9560494422912598,-0.89,45233.844,1.0,1.0,,0,35,0.5,284.1,11,31
742,0.04959840327501297,-3.4006404876708984,-1.47,62420.602,1.0,1.0,,0,35,0.7,269.0,11,30
743,0.030002791434526443,-3.2703020572662354,-0.75,42459.469,1.0,1.0,,0,34,0.5,248.1,11,30
744,0.028888776898384094,-2.950228452682495,-0.79,34389.516,1.0,1.0,,0,31,0.8,279.8,11,32
745,0.04964800551533699,-3.449410915374756,-0.99,44185.773,1.0,1.0,,0,34,0.4,275.9,11,32
746,0.04579117149114609,-2.8867688179016113,-1.2,63104.797,1.0,1.0,,0,36,0.5,248.1,11,30
747,0.0374123677611351,-3.0143251419067383,-1.67,69958.359,1.0,1.0,,0,38,0.6,261.9,11,30
748,0.03764534741640091,-2.5549659729003906,-1.31,64017.113,1.0,1.0,,0,37,0.6,264.0,11,30
749,0.05348743870854378,-3.289573907852173,-1.77,81898.484,1.0,1.0,,0,43,0.5,269.3,11,33
750,0.04421810805797577,-2.915668249130249,-1.45,71950.609,1.0,1.0,,0,37,0.6,254.0,11,32
751,0.04014388844370842,-1.7652071714401245,-1.55,76484.562,1.0,1.0,,0,42,0.3,246.6,11,30
752,0.061056870967149734,-2.208510637283325,-1.08,44440.141,1.0,1.0,,0,34,0.5,277.4,11,33
753,0.04028543829917908,-2.0557122230529785,-1.02,50098.465,1.0,1.0,,0,32,0.6,258.9,11,32
754,0.04632093384861946,-2.572053909301758,-1.12,49792.863,1.0,1.0,,0,36,0.6,261.1,11,31
755,0.04590927064418793,-2.5306382179260254,-1.37,57903.922,1.0,1.0,,0,38,0.3,243.1,11,32
756,0.036336056888103485,-1.3749215602874756,-0.83,42188.289,1.0,1.0,,0,38,0.6,246.5,11,32
757,0.03910234570503235,-2.6073503494262695,-1.15,48494.094,1.0,1.0,,0,39,0.3,235.8,11,30
758,0.04662931337952614,-1.949911117553711,-1.05,41578.102,1.0,1.0,,0,35,0.6,258.0,11,33
759,0.038289330899715424,-1.8876876831054688,-1.4,64433.176,1.0,1.0,,0,42,0.4,249.1,11,33
760,0.03961949050426483,-3.1314940452575684,-1.06,46222.539,1.0,1.0,,0,38,0.5,256.1,11,32
761,0.04108350723981857,-2.71517014503479,-1.6,81629.828,1.0,1.0,,0,42,0.3,250.1,11,32
762,0.03928416222333908,-2.089451313018799,-1.28,56763.539,1.0,1.0,,0,36,0.5,265.7,11,33
763,0.059861231595277786,-2.6388094425201416,-0.55,27865.516,1.0,1.0,,0,33,0.5,251.1,11,31
764,0.019643325358629227,-3.6664037704467773,-1.25,59069.172,1.0,1.0,,0,33,0.6,255.0,11,33
765,0.03494582325220108,-3.0608906745910645,-0.76,38410.367,1.0,1.0,,0,33,0.6,267.9,11,32
766,0.034058742225170135,-3.8257699012756348,-1.08,55598.18,1.0,1.0,,0,34,0.5,250.0,11,32
767,0.054221950471401215,-2.2213401794433594,-1.14,61037.586,1.0,1.0,,0,36,0.5,248.6,11,30
768,0.049353063106536865,-2.1232447624206543,-0.64,30268.164,1.0,1.0,,0,33,0.6,254.0,11,32
769,0.03352343291044235,-2.8485610485076904,-0.98,51183.098,1.0,1.0,,0,36,0.5,246.4,11,31
770,0.03982965648174286,-2.724276065826416,-0.75,30007.158,1.0,1.0,,0,30,0.5,262.4,11,33
771,0.044154271483421326,-2.9223556518554688,-0.9,48144.984,1.0,1.0,,0,30,0.6,259.6,11,32
772,0.04244501143693924,-2.535440683364868,-0.86,46535.586,1.0,1.0,,0,28,0.4,251.4,11,32
773,0.03190039470791817,-1.8076633214950562,-0.85,44441.727,1.0,1.0,,0,24,0.7,256.9,11,33
774,0.04334789887070656,-2.1161959171295166,-1.05,52512.703,1.0,1.0,,0,25,0.5,260.5,11,33
775,0.04713433235883713,-2.3933963775634766,-0.85,41628.41,1.0,1.0,,0,27,0.6,261.3,11,34
776,0.030184945091605186,-3.170574188232422,-0.5,24892.738,1.0,1.0,,0,27,0.8,256.6,11,33
777,0.04172208532691002,-3.119018793106079,-0.75,37768.641,1.0,1.0,,0,26,0.4,251.6,11,34
778,0.03635285794734955,-2.4929161071777344,-0.72,33222.328,1.0,1.0,,0,29,0.6,263.7,11,35
779,0.04647545516490936,-3.166947841644287,-0.79,35955.789,1.0,1.0,,0,30,0.5,254.1,11,33
780,0.04343552142381668,-2.892610788345337,-1.55,73105.188,1.0,1.0,,0,37,0.5,259.0,11,35
781,0.027427345514297485,-3.1294078826904297,-0.63,30296.805,1.0,1.0,,0,32,0.4,257.5,11,32
782,0.0467204749584198,-2.6879453659057617,-0.93,49053.039,1.0,1.0,,0,35,0.3,248.0,11,35
783,0.026688136160373688,-1.868043303489685,-1.0,52383.551,1.0,1.0,,0,39,0.5,254.7,11,33
784,0.04561486467719078,-2.3396353721618652,-0.87,46112.57,1.0,1.0,,0,38,0.3,250.8,11,32
785,0.047461725771427155,-3.3085062503814697,-0.67,34242.922,1.0,1.0,,0,38,0.5,259.8,11,32
786,0.03300323337316513,-3.5166592597961426,-1.49,76172.797,1.0,1.0,,0,42,0.4,247.9,11,31
787,0.024023808538913727,-2.703562021255493,-0.69,29036.457,1.0,1.0,,0,39,0.4,242.4,11,31
788,0.056217752397060394,-3.133418083190918,-0.08,-1163.042,1.0,1.0,,0,31,0.4,250.6,11,32
789,0.039986684918403625,-2.4669766426086426,-1.24,59200.324,1.0,1.0,,0,38,0.3,247.4,11,31
790,0.052572913467884064,-2.026406764984131,-0.4,22873.707,1.0,1.0,,0,37,0.6,263.1,11,31
791,0.02796907350420952,-3.1562302112579346,-1.01,46033.938,1.0,1.0,,0,38,0.7,265.4,11,32
792,0.028173506259918213,-2.3237993717193604,-1.12,48213.922,1.0,1.0,,0,39,0.2,244.3,11,31
793,0.052843280136585236,-1.984377384185791,-1.21,53425.719,1.0,1.0,,0,38,0.3,245.1,11,30
794,0.048438660800457,-1.9519928693771362,-1.12,50883.496,1.0,1.0,,0,39,0.5,255.5,11,32
795,0.04101581126451492,-3.660001516342163,-0.71,32890.062,1.0,1.0,,0,38,0.3,247.3,11,32
796,0.061601683497428894,-2.807023525238037,-1.22,55010.836,1.0,1.0,,0,39,0.8,263.1,11,31
797,0.05459707975387573,-2.4743781089782715,-0.91,41440.938,1.0,1.0,,0,40,0.5,245.5,11,32
798,0.04330594837665558,-2.5104012489318848,-0.62,30107.373,1.0,1.0,,0,38,0.6,263.7,11,31
799,0.05646267905831337,-2.4684343338012695,-1.35,65274.516,1.0,1.0,,0,38,0.4,243.3,11,32
800,0.048057734966278076,-2.6386570930480957,-1.18,50231.531,1.0,1.0,,0,38,0.4,256.5,11,33
801,0.050640255212783813,-1.9690346717834473,-1.11,57475.062,1.0,1.0,,0,36,0.4,249.6,11,30
802,0.03407277539372444,-2.9073426723480225,-0.88,47277.664,1.0,1.0,,0,35,0.8,269.9,11,31
803,0.04643914848566055,-3.5312819480895996,-1.07,47931.633,1.0,1.0,,0,38,0.2,242.6,11,30
804,0.03932544216513634,-2.9427545070648193,-0.84,43088.445,1.0,1.0,,0,36,0.5,246.5,11,32
805,0.042728908360004425,-3.0399622917175293,-1.41,73248.422,1.0,1.0,,0,37,0.4,256.5,11,31
806,0.033611323684453964,-2.5339150428771973,-1.22,55366.117,1.0,1.0,,0,33,0.4,264.0,11,32
807,0.04689089208841324,-2.6242902278900146,-1.04,56228.742,1.0,1.0,,0,35,0.2,245.5,11,30
808,0.0437447726726532,-2.6556308269500732,-0.46,15971.076,1.0,1.0,,0,32,0.5,266.9,11,31
809,0.03487727791070938,-3.407719850540161,-0.95,41901.738,1.0,1.0,,0,35,0.4,259.5,11,31
810,0.04960663616657257,-2.208167552947998,-1.09,53339.98,1.0,1.0,,0,42,0.5,258.5,11,30
811,0.04834919422864914,-3.0690011978149414,-0.95,48219.891,1.0,1.0,,0,39,0.4,261.9,11,33
812,0.06400609761476517,-3.4973392486572266,-0.65,32637.547,1.0,1.0,,0,34,0.6,256.2,11,31
813,0.046710480004549026,-2.673279047012329,-1.1,48646.961,1.0,1.0,,0,39,0.3,256.1,11,32
814,0.05082252249121666,-3.5282888412475586,-1.03,44537.16,1.0,1.0,,0,35,0.6,259.6,11,32
815,0.05138889700174332,-2.7950387001037598,-1.08,57265.586,1.0,1.0,,0,37,0.5,248.5,11,31
816,0.05021696910262108,-2.9991536140441895,-0.72,34221.48,1.0,1.0,,0,36,0.4,256.3,11,30
817,0.03499786555767059,-3.3065948486328125,-1.07,43339.812,1.0,1.0,,0,42,0.5,236.9,11,29
818,0.06355423480272293,-2.8181467056274414,-1.38,57205.273,1.0,1.0,,0,37,0.3,227.7,11,31
819,0.0335434153676033,-1.9504995346069336,-1.13,57658.48,1.0,1.0,,0,39,0.2,241.7,11,31
820,0.06382393091917038,-2.256648063659668,-0.78,32186.486,1.0,1.0,,0,36,0.5,246.6,11,31
821,0.03532743081450462,-2.915271282196045,-0.84,43517.379,1.0,1.0,,0,37,0.4,242.2,11,31
822,0.06195211410522461,-3.214120864868164,-1.09,55463.641,1.0,1.0,,0,35,0.3,247.4,11,31
823,0.058427195996046066,-2.437868595123291,-0.97,36779.875,1.0,1.0,,0,31,0.3,240.3,11,32
824,0.057707034051418304,-2.5967540740966797,-1.0,47215.688,1.0,1.0,,0,30,0.4,254.1,11,32
825,0.04533372446894646,-2.2164509296417236,-0.66,25836.037,1.0,1.0,,0,30,0.5,270.8,11,35
826,0.017162885516881943,-3.5177342891693115,-1.07,48639.406,1.0,1.0,,0,29,0.5,262.1,11,33
827,0.03896360471844673,-2.2418017387390137,-0.63,29279.16,1.0,1.0,,0,33,0.5,268.6,11,34
828,0.043277908116579056,-3.216073989868164,-1.03,48941.086,1.0,1.0,,0,32,0.5,260.8,11,33
829,0.044662125408649445,-2.4982025623321533,-1.33,62944.211,1.0,1.0,,0,36,0.3,245.9,11,31
830,0.05538874864578247,-2.428248643875122,-1.0,45453.566,1.0,1.0,,0,31,0.5,254.1,11,34
831,0.04151122272014618,-2.2368385791778564,-0.82,33251.293,1.0,1.0,,0,31,0.3,254.3,11,34
832,0.05184865742921829,-2.5447921752929688,-1.32,63980.371,1.0,1.0,,0,32,0.3,253.4,11,32
833,0.0488460473716259,-2.745558261871338,-0.69,28338.723,1.0,1.0,,0,33,0.5,260.2,11,34
834,0.03977814316749573,-3.6038055419921875,-0.78,39509.094,1.0,1.0,,0,31,0.3,238.6,11,31
835,0.05579061061143875,-2.3232178688049316,-1.1,53601.594,1.0,1.0,,0,32,0.4,236.9,11,33
836,0.04338524490594864,-2.1255507469177246,-0.92,39742.789,1.0,1.0,,0,33,0.4,233.8,11,32
837,0.043876975774765015,-2.5655858516693115,-1.13,54699.859,1.0,1.0,,0,31,0.5,246.1,11,35
838,0.04412566125392914,-2.6218295097351074,-0.92,43987.766,1.0,1.0,,0,31,0.6,259.3,11,35
839,0.03888237848877907,-3.4928274154663086,-0.72,30693.695,1.0,1.0,,0,30,0.3,243.9,11,32
840,0.040535036474466324,-2.327549934387207,-0.95,37082.266,1.0,1.0,,0,29,0.3,250.6,11,34
841,0.04798285290598869,-2.2836687564849854,-1.0,55182.688,1.0,1.0,,0,27,0.4,241.9,11,34
842,0.04923167824745178,-2.2987914085388184,-0.68,32740.986,1.0,1.0,,0,27,0.5,239.7,11,32
843,0.0571591854095459,-2.7428886890411377,-0.71,36699.855,1.0,1.0,,6,23,0.4,222.3,11,31
844,0.04177488386631012,-2.366152286529541,-0.76,36453.734,1.0,1.0,,0,28,0.2,228.2,11,31
845,0.0448322631418705,-1.9763445854187012,-1.03,52132.695,1.0,1.0,,0,31,0.4,235.4,11,32
846,0.042552217841148376,-2.0266692638397217,-0.66,32770.305,1.0,1.0,,0,26,0.5,250.0,11,35
847,0.05319889634847641,-2.433626174926758,-0.7,34118.969,1.0,1.0,,0,29,0.3,236.5,11,32
848,0.029059311375021935,-2.4972915649414062,-0.67,31025.357,1.0,1.0,,0,26,0.6,251.8,11,33
849,0.04491940140724182,-2.6879000663757324,-0.85,43432.305,1.0,1.0,,0,26,0.3,247.0,11,34
850,0.04780450463294983,-2.1079812049865723,-1.16,59525.016,1.0,1.0,,0,28,0.4,243.7,11,32
851,0.04251885414123535,-2.7401909828186035,-1.14,54606.906,1.0,1.0,,0,24,0.4,263.3,11,35
852,0.03265921026468277,-2.727252960205078,-0.64,26366.998,1.0,1.0,,6,22,0.5,257.5,11,34
853,0.02367795631289482,-2.8123903274536133,-0.42,19400.633,1.0,1.0,,6,23,0.3,247.8,11,35
854,0.034452687948942184,-2.3451576232910156,-0.63,30203.059,1.0,1.0,,6,23,0.5,260.5,11,34
855,0.03877107426524162,-3.662968158721924,-1.09,47902.0,1.0,1.0,,0,26,0.6,263.3,11,35
856,0.05127362906932831,-3.2962284088134766,-1.18,57866.77,1.0,1.0,,0,27,0.4,253.3,11,35
857,0.0342959389090538,-2.2677347660064697,-0.68,32445.043,1.0,1.0,,0,30,0.4,242.6,11,34
858,0.056365080177783966,-2.415088176727295,-0.56,23332.77,1.0,1.0,,0,27,0.5,266.4,11,36
859,0.021788323298096657,-2.56259822845459,-0.72,34576.797,1.0,1.0,,0,29,0.4,253.8,11,36
860,0.05644470453262329,-2.7840068340301514,-1.28,57931.16,1.0,1.0,,0,32,0.5,235.5,11,34
861,0.020419206470251083,-2.3996071815490723,-0.96,41000.484,1.0,1.0,,0,32,0.3,248.1,11,35
862,0.04706190899014473,-2.6512451171875,-1.27,62683.699,1.0,1.0,,0,37,0.4,240.3,11,34
863,0.0595485083758831,-3.3836135864257812,-1.26,53795.188,1.0,1.0,,0,38,0.4,256.4,11,36
864,0.05003722384572029,-2.585782051086426,-1.09,46052.973,1.0,1.0,,0,35,0.3,240.5,11,30
865,0.052922897040843964,-2.3293323516845703,-1.47,65777.664,1.0,1.0,,0,33,0.4,244.7,11,34
866,0.04049986973404884,-2.438598871231079,-0.87,39974.266,1.0,1.0,,0,33,0.5,256.0,11,35
867,0.05795809254050255,-2.9487996101379395,-0.54,23458.988,1.0,1.0,,0,29,0.4,240.2,11,32
868,0.04776570573449135,-2.6904475688934326,-1.2,50868.828,1.0,1.0,,0,32,0.5,230.6,11,33
869,0.04629794508218765,-2.0672922134399414,-1.25,52894.781,1.0,1.0,,0,32,0.6,265.5,11,36
870,0.03644205257296562,-2.8608527183532715,-1.6,67738.797,1.0,1.0,,0,38,0.2,232.2,11,31
871,0.05960475653409958,-2.1067380905151367,-1.45,70527.531,1.0,1.0,,0,35,0.3,237.0,11,32
872,0.05286048352718353,-2.171600818634033,-1.12,53044.285,1.0,1.0,,0,32,0.5,255.9,11,35
873,0.04878903925418854,-2.7654738426208496,-1.57,63368.742,1.0,1.0,,0,35,0.4,253.4,11,33
874,0.06065861135721207,-3.292475461959839,-1.0,41742.215,1.0,1.0,,0,30,0.4,234.4,11,32
875,0.038037389516830444,-2.2346787452697754,-1.3,50075.969,1.0,1.0,,0,33,0.3,240.0,11,34
876,0.03768029808998108,-2.9769930839538574,-1.12,56969.477,1.0,1.0,,0,33,0.2,217.2,11,30
877,0.05293750762939453,-1.8349454402923584,-1.32,60038.672,1.0,1.0,,0,35,0.7,267.6,11,36
878,0.05393355339765549,-3.4926321506500244,-1.27,52449.949,1.0,1.0,,0,34,0.4,260.6,11,36
879,0.04847612977027893,-3.192722797393799,-1.53,80653.812,1.0,1.0,,0,38,0.5,224.5,11,32
880,0.05293387174606323,-3.4775619506835938,-1.27,50055.02,1.0,1.0,,0,34,0.5,256.3,11,35
881,0.043622422963380814,-3.331886053085327,-1.48,60394.562,1.0,1.0,,0,36,0.5,236.8,11,33
882,0.05621948838233948,-2.5805280208587646,-1.04,48961.117,1.0,1.0,,0,38,0.2,236.7,11,34
883,0.049830660223960876,-1.7289321422576904,-1.44,62741.266,1.0,1.0,,0,38,0.2,226.7,11,33
884,0.05197887122631073,-1.7475662231445312,-0.89,34908.871,1.0,1.0,,0,35,0.3,238.5,11,33
885,0.04865650087594986,-2.860438346862793,-0.92,38702.844,1.0,1.0,,0,35,0.5,248.1,11,35
886,0.06404170393943787,-2.2167322635650635,-1.12,48152.555,1.0,1.0,,0,33,0.2,237.3,11,33
887,0.04954977333545685,-1.6062183380126953,-0.95,42236.027,1.0,1.0,,0,35,0.5,239.9,11,34
888,0.03322244808077812,-3.7005720138549805,-1.21,49210.039,1.0,1.0,,0,35,0.2,223.0,11,31
889,0.0395023450255394,-1.8576889038085938,-0.93,50651.125,1.0,1.0,,0,35,0.5,260.4,11,35
890,0.05214840918779373,-3.4689624309539795,-1.26,53573.832,1.0,1.0,,0,37,0.4,259.1,11,35
891,0.044459469616413116,-2.5521647930145264,-1.21,51608.121,1.0,1.0,,0,36,0.3,235.0,11,31
892,0.03627783805131912,-2.799698829650879,-1.22,59138.441,1.0,1.0,,0,34,0.7,262.5,11,34
893,0.049275245517492294,-2.661400079727173,-1.64,71150.031,1.0,1.0,,0,40,0.3,247.2,11,33
894,0.03802846372127533,-3.3350560665130615,-1.24,54718.035,1.0,1.0,,0,35,0.4,250.2,11,34
895,0.046964872628450394,-2.6798017024993896,-0.92,40802.445,1.0,1.0,,0,37,0.5,243.7,11,34
896,0.03584885597229004,-2.582115650177002,-1.09,45619.688,1.0,1.0,,0,36,0.4,244.1,11,33
897,0.05533882975578308,-2.2642078399658203,-0.53,16209.094,1.0,1.0,,0,36,0.3,229.3,11,33
898,0.057343170046806335,-2.3539979457855225,-0.85,33888.516,1.0,1.0,,0,38,0.3,240.2,11,34
899,0.042132843285799026,-3.358149290084839,-0.83,33803.969,1.0,1.0,,0,32,0.4,242.5,11,33
900,0.06039527803659439,-2.752549171447754,-0.71,31370.744,1.0,1.0,,0,33,0.1,222.6,11,32
901,0.05378885939717293,-1.805363416671753,-1.35,63406.363,1.0,1.0,,0,38,0.4,244.7,11,34
902,0.054722145199775696,-2.327728271484375,-0.86,42418.664,1.0,1.0,,0,34,0.4,237.1,11,32
903,0.04735797643661499,-2.287362575531006,-1.0,45972.148,1.0,1.0,,0,36,0.3,236.8,11,32
904,0.054683469235897064,-2.018859386444092,-1.54,64493.988,1.0,1.0,,0,36,0.2,228.8,11,33
905,0.04893963038921356,-2.2977170944213867,-1.29,59760.688,1.0,1.0,,0,38,0.3,229.2,11,33
906,0.052337467670440674,-1.9102401733398438,-1.18,52060.445,1.0,1.0,,0,39,0.2,240.8,11,33
907,0.054033078253269196,-2.3611533641815186,-1.48,71214.539,1.0,1.0,,0,37,0.4,256.1,11,34
908,0.05804196372628212,-2.9474570751190186,-0.97,44879.348,1.0,1.0,,0,40,0.5,251.1,11,36
909,0.047595489770174026,-2.38309645652771,-0.76,27331.918,1.0,1.0,,0,36,0.4,244.9,11,34
910,0.04886527359485626,-2.5380852222442627,-1.08,44808.188,1.0,1.0,,0,38,0.4,240.9,11,34
911,0.0594157800078392,-2.068209171295166,-1.39,46930.789,1.0,1.0,,0,39,0.4,228.1,11,33
912,0.04068010300397873,-2.292057991027832,-1.21,48263.211,1.0,1.0,,0,37,0.4,247.6,11,34
913,0.056950610131025314,-2.354598045349121,-1.23,44646.367,1.0,1.0,,0,38,0.3,223.1,11,32
914,0.04288959875702858,-1.9636082649230957,-1.31,56368.145,1.0,1.0,,0,37,0.3,235.3,11,33
915,0.06150978058576584,-2.2572295665740967,-0.99,45323.359,1.0,1.0,,0,37,0.2,236.8,11,33
916,0.04995754361152649,-1.2806675434112549,-0.65,22725.744,1.0,1.0,,0,35,0.4,238.6,11,35
917,0.04045423865318298,-2.5128989219665527,-1.06,52375.898,1.0,1.0,,0,38,0.2,222.3,11,33
918,0.05520143732428551,-1.8804128170013428,-0.84,32607.1,1.0,1.0,,0,33,0.8,260.5,11,36
919,0.037604693323373795,-2.856684684753418,-0.46,9730.132,1.0,1.0,,0,33,0.2,230.3,11,35
920,0.031996577978134155,-2.1133930683135986,-0.86,37665.93,1.0,1.0,,0,34,0.3,236.0,11,34
921,0.035290561616420746,-2.9540963172912598,-0.99,43184.332,1.0,1.0,,0,29,0.4,247.0,11,35
922,0.052780695259571075,-2.484330177307129,-0.85,35389.832,1.0,1.0,,0,32,0.4,243.1,11,35
923,0.05139412730932236,-3.006283760070801,-0.74,33711.648,1.0,1.0,,0,31,0.3,244.4,11,36
924,0.04215565323829651,-2.715085983276367,-0.6,30293.273,1.0,1.0,,0,31,0.2,214.1,11,32
925,0.06336697190999985,-1.5630483627319336,-0.81,36420.496,1.0,1.0,,0,38,0.2,231.0,11,33
926,0.06048085540533066,-2.7883107662200928,-0.8,39991.465,1.0,1.0,,0,37,0.2,222.4,11,33
927,0.06448306888341904,-3.306002616882324,-0.68,28835.121,1.0,1.0,,0,33,0.5,242.0,11,34
928,0.0601252056658268,-2.2763450145721436,-1.06,42081.617,1.0,1.0,,0,38,0.3,235.1,11,35
929,0.04291971027851105,-2.1804041862487793,-1.04,47001.488,1.0,1.0,,0,40,0.4,250.9,11,35
930,0.06963282823562622,-3.0989527702331543,-1.21,62106.293,1.0,1.0,,0,41,0.2,229.3,11,34
931,0.05453341454267502,-2.2541239261627197,-1.1,49168.617,1.0,1.0,,0,38,0.3,248.2,11,37
932,0.03874654322862625,-2.4635519981384277,-1.05,48980.859,1.0,1.0,,0,39,0.2,232.0,11,35
933,0.0521082803606987,-1.954694390296936,-0.81,38362.0,1.0,1.0,,0,35,0.3,241.0,11,35
934,0.06323806941509247,-2.1334431171417236,-1.23,58782.617,1.0,1.0,,0,40,0.4,239.1,11,36
935,0.050880227237939835,-2.4562673568725586,-0.78,29916.736,1.0,1.0,,0,36,0.3,231.9,11,36
936,0.0506347194314003,-2.2520103454589844,-1.29,59398.328,1.0,1.0,,0,41,0.2,224.4,11,34
937,0.05234987661242485,-1.8509818315505981,-0.87,39346.844,1.0,1.0,,0,40,0.4,242.6,11,35
938,0.06394089758396149,-2.573063373565674,-1.11,50020.125,1.0,1.0,,0,35,0.3,237.1,11,35
939,0.05055583268404007,-2.385500907897949,-0.95,43286.832,1.0,1.0,,0,37,0.1,230.2,11,35
940,0.0476938858628273,-2.490372657775879,-1.07,50857.227,1.0,1.0,,0,36,0.3,253.6,11,37
941,0.04874734580516815,-3.050302505493164,-0.93,32838.992,1.0,1.0,,0,37,0.2,222.6,11,34
942,0.05764947459101677,-2.0688328742980957,-0.96,44366.0,1.0,1.0,,0,35,0.3,236.8,11,35
943,0.05162296071648598,-2.810028076171875,-0.96,46889.953,1.0,1.0,,0,34,0.3,220.2,11,33
944,0.07038269191980362,-2.114349126815796,-0.58,24861.109,1.0,1.0,,0,32,0.2,223.8,11,33
945,0.0452486053109169,-2.443641185760498,-0.78,28071.219,1.0,1.0,,0,33,0.5,250.5,11,37
946,0.03836073726415634,-2.61252498626709,-1.07,51546.91,1.0,1.0,,0,33,0.4,242.8,11,36
947,0.04533819481730461,-2.4008655548095703,-1.19,59116.812,1.0,1.0,,0,39,0.3,229.3,11,35
948,0.0460512638092041,-2.8100199699401855,-1.08,43695.562,1.0,1.0,,0,36,0.3,244.3,11,35
949,0.03536299243569374,-2.408095598220825,-0.87,33747.039,1.0,1.0,,0,34,0.4,259.0,11,37
950,0.04455803707242012,-3.1498045921325684,-0.9,45565.695,1.0,1.0,,0,36,0.4,241.8,11,34
951,0.054723065346479416,-3.5333285331726074,-1.15,50604.23,1.0,1.0,,0,36,0.2,220.8,11,32
952,0.06204855442047119,-2.4215235710144043,-1.06,42599.34,1.0,1.0,,0,38,0.2,231.6,11,35
953,0.05404001474380493,-2.7225594520568848,-1.03,45336.031,1.0,1.0,,0,32,0.2,208.4,11,32
954,0.061038799583911896,-1.5292384624481201,-0.78,33159.059,1.0,1.0,,0,32,0.1,236.8,11,34
955,0.056254420429468155,-2.754584312438965,-1.5,71720.625,1.0,1.0,,0,34,0.2,222.2,11,34
956,0.047857530415058136,-2.345752239227295,-0.93,42264.758,1.0,1.0,,0,32,0.4,248.7,11,35
957,0.04972519725561142,-2.6161231994628906,-1.32,55259.516,1.0,1.0,,0,34,0.2,227.3,11,34
958,0.05167820304632187,-1.9302691221237183,-0.89,41657.844,1.0,1.0,,0,31,0.3,244.4,11,35
959,0.04855068773031235,-2.4436070919036865,-0.89,44428.281,1.0,1.0,,0,33,0.2,248.3,11,36
960,0.06130826473236084,-2.6523914337158203,-1.17,53173.355,1.0,1.0,,0,34,0.5,247.1,11,36
961,0.044798970222473145,-2.7106568813323975,-0.96,42565.473,1.0,1.0,,0,28,0.5,224.8,11,34
962,0.03937669098377228,-1.719897985458374,-0.88,43368.102,1.0,1.0,,0,29,0.2,223.8,11,32
963,0.059276893734931946,-2.405540704727173,-0.97,40060.648,1.0,1.0,,0,25,0.3,229.3,11,34
964,0.06288846582174301,-2.3300344944000244,-1.13,41103.438,1.0,1.0,,0,28,0.5,243.2,11,38
965,0.015807069838047028,-3.200141191482544,-1.24,52721.727,1.0,1.0,,0,30,0.3,234.0,11,34
966,0.04648159071803093,-2.5060060024261475,-1.08,48458.852,1.0,1.0,,0,32,0.1,233.6,11,36
967,0.038740143179893494,-2.588151454925537,-1.4,66344.203,1.0,1.0,,0,29,0.3,222.1,11,35
968,0.05881153419613838,-2.172086715698242,-1.01,45643.305,1.0,1.0,,0,32,0.4,239.0,11,34
969,0.06039344519376755,-2.537912368774414,-0.82,38406.168,1.0,1.0,,0,27,0.4,240.2,11,35
970,0.0274006687104702,-2.7458763122558594,-1.0,43474.039,1.0,1.0,,0,30,0.3,231.4,11,35
971,0.03711436688899994,-2.884767532348633,-0.81,40693.434,1.0,1.0,,0,31,0.2,228.5,11,34
972,0.06464347243309021,-3.0323853492736816,-1.14,50300.641,1.0,1.0,,0,28,0.5,246.3,11,36
973,0.04390972480177879,-3.0248258113861084,-0.81,36630.43,1.0,1.0,,0,26,0.3,249.5,11,37
974,0.046091459691524506,-2.605678081512451,-0.98,41457.809,1.0,1.0,,0,31,0.4,252.4,11,37
975,0.047017913311719894,-3.14091157913208,-0.83,38963.395,1.0,1.0,,0,26,0.6,249.2,11,38
976,0.05541752651333809,-2.8064725399017334,-1.24,55559.59,1.0,1.0,,0,31,0.1,215.6,11,36
977,0.0487201064825058,-2.0934371948242188,-0.91,43260.566,1.0,1.0,,0,30,0.3,212.9,11,36
978,0.05511261150240898,-2.9945623874664307,-1.01,38344.273,1.0,1.0,,0,29,0.5,245.8,11,36
979,0.0448211170732975,-2.938385248184204,-0.77,41187.672,1.0,1.0,,0,31,0.3,243.5,11,36
980,0.052430666983127594,-2.3881072998046875,-0.73,31523.859,1.0,1.0,,0,31,0.3,233.0,11,36
981,0.056430634111166,-3.1889398097991943,-0.74,37863.043,1.0,1.0,,0,31,0.3,230.0,11,34
982,0.049878086894750595,-2.818563938140869,-0.82,40483.035,1.0,1.0,,0,27,0.6,251.2,11,37
983,0.0485931895673275,-3.0558223724365234,-0.32,14384.48,1.0,1.0,,0,26,0.3,242.2,11,35
984,0.04660114645957947,-2.408576011657715,-0.47,19606.645,1.0,1.0,,0,24,0.5,244.3,11,35
985,0.0493348091840744,-2.2565736770629883,-0.49,21627.828,1.0,1.0,,0,27,0.1,231.6,11,35
986,0.06307779252529144,-2.858004570007324,-0.15,12088.239,1.0,1.0,,0,27,0.1,231.8,11,36
987,0.04269036278128624,-2.296834945678711,-0.62,33842.766,1.0,1.0,,0,26,0.5,248.0,11,35
988,0.0513896644115448,-2.407831907272339,-1.01,52083.0,1.0,1.0,,0,33,0.2,227.1,11,34
989,0.03561019152402878,-2.2095959186553955,-0.6,26251.611,1.0,1.0,,0,26,0.4,229.7,11,34
990,0.0431114062666893,-2.0257577896118164,-0.53,21279.689,1.0,1.0,,0,31,0.3,224.9,11,34
991,0.04796665906906128,-2.3076157569885254,-0.58,31280.066,1.0,1.0,,0,30,0.1,217.8,11,35
992,0.062388017773628235,-2.479290723800659,-0.86,38545.734,1.0,1.0,,0,31,0.2,236.3,11,36
993,0.05812951549887657,-2.280745506286621,-0.8,39504.555,1.0,1.0,,0,28,0.4,240.9,11,37
994,0.03416686877608299,-2.8868045806884766,-0.36,22501.01,1.0,1.0,,0,30,0.3,223.7,11,33
995,0.04419940337538719,-2.8789525032043457,-0.44,20256.938,1.0,1.0,,0,30,0.4,221.8,11,33
996,0.06054411083459854,-2.9684784412384033,-0.57,28792.98,1.0,1.0,,0,31,0.1,232.8,11,34
997,0.0633060410618782,-1.9803524017333984,-0.5,22020.236,1.0,1.0,,0,28,0.3,231.1,11,34
998,0.05635279417037964,-1.816896915435791,-0.82,39735.504,1.0,1.0,,0,34,0.3,228.2,11,36
999,0.05597635358572006,-2.6429190635681152,-0.55,20466.994,1.0,1.0,,0,32,0.4,243.5,11,36
1000,0.05771053582429886,-3.0101723670959473,-0.72,33187.035,1.0,1.0,,0,32,0.4,216.4,11,33
1001,0.05096454173326492,-2.25254487991333,-1.09,49507.598,1.0,1.0,,0,35,0.3,237.2,11,36
1002,0.060017045587301254,-2.8293838500976562,-0.65,34235.539,1.0,1.0,,0,34,0.2,243.4,11,38
1003,0.050270237028598785,-2.9950995445251465,-0.44,22893.988,1.0,1.0,,0,31,0.3,236.5,11,37
1004,0.04513546824455261,-3.233604907989502,-0.81,32072.408,1.0,1.0,,0,31,0.3,253.5,11,37
1005,0.036442942917346954,-2.483307361602783,-0.83,35286.969,1.0,1.0,,0,29,0.4,238.1,11,38
1006,0.0477868914604187,-2.415335178375244,-0.54,27368.133,1.0,1.0,,0,30,0.5,255.1,11,38
1007,0.04669541120529175,-3.07497501373291,-0.69,31286.016,1.0,1.0,,0,27,0.1,237.5,11,34
1008,0.05290806293487549,-2.2134180068969727,-0.81,36496.965,1.0,1.0,,0,28,0.3,235.7,11,36
1009,0.0413796603679657,-2.463879108428955,-0.98,42758.469,1.0,1.0,,0,31,0.3,209.9,11,32
1010,0.04906732589006424,-2.5840582847595215,-0.93,34701.344,1.0,1.0,,0,27,0.4,242.2,11,37
1011,0.05264604836702347,-2.306180953979492,-1.15,58640.277,1.0,1.0,,0,31,0.2,221.9,11,35
1012,0.05842558294534683,-2.5623607635498047,-0.64,30422.107,1.0,1.0,,0,25,0.3,244.7,11,38
1013,0.04131995141506195,-2.8704757690429688,-1.41,70202.328,1.0,1.0,,0,28,0.3,234.2,11,36
1014,0.049392808228731155,-2.1689295768737793,-0.78,39429.68,1.0,1.0,,0,30,0.2,228.7,11,37
1015,0.04167020693421364,-2.8391590118408203,-1.5,61201.641,1.0,1.0,,0,26,0.1,232.3,11,38
1016,0.037070319056510925,-2.098936080932617,-1.0,46974.359,1.0,1.0,,0,31,0.5,237.0,11,36
1017,0.050347574055194855,-3.838076114654541,-1.3,59209.492,1.0,1.0,,0,28,0.4,236.8,11,36
1018,0.04705360531806946,-2.2336206436157227,-1.36,67749.375,1.0,1.0,,0,33,0.2,232.9,11,37
1019,0.04677426815032959,-2.3720815181732178,-1.28,53130.914,1.0,1.0,,0,33,0.3,230.7,11,36
1020,0.03836845979094505,-2.843813896179199,-1.11,47821.508,1.0,1.0,,0,32,0.3,224.8,11,37
1021,0.04299740493297577,-2.8209354877471924,-1.25,47426.953,1.0,1.0,,0,32,0.4,249.1,11,37
1022,0.04371696710586548,-2.4653401374816895,-1.06,47068.773,1.0,1.0,,0,30,0.2,228.0,11,35
1023,0.03701460361480713,-2.692784547805786,-1.21,55272.375,1.0,1.0,,0,31,0.3,213.7,11,35
1024,0.056324832141399384,-1.8432470560073853,-1.48,71826.047,1.0,1.0,,0,36,0.3,230.9,11,36
1025,0.05387931317090988,-2.9111642837524414,-1.06,51917.188,1.0,1.0,,0,28,0.3,238.4,11,37
1026,0.058741144835948944,-2.41975998878479,-1.25,58674.312,1.0,1.0,,0,34,0.4,244.0,11,36
1027,0.04703290015459061,-3.2535600662231445,-1.17,54036.32,1.0,1.0,,0,29,0.4,244.6,11,39
1028,0.04678384214639664,-2.9597856998443604,-1.13,55132.711,1.0,1.0,,0,34,0.1,222.9,11,35
1029,0.06645049154758453,-2.3533153533935547,-0.85,42199.766,1.0,1.0,,0,28,0.2,222.7,11,36
1030,0.04111260920763016,-1.6707563400268555,-0.94,47369.746,1.0,1.0,,0,31,0.4,235.5,11,37
1031,0.050460003316402435,-2.926772117614746,-0.5,20263.328,1.0,1.0,,0,24,0.3,240.2,11,38
1032,0.04281424731016159,-2.840928554534912,-0.69,27177.619,1.0,1.0,,0,23,0.4,255.3,11,40
1033,0.043591491878032684,-2.7800426483154297,-1.0,51034.133,1.0,1.0,,0,30,0.5,244.0,11,36
1034,0.0665610060095787,-2.753822088241577,-1.31,60661.664,1.0,1.0,,0,32,0.2,240.3,11,36
1035,0.04730615392327309,-3.0829858779907227,-0.96,33842.348,1.0,1.0,,0,30,0.3,234.1,11,36
1036,0.03884655982255936,-3.154910087585449,-1.7,79788.875,1.0,1.0,,0,36,0.2,216.3,11,36
1037,0.042602673172950745,-2.1294827461242676,-1.14,56541.008,1.0,1.0,,0,34,0.3,219.6,11,35
1038,0.034754008054733276,-1.809787631034851,-1.13,51707.617,1.0,1.0,,0,30,0.2,232.3,11,37
1039,0.06146976724267006,-2.6921238899230957,-1.35,65302.273,1.0,1.0,,0,31,0.3,213.5,11,35
1040,0.04279235377907753,-1.9374583959579468,-1.37,55897.746,1.0,1.0,,0,34,0.3,240.0,11,37
1041,0.03652022033929825,-2.5953218936920166,-1.13,54976.891,1.0,1.0,,0,31,0.1,211.3,11,35
1042,0.03819563612341881,-1.5627655982971191,-1.13,45593.992,1.0,1.0,,0,32,0.4,249.2,11,38
1043,0.024850787594914436,-2.907777786254883,-0.76,37211.352,1.0,1.0,,0,29,0.4,245.3,11,39
1044,0.04155975207686424,-2.572815179824829,-1.68,82193.336,1.0,1.0,,0,31,0.2,244.4,11,38
1045,0.055862657725811005,-2.602003574371338,-1.22,55713.473,1.0,1.0,,0,28,0.3,231.3,11,36
1046,0.05042777955532074,-2.818514347076416,-1.52,75827.484,1.0,1.0,,0,35,0.3,229.6,11,36
1047,0.05674167722463608,-2.322300910949707,-0.99,42852.457,1.0,1.0,,0,30,0.5,240.3,11,37
1048,0.036185283213853836,-4.312867164611816,-1.29,55928.43,1.0,1.0,,0,26,0.5,234.2,11,37
1049,0.042789142578840256,-2.1910207271575928,-1.64,72144.547,1.0,1.0,,0,28,0.1,216.0,11,34
1050,0.05542720854282379,-1.5516616106033325,-1.25,59709.691,1.0,1.0,,0,27,0.5,235.2,11,36
1051,0.05657928064465523,-3.100785732269287,-1.37,62485.5,1.0,1.0,,0,27,0.6,245.1,11,37
1052,0.06469520926475525,-2.949899196624756,-1.69,75153.562,1.0,1.0,,0,29,0.3,217.0,11,36
1053,0.05008067935705185,-1.8625953197479248,-1.29,59896.031,1.0,1.0,,0,26,0.5,226.5,11,34
1054,0.034148044884204865,-2.133293867111206,-1.16,51953.289,1.0,1.0,,6,23,0.4,224.4,11,35
1055,0.04385353624820709,-2.1971707344055176,-1.06,52584.195,1.0,1.0,,0,28,0.3,223.4,11,33
1056,0.0674600601196289,-2.395456552505493,-0.99,45222.898,1.0,1.0,,0,26,0.3,228.1,11,34
1057,0.03289259597659111,-2.5922179222106934,-0.95,40691.883,1.0,1.0,,0,22,0.3,238.8,11,34
1058,0.04277040809392929,-2.1859664916992188,-0.82,36109.574,1.0,1.0,,0,23,0.2,226.4,11,33
1059,0.054798245429992676,-1.940827488899231,-0.76,29993.643,1.0,1.0,,0,20,0.4,251.1,11,35
1060,0.04619920253753662,-2.5606348514556885,-1.05,45845.301,1.0,1.0,,0,26,0.3,237.4,11,34
1061,0.04659692943096161,-2.116952657699585,-1.01,50755.68,1.0,1.0,,0,27,0.3,248.0,11,37
1062,0.05223613232374191,-2.484954357147217,-0.96,49189.398,1.0,1.0,,0,24,0.3,236.4,11,35
1063,0.05184780806303024,-2.1366937160491943,-1.05,51439.43,1.0,1.0,,0,29,0.2,214.5,11,31
1064,0.04858102649450302,-2.4705920219421387,-1.12,52239.492,1.0,1.0,,0,24,0.2,229.4,11,34
1065,0.05086671561002731,-1.8176440000534058,-0.95,41012.844,1.0,1.0,,0,27,0.3,237.9,11,34
1066,0.05912558734416962,-2.629404067993164,-1.16,49795.242,1.0,1.0,,0,22,0.2,229.2,11,34
1067,0.05060860887169838,-1.6932920217514038,-1.21,59136.203,1.0,1.0,,0,27,0.3,223.4,11,31
1068,0.036786891520023346,-1.727260947227478,-0.86,44125.871,1.0,1.0,,0,27,0.3,226.9,11,32
1069,0.03969793766736984,-2.2655630111694336,-1.15,56274.5,1.0,1.0,,0,28,0.3,224.2,11,31
1070,0.04368472844362259,-2.3583765029907227,-0.86,30140.205,1.0,1.0,,0,24,0.2,228.8,11,33
1071,0.027571702376008034,-2.0300261974334717,-1.13,57156.68,1.0,1.0,,0,24,0.3,233.2,11,33
1072,0.05498853698372841,-2.607451915740967,-1.3,68553.969,1.0,1.0,,0,27,0.1,224.0,11,32
1073,0.03791455924510956,-1.4141263961791992,-0.76,33692.898,1.0,1.0,,0,23,0.2,230.0,11,34
1074,0.029907168820500374,-2.4806923866271973,-0.64,31842.461,1.0,1.0,,0,25,0.4,255.7,11,34
1075,0.057468537241220474,-2.739790916442871,-1.56,75224.18,1.0,1.0,,0,31,0.3,234.1,11,32
1076,0.046343930065631866,-2.466580390930176,-0.96,47354.812,1.0,1.0,,0,26,0.4,243.7,11,33
1077,0.037612464278936386,-3.7759106159210205,-1.12,47382.84,1.0,1.0,,0,30,0.4,224.6,11,33
1078,0.0443083755671978,-2.5777535438537598,-0.98,40077.91,1.0,1.0,,0,26,0.2,218.2,11,34
1079,0.047093309462070465,-1.8279151916503906,-1.28,54219.453,1.0,1.0,,0,28,0.4,235.4,11,33
1080,0.05006025731563568,-3.3323206901550293,-1.5,76693.984,1.0,1.0,,0,31,0.3,244.6,11,34
1081,0.041792064905166626,-3.9164862632751465,-1.13,55690.027,1.0,1.0,,0,29,0.6,253.7,11,35
1082,0.034285955131053925,-3.5646002292633057,-1.1,54033.262,1.0,1.0,,0,29,0.5,236.1,11,35
1083,0.054333508014678955,-3.121513843536377,-1.14,57300.699,1.0,1.0,,0,30,0.3,235.2,11,34
1084,0.06334049254655838,-2.0063302516937256,-1.38,64027.738,1.0,1.0,,0,26,0.4,235.7,11,34
1085,0.048747215420007706,-2.7768120765686035,-1.67,86513.797,1.0,1.0,,0,30,0.2,229.8,11,33
1086,0.05325356125831604,-2.3311030864715576,-1.22,60672.969,1.0,1.0,,0,29,0.3,216.9,11,33
1087,0.04886462166905403,-1.83482825756073,-0.88,33346.68,1.0,1.0,,0,24,0.6,263.8,11,36
1088,0.03556597977876663,-3.268991470336914,-1.45,71808.422,1.0,1.0,,0,29,0.5,250.2,11,35
1089,0.042488813400268555,-2.8029611110687256,-1.33,65829.758,1.0,1.0,,0,32,0.3,228.4,11,34
1090,0.06587877869606018,-2.1951301097869873,-1.09,47147.008,1.0,1.0,,0,29,0.3,227.4,11,32
1091,0.055414795875549316,-3.3120336532592773,-1.46,72323.891,1.0,1.0,,0,33,0.3,238.4,11,34
1092,0.04743727669119835,-2.597769021987915,-1.47,68358.734,1.0,1.0,,0,27,0.4,232.9,11,34
1093,0.04018304497003555,-2.0673675537109375,-0.91,39773.496,1.0,1.0,,0,29,0.4,237.1,11,36
1094,0.046015650033950806,-3.3357431888580322,-1.26,56278.477,1.0,1.0,,0,29,0.4,232.0,11,35
1095,0.04601606726646423,-2.770576000213623,-1.12,48421.883,1.0,1.0,,0,29,0.3,225.2,11,34
1096,0.04345790296792984,-2.198382616043091,-1.18,57346.949,1.0,1.0,,0,32,0.4,234.0,11,34
1097,0.0597502626478672,-2.553399085998535,-0.91,45123.164,1.0,1.0,,0,31,0.3,226.3,11,33
1098,0.04548841714859009,-2.5148754119873047,-0.9,41368.383,1.0,1.0,,0,26,0.3,221.6,11,34
1099,0.04260234162211418,-1.7932480573654175,-1.05,52492.422,1.0,1.0,,0,33,0.2,211.0,11,31
1100,0.04206963628530502,-2.206216335296631,-1.2,59008.711,1.0,1.0,,0,31,0.4,246.2,11,33
1101,0.058301277458667755,-2.779425621032715,-0.82,42538.711,1.0,1.0,,0,31,0.2,230.5,11,33
1102,0.0606900192797184,-2.5761380195617676,-1.61,76334.234,1.0,1.0,,0,35,0.1,211.7,11,32
1103,0.06517528742551804,-2.1382651329040527,-0.99,46915.488,1.0,1.0,,0,33,0.5,222.0,11,31
1104,0.05412779375910759,-2.621610403060913,-1.04,54512.133,1.0,1.0,,0,32,0.3,231.1,11,32
1105,0.049485448747873306,-3.1266355514526367,-1.28,66495.211,1.0,1.0,,0,34,0.2,222.2,11,33
1106,0.06325925141572952,-2.373443365097046,-0.89,38612.949,1.0,1.0,,0,31,0.3,234.7,11,34
1107,0.0612056739628315,-2.43093204498291,-1.19,49226.852,1.0,1.0,,0,29,0.5,249.9,11,35
1108,0.044082656502723694,-2.479668617248535,-0.81,35784.266,1.0,1.0,,0,33,0.6,236.5,11,32
1109,0.05194597318768501,-3.4978809356689453,-0.91,40303.906,1.0,1.0,,0,27,0.4,230.9,11,32
1110,0.04451155662536621,-2.1031315326690674,-1.17,55624.445,1.0,1.0,,0,36,0.6,246.9,11,33
1111,0.04414903372526169,-3.1420955657958984,-0.73,32680.645,1.0,1.0,,0,32,0.4,226.3,11,32
1112,0.04635348170995712,-2.5373315811157227,-1.05,49483.496,1.0,1.0,,0,32,0.3,236.9,11,31
1113,0.060214243829250336,-1.6619656085968018,-1.08,52601.539,1.0,1.0,,0,32,0.2,235.0,11,34
1114,0.05719819664955139,-2.6198253631591797,-1.21,51569.859,1.0,1.0,,0,35,0.1,214.0,11,31
1115,0.05883751064538956,-2.238483428955078,-0.74,32146.5,1.0,1.0,,0,34,0.3,209.9,11,31
1116,0.04008069634437561,-2.2204489707946777,-0.89,42711.391,1.0,1.0,,0,33,0.4,226.0,11,31
1117,0.05472453683614731,-2.747864246368408,-1.58,78339.75,1.0,1.0,,0,38,0.2,236.6,11,33
1118,0.053826168179512024,-2.7148194313049316,-0.94,48504.156,1.0,1.0,,0,34,0.2,221.0,11,33
1119,0.05868523567914963,-2.4237866401672363,-0.85,41841.977,1.0,1.0,,0,30,0.2,226.5,11,34
1120,0.06026613712310791,-2.3882102966308594,-0.51,19079.02,1.0,1.0,,0,30,0.2,221.9,11,32
1121,0.053790703415870667,-1.195707082748413,-1.04,52855.859,1.0,1.0,,0,31,0.1,225.3,11,35
1122,0.061506789177656174,-2.1363582611083984,-0.85,33117.957,1.0,1.0,,0,32,0.4,245.1,11,34
1123,0.051606759428977966,-3.0122392177581787,-0.92,39850.719,1.0,1.0,,0,31,0.3,227.4,11,33
1124,0.042613640427589417,-2.6482362747192383,-0.69,30729.387,1.0,1.0,,0,32,0.4,242.9,11,33
1125,0.034673966467380524,-2.262692451477051,-1.28,59240.34,1.0,1.0,,0,34,0.1,219.1,11,33
1126,0.05086687579751015,-2.3965578079223633,-0.91,48298.879,1.0,1.0,,0,34,0.3,240.8,11,34
1127,0.03879624605178833,-2.866835117340088,-0.55,26889.221,1.0,1.0,,0,30,0.4,242.5,11,33
1128,0.05651310086250305,-2.7685513496398926,-0.75,31384.945,1.0,1.0,,0,34,0.2,216.6,11,32
1129,0.05738329142332077,-1.7833609580993652,-0.6,28957.629,1.0,1.0,,0,30,0.6,248.1,11,34
1130,0.05324706435203552,-3.060619831085205,-1.32,62642.875,1.0,1.0,,0,36,0.5,245.1,11,34
1131,0.0475444495677948,-2.9150781631469727,-0.96,47971.855,1.0,1.0,,0,35,0.1,227.6,11,34
1132,0.07042592763900757,-1.7935261726379395,-0.79,35377.836,1.0,1.0,,0,36,0.4,240.7,11,35
1133,0.042948827147483826,-3.022144317626953,-0.93,51347.547,1.0,1.0,,0,38,0.2,228.6,11,32
1134,0.03851122409105301,-2.4952526092529297,-1.02,36978.473,1.0,1.0,,0,34,0.3,226.3,11,32
1135,0.061141014099121094,-2.520853042602539,-1.26,59949.312,1.0,1.0,,0,39,0.3,239.1,11,35
1136,0.05524180829524994,-2.0846426486968994,-0.87,42797.18,1.0,1.0,,0,39,0.5,240.5,11,33
1137,0.05529146268963814,-3.2264695167541504,-0.79,38574.883,1.0,1.0,,0,36,0.2,229.4,11,32
1138,0.04101050645112991,-2.988710403442383,-0.8,25154.002,1.0,1.0,,0,36,0.5,246.2,11,33
1139,0.03967534378170967,-2.7893686294555664,-0.58,23211.852,1.0,1.0,,0,32,0.2,227.2,11,33
1140,0.04032450169324875,-2.876267433166504,-1.1,48809.32,1.0,1.0,,0,38,0.5,233.6,11,33
1141,0.04942630976438522,-2.2441816329956055,-1.14,63425.469,1.0,1.0,,0,40,0.2,214.9,11,31
1142,0.05461551994085312,-1.7423455715179443,-1.15,61289.078,1.0,1.0,,0,42,0.2,239.5,11,32
1143,0.06038499251008034,-2.7714715003967285,-1.46,61692.887,1.0,1.0,,0,40,0.1,215.6,11,32
1144,0.049581386148929596,-2.5028927326202393,-1.15,50710.555,1.0,1.0,,0,35,0.2,233.7,11,33
1145,0.044403593987226486,-2.230851650238037,-1.26,57068.516,1.0,1.0,,0,34,0.5,237.4,11,33
1146,0.04822959750890732,-2.3837950229644775,-1.31,54303.473,1.0,1.0,,0,34,0.3,228.1,11,31
1147,0.054490916430950165,-2.426053524017334,-1.2,57521.176,1.0,1.0,,0,31,0.1,228.3,11,33
1148,0.03148360922932625,-2.0886197090148926,-1.06,48050.422,1.0,1.0,,0,34,0.4,250.8,11,33
1149,0.04500650241971016,-3.152890205383301,-0.82,42995.492,1.0,1.0,,0,29,0.5,239.9,11,32
1150,0.03917652741074562,-1.608855962753296,-1.3,55471.305,1.0,1.0,,0,30,0.5,262.4,11,35
1151,0.044198811054229736,-2.6666998863220215,-0.81,35896.848,1.0,1.0,,0,27,0.3,234.7,11,32
1152,0.052091628313064575,-2.5194523334503174,-0.71,32092.928,1.0,1.0,,0,26,0.5,241.1,11,33
1153,0.04916056618094444,-2.491328001022339,-0.98,47558.57,1.0,1.0,,0,28,0.3,234.6,11,33
1154,0.049623146653175354,-2.1328392028808594,-0.72,30574.645,1.0,1.0,,0,27,0.1,229.1,11,33
1155,0.05075317248702049,-2.3399057388305664,-0.58,24384.844,1.0,1.0,,0,29,0.3,232.6,11,33
1156,0.04735828936100006,-2.5763356685638428,-0.74,36696.199,1.0,1.0,,0,30,0.4,232.1,11,33
1157,0.05549586936831474,-2.5395233631134033,-0.95,39784.395,1.0,1.0,,0,29,0.2,221.9,11,32
1158,0.05524762347340584,-1.995782494544983,-1.11,44490.008,1.0,1.0,,0,32,0.3,243.8,11,34
1159,0.05714653432369232,-1.8910939693450928,-1.19,54946.656,1.0,1.0,,0,32,0.2,209.3,11,33
1160,0.047459788620471954,-2.5463757514953613,-1.08,55315.879,1.0,1.0,,0,33,0.4,242.0,11,32
1161,0.043984100222587585,-3.0381016731262207,-0.89,40399.219,1.0,1.0,,0,32,0.3,242.0,11,31
1162,0.059385210275650024,-2.963069200515747,-1.15,55201.906,1.0,1.0,,0,31,0.7,261.4,11,33
1163,0.04633193463087082,-2.3096542358398438,-1.34,53922.051,1.0,1.0,,0,34,0.2,227.2,11,31
1164,0.048566121608018875,-2.2391858100891113,-1.2,54825.836,1.0,1.0,,0,34,0.3,226.7,11,31
1165,0.05219518393278122,-1.972615361213684,-0.93,48862.465,1.0,1.0,,0,33,0.2,232.5,11,31
1166,0.054923735558986664,-2.913424253463745,-1.1,43041.891,1.0,1.0,,0,33,0.2,234.0,11,32
1167,0.04382768273353577,-2.659545421600342,-0.79,32817.039,1.0,1.0,,0,32,0.3,227.9,11,30
1168,0.04975840449333191,-2.0440492630004883,-1.23,50709.609,1.0,1.0,,0,30,0.3,252.2,11,32
1169,0.05463949963450432,-2.5382308959960938,-0.86,39149.77,1.0,1.0,,0,32,0.1,212.0,11,31
1170,0.03580596670508385,-2.11354923248291,-1.25,54816.25,1.0,1.0,,0,30,0.6,261.1,11,33
1171,0.051382459700107574,-2.987065553665161,-0.91,42709.695,1.0,1.0,,0,34,0.4,237.7,11,32
1172,0.03758057951927185,-2.9712626934051514,-0.95,43633.32,1.0,1.0,,0,31,0.4,227.1,11,31
1173,0.06728377938270569,-2.8726887702941895,-0.27,16947.705,1.0,1.0,,0,30,0.3,212.2,11,31
1174,0.051518067717552185,-2.4391493797302246,-1.25,56970.039,1.0,1.0,,0,36,0.3,235.9,11,30
1175,0.057950571179389954,-2.5719118118286133,-1.19,61295.281,1.0,1.0,,0,34,0.3,230.9,11,31
1176,0.07477862387895584,-2.3143835067749023,-0.88,39050.039,1.0,1.0,,0,36,0.4,225.1,11,30
1177,0.0383625365793705,-2.51430606842041,-0.68,29811.449,1.0,1.0,,0,35,0.4,244.6,11,32
1178,0.05983550846576691,-2.773216724395752,-0.68,35644.266,1.0,1.0,,0,32,0.3,224.5,11,30
1179,0.050731539726257324,-2.1422858238220215,-0.46,21238.309,1.0,1.0,,0,30,0.3,245.5,11,34
1180,0.04556836932897568,-2.500288963317871,-1.18,59576.711,1.0,1.0,,0,35,0.3,242.0,11,33
1181,0.05317138135433197,-3.3909311294555664,-1.12,51142.914,1.0,1.0,,0,34,0.2,217.5,11,30
1182,0.05356457829475403,-1.8499386310577393,-1.04,40727.117,1.0,1.0,,0,35,0.2,223.9,11,32
1183,0.026699205860495567,-2.6083884239196777,-1.28,59951.547,1.0,1.0,,0,36,0.4,245.3,11,32
1184,0.04800740256905556,-3.508521556854248,-0.68,27668.859,1.0,1.0,,0,32,0.3,239.2,11,32
1185,0.04542277008295059,-2.7703757286071777,-1.33,56469.75,1.0,1.0,,0,34,0.2,230.4,11,32
1186,0.04572756215929985,-1.1428557634353638,-1.1,47681.406,1.0,1.0,,0,35,0.2,231.3,11,32
1187,0.0550370067358017,-2.2517004013061523,-1.25,55637.188,1.0,1.0,,0,37,0.3,232.0,11,32
1188,0.04623810201883316,-2.562152624130249,-0.87,36791.129,1.0,1.0,,0,38,0.2,215.6,11,31
1189,0.04805953800678253,-2.9067065715789795,-0.83,27637.125,1.0,1.0,,0,33,0.4,231.5,11,33
1190,0.04735758900642395,-1.9754655361175537,-1.14,46583.641,1.0,1.0,,0,35,0.4,229.0,11,32
1191,0.038404613733291626,-1.6621288061141968,-1.1,40949.434,1.0,1.0,,0,32,0.3,239.0,11,34
1192,0.04479905217885971,-2.836408853530884,-1.48,62290.023,1.0,1.0,,0,36,0.5,236.9,11,32
1193,0.04287107288837433,-3.4162495136260986,-1.12,56698.961,1.0,1.0,,0,37,0.4,237.2,11,33
1194,0.07373294979333878,-3.1447277069091797,-0.81,39220.18,1.0,1.0,,0,35,0.4,226.7,11,30
1195,0.061543192714452744,-2.0301761627197266,-0.51,21169.645,1.0,1.0,,0,36,0.4,236.8,11,33
1196,0.05895031988620758,-3.1053967475891113,-1.13,49947.473,1.0,1.0,,0,38,0.6,243.8,11,33
1197,0.05554717779159546,-3.8017539978027344,-0.93,46551.129,1.0,1.0,,0,38,0.4,235.3,11,34
1198,0.048333197832107544,-2.718451976776123,-0.91,36101.609,1.0,1.0,,0,33,0.3,225.3,11,32
1199,0.05115192383527756,-2.583526134490967,-1.23,54648.402,1.0,1.0,,0,34,0.3,226.3,11,33
1200,0.06557250767946243,-2.2859725952148438,-0.68,29142.301,1.0,1.0,,0,35,0.2,210.7,11,32
1201,0.05685880780220032,-2.5961687564849854,-0.98,47739.191,1.0,1.0,,0,34,0.4,227.0,11,33
1202,0.05477172136306763,-2.9043548107147217,-1.12,49089.297,1.0,1.0,,0,34,0.3,229.4,11,33
1203,0.04887349158525467,-2.111967086791992,-0.52,27717.984,1.0,1.0,,0,33,0.6,242.5,11,34
1204,0.04831104725599289,-2.675899028778076,-1.11,49564.605,1.0,1.0,,0,34,0.3,239.1,11,33
1205,0.05194369703531265,-2.6799559593200684,-0.75,32684.562,1.0,1.0,,0,34,0.3,221.5,11,30
1206,0.04931648075580597,-1.9891029596328735,-0.83,43792.594,1.0,1.0,,0,34,0.3,235.5,11,31
1207,0.05178053677082062,-3.1148147583007812,-1.16,53576.203,1.0,1.0,,0,35,0.4,225.0,11,33
1208,0.040488727390766144,-1.9561033248901367,-1.08,46876.566,1.0,1.0,,0,36,0.3,233.6,11,34
1209,0.05172676965594292,-2.6970179080963135,-1.07,46209.312,1.0,1.0,,0,37,0.5,249.8,11,34
1210,0.05727291852235794,-3.669917106628418,-1.06,39642.492,1.0,1.0,,0,34,0.2,227.7,11,32
1211,0.04447253793478012,-1.6962401866912842,-1.14,57941.727,1.0,1.0,,0,40,0.4,233.4,11,33
1212,0.06465262919664383,-3.2369346618652344,-1.05,47261.117,1.0,1.0,,0,36,0.3,234.0,11,32
1213,0.056424301117658615,-2.6206107139587402,-0.96,49630.199,1.0,1.0,,0,37,0.2,215.4,11,31
1214,0.05718217417597771,-2.2701470851898193,-1.41,57822.391,1.0,1.0,,0,38,0.4,243.4,11,33
1215,0.06437923014163971,-2.5484440326690674,-1.14,49165.668,1.0,1.0,,0,37,0.5,241.5,11,33
1216,0.04420987516641617,-3.960724353790283,-1.43,67848.547,1.0,1.0,,0,36,0.2,216.1,11,31
1217,0.06147123873233795,-2.25032377243042,-1.02,42500.52,1.0,1.0,,0,30,0.5,252.7,11,32
1218,0.04320352524518967,-2.9349589347839355,-1.12,57449.465,1.0,1.0,,0,38,0.3,224.7,11,31
1219,0.06559547781944275,-2.137568950653076,-0.93,40487.711,1.0,1.0,,0,32,0.2,233.6,11,33
1220,0.03723742812871933,-3.025465726852417,-1.47,69982.938,1.0,1.0,,0,36,0.2,233.0,11,33
1221,0.056885726749897,-2.673835277557373,-0.76,29452.715,1.0,1.0,,0,28,0.3,247.7,11,34
1222,0.040043674409389496,-2.7719438076019287,-1.02,42080.777,1.0,1.0,,0,32,0.4,227.6,11,33
1223,0.06208658963441849,-3.277095079421997,-1.24,61700.746,1.0,1.0,,0,36,0.1,226.0,11,31
1224,0.056099649518728256,-2.0380868911743164,-1.36,59176.168,1.0,1.0,,0,35,0.2,232.9,11,34
1225,0.070665642619133,-2.4406025409698486,-1.35,67234.375,1.0,1.0,,0,36,0.4,225.9,11,32
1226,0.06792691349983215,-2.6528613567352295,-1.31,68237.898,1.0,1.0,,0,35,0.2,210.0,11,32
1227,0.06316830217838287,-2.182530403137207,-1.02,39785.281,1.0,1.0,,0,27,0.4,260.8,11,36
1228,0.035012610256671906,-3.250582695007324,-1.14,51378.344,1.0,1.0,,0,32,0.3,219.6,11,32
1229,0.049049414694309235,-2.4646120071411133,-1.3,66984.109,1.0,1.0,,0,33,0.1,212.3,11,32
1230,0.0747150108218193,-2.3989992141723633,-0.82,34933.43,1.0,1.0,,0,28,0.6,254.5,11,36
1231,0.05175311490893364,-3.530979633331299,-1.02,41090.516,1.0,1.0,,0,32,0.3,217.6,11,32
1232,0.046190738677978516,-1.3106783628463745,-0.76,36224.09,1.0,1.0,,0,31,0.2,219.2,11,32
1233,0.06164053827524185,-1.9754663705825806,-0.81,33249.645,1.0,1.0,,0,29,0.3,258.9,11,36
1234,0.04692576825618744,-2.4472930431365967,-0.47,25857.617,1.0,1.0,,0,31,0.3,230.4,11,34
1235,0.06228087842464447,-3.3713109493255615,-1.35,66513.758,1.0,1.0,,0,34,0.3,243.1,11,35
1236,0.05451469495892525,-2.0663843154907227,-1.51,73836.484,1.0,1.0,,0,38,0.3,233.6,11,33
1237,0.05272829160094261,-2.5832388401031494,-0.89,38930.961,1.0,1.0,,0,31,0.4,226.0,11,32
1238,0.06134101375937462,-2.846459150314331,-0.84,45032.863,1.0,1.0,,0,34,0.3,244.3,11,32
1239,0.05463352054357529,-2.2048983573913574,-1.03,41186.727,1.0,1.0,,0,32,0.4,234.6,11,33
1240,0.05027240142226219,-2.1445999145507812,-0.98,48493.352,1.0,1.0,,0,33,0.2,224.1,11,32
1241,0.06067528575658798,-2.127199649810791,-1.33,57932.328,1.0,1.0,,0,35,0.4,241.4,11,33
1242,0.054056305438280106,-2.398482322692871,-0.83,31083.645,1.0,1.0,,0,30,0.3,214.8,11,32
1243,0.04730437323451042,-2.7658352851867676,-0.89,36598.336,1.0,1.0,,0,32,0.3,232.1,11,32
1244,0.05613537132740021,-2.046180248260498,-1.44,72771.344,1.0,1.0,,0,37,0.4,257.0,11,35
1245,0.06339623779058456,-3.857680320739746,-1.43,65964.242,1.0,1.0,,0,34,0.3,219.2,11,32
1246,0.05897058546543121,-1.9532885551452637,-1.49,61589.789,1.0,1.0,,0,36,0.1,212.3,11,32
1247,0.05333586037158966,-1.4758106470108032,-1.3,60002.547,1.0,1.0,,0,36,0.1,205.6,11,31
1248,0.06399019062519073,-1.642627477645874,-1.28,51436.07,1.0,1.0,,0,35,0.4,235.5,11,32
1249,0.03751887381076813,-2.5643303394317627,-1.1,47748.062,1.0,1.0,,0,37,0.2,217.2,11,33
1250,0.05934722721576691,-2.2555716037750244,-1.5,64454.918,1.0,1.0,,0,36,0.3,247.3,11,35
1251,0.043144501745700836,-2.462191104888916,-1.09,44007.047,1.0,1.0,,0,34,0.3,252.0,11,34
1252,0.053747594356536865,-2.827615261077881,-0.86,37379.488,1.0,1.0,,0,32,0.3,220.5,11,31
1253,0.05594874545931816,-1.5160918235778809,-0.83,31759.941,1.0,1.0,,0,30,0.5,236.1,11,32
1254,0.038903359323740005,-2.644041061401367,-1.22,53024.562,1.0,1.0,,0,33,0.2,215.7,11,31
1255,0.060401808470487595,-2.031674385070801,-0.7,25787.256,1.0,1.0,,0,28,0.3,232.6,11,32
1256,0.061151839792728424,-1.8091659545898438,-0.99,51600.172,1.0,1.0,,0,33,0.4,251.8,11,35
1257,0.05758169665932655,-2.830752372741699,-0.72,30746.746,1.0,1.0,,0,31,0.4,239.9,11,32
1258,0.052782464772462845,-2.3486809730529785,-0.81,32825.039,1.0,1.0,,0,32,0.4,240.4,11,33
1259,0.04184349626302719,-3.2235615253448486,-0.6,27343.715,1.0,1.0,,0,30,0.2,214.0,11,31
1260,0.07137680053710938,-1.9280307292938232,-0.53,19853.508,1.0,1.0,,0,30,0.1,214.3,11,32
1261,0.06368322670459747,-1.6932706832885742,-0.69,34407.672,1.0,1.0,,0,35,0.2,223.7,11,34
1262,0.04931394010782242,-2.664574146270752,-0.84,41290.789,1.0,1.0,,0,31,0.1,227.7,11,33
1263,0.051378339529037476,-2.928359270095825,-0.85,37976.742,1.0,1.0,,0,32,0.1,228.9,11,33
1264,0.05224612355232239,-2.0911781787872314,-0.91,42032.129,1.0,1.0,,0,32,0.3,231.7,11,34
1265,0.04481002315878868,-2.329362392425537,-1.06,58425.336,1.0,1.0,,0,34,0.4,223.2,11,32
1266,0.04569430276751518,-3.0962448120117188,-0.9,40625.516,1.0,1.0,,0,34,0.5,234.7,11,34
1267,0.052449848502874374,-2.4291257858276367,-1.16,54741.633,1.0,1.0,,0,36,0.4,254.4,11,36
1268,0.0591447688639164,-2.813981056213379,-1.15,55023.414,1.0,1.0,,0,38,0.2,218.3,11,32
1269,0.07111214101314545,-2.082883358001709,-1.2,50530.812,1.0,1.0,,0,34,0.4,231.1,11,33
1270,0.05341922491788864,-2.861053943634033,-0.56,29386.039,1.0,1.0,,0,33,0.2,230.5,11,34
1271,0.05233349651098251,-2.2939798831939697,-1.2,54241.207,1.0,1.0,,0,35,0.6,240.3,11,34
1272,0.044632039964199066,-2.9250659942626953,-1.32,60842.406,1.0,1.0,,0,37,0.1,225.0,11,34
1273,0.04607623815536499,-3.1458921432495117,-1.29,54788.836,1.0,1.0,,0,35,0.3,229.4,11,34
1274,0.05722916126251221,-2.9067885875701904,-1.33,56291.395,1.0,1.0,,0,34,0.5,244.5,11,34
1275,0.054140254855155945,-3.365924119949341,-0.94,44681.664,1.0,1.0,,0,34,0.4,238.4,11,36
1276,0.0514095202088356,-2.236686944961548,-0.89,43501.801,1.0,1.0,,0,35,0.3,235.0,11,35
1277,0.05060678720474243,-3.320585250854492,-0.77,33857.953,1.0,1.0,,0,31,0.2,223.5,11,34
1278,0.0563075952231884,-2.0763392448425293,-1.08,46081.617,1.0,1.0,,0,31,0.3,231.7,11,33
1279,0.04816205054521561,-2.9153196811676025,-0.9,36246.715,1.0,1.0,,0,30,0.2,226.8,11,34
1280,0.05343103036284447,-2.044534206390381,-0.74,27710.082,1.0,1.0,,0,28,0.3,218.3,11,31
1281,0.044357188045978546,-1.4317002296447754,-1.12,47798.902,1.0,1.0,,0,31,0.1,226.0,11,32
1282,0.03604854270815849,-1.9389619827270508,-1.1,46867.078,1.0,1.0,,0,34,0.2,231.0,11,33
1283,0.04142371192574501,-2.584001064300537,-1.17,49464.969,1.0,1.0,,0,33,0.1,227.5,11,34
1284,0.05773891136050224,-2.562638282775879,-0.84,37228.191,1.0,1.0,,0,35,0.2,234.0,11,34
1285,0.025052158161997795,-2.260514736175537,-0.84,38169.742,1.0,1.0,,0,35,0.4,242.4,11,36
1286,0.05185278505086899,-3.368502140045166,-1.07,47854.258,1.0,1.0,,0,36,0.3,214.5,11,32
1287,0.07067228853702545,-2.344043731689453,-0.83,39388.07,1.0,1.0,,0,37,0.4,234.2,11,33
1288,0.05832548812031746,-2.8100059032440186,-1.22,51695.367,1.0,1.0,,0,37,0.6,243.9,11,35
1289,0.04886748641729355,-2.5266411304473877,-1.3,57884.594,1.0,1.0,,0,39,0.1,232.0,11,35
1290,0.05310485139489174,-2.952387809753418,-1.28,63470.867,1.0,1.0,,0,44,0.4,225.2,11,32
1291,0.056209564208984375,-2.9959776401519775,-0.64,29820.367,1.0,1.0,,0,34,0.4,249.8,11,35
1292,0.04803626984357834,-2.890810012817383,-1.04,53158.398,1.0,1.0,,0,41,0.3,222.9,11,34
1293,0.07056639343500137,-2.689871311187744,-1.45,66847.086,1.0,1.0,,0,43,0.2,234.5,11,35
1294,0.06372285634279251,-2.2831153869628906,-0.69,20637.006,1.0,1.0,,0,41,0.2,225.9,11,33
1295,0.05229790881276131,-1.923120379447937,-0.76,32145.912,1.0,1.0,,0,40,0.4,230.7,11,36
1296,0.04610266536474228,-3.128458023071289,-0.56,25566.18,1.0,1.0,,0,39,0.6,242.9,11,35
1297,0.034456588327884674,-2.80859637260437,-0.75,29569.127,1.0,1.0,,0,39,0.4,239.5,11,35
1298,0.05344855785369873,-2.583613395690918,-0.88,38620.996,1.0,1.0,,0,44,0.3,214.8,11,33
1299,0.062381893396377563,-2.532740354537964,-0.85,40448.801,1.0,1.0,,0,40,0.3,246.4,11,35
1300,0.06036657840013504,-2.2098631858825684,-0.71,28341.729,1.0,1.0,,0,39,0.2,231.1,11,36
1301,0.05410800874233246,-2.7195634841918945,-0.6,24377.084,1.0,1.0,,0,35,0.3,229.3,11,34
1302,0.05156537890434265,-1.9491868019104004,-0.34,15224.539,1.0,1.0,,0,38,0.2,222.8,11,32
1303,0.051358915865421295,-2.809476375579834,-0.67,29584.328,1.0,1.0,,0,39,0.5,225.3,11,34
1304,0.06516159325838089,-2.2609028816223145,-0.47,25995.082,1.0,1.0,,0,40,0.2,227.2,11,33
1305,0.06456926465034485,-2.8818910121917725,-0.68,28181.176,1.0,1.0,,0,40,0.3,220.4,11,33
1306,0.06154010072350502,-1.8333053588867188,-0.72,31192.4,1.0,1.0,,0,41,0.3,217.4,11,32
1307,0.07347126305103302,-3.30898380279541,-0.75,28428.285,1.0,1.0,,0,40,0.5,235.2,11,34
1308,0.052589211612939835,-1.982965111732483,-0.47,20964.42,1.0,1.0,,0,37,0.3,221.3,11,34
1309,0.05389847606420517,-2.339506149291992,-0.82,41070.727,1.0,1.0,,0,41,0.4,222.0,11,33
1310,0.05799930542707443,-2.4036612510681152,-0.83,40968.891,1.0,1.0,,0,42,0.1,214.7,11,33
1311,0.046216920018196106,-2.251995801925659,-0.89,38461.262,1.0,1.0,,0,39,0.2,235.9,11,34
1312,0.05599767714738846,-3.0135345458984375,-0.8,37033.09,1.0,1.0,,0,43,0.2,228.3,11,34
1313,0.0626341849565506,-1.8393100500106812,-1.09,32458.92,1.0,1.0,,0,42,0.3,232.0,11,34
1314,0.046490706503391266,-2.3920278549194336,-0.79,36383.969,1.0,1.0,,0,40,0.3,210.4,11,34
1315,0.06343328952789307,-2.135070323944092,-1.02,46825.211,1.0,1.0,,0,40,0.3,236.6,11,35
1316,0.06429627537727356,-2.3506555557250977,-0.96,49801.863,1.0,1.0,,0,40,0.1,228.0,11,35
1317,0.05335579067468643,-2.6231935024261475,-1.22,48478.383,1.0,1.0,,0,38,0.3,218.0,11,33
1318,0.06648605316877365,-2.3790974617004395,-0.89,34951.242,1.0,1.0,,0,36,0.2,213.3,11,33
1319,0.05367562919855118,-1.8862950801849365,-1.17,48250.93,1.0,1.0,,0,33,0.3,229.6,11,34
1320,0.05417817458510399,-2.4530506134033203,-0.64,30816.57,1.0,1.0,,0,34,0.3,232.7,11,35
1321,0.052322424948215485,-2.749300956726074,-0.83,33978.699,1.0,1.0,,0,32,0.4,242.2,11,34
1322,0.04913809150457382,-3.857985258102417,-0.89,41370.332,1.0,1.0,,0,37,0.2,228.6,11,35
1323,0.04898187890648842,-2.9219374656677246,-0.48,28170.152,1.0,1.0,,0,32,0.4,220.2,11,33
1324,0.047471482306718826,-2.3295774459838867,-0.88,44141.84,1.0,1.0,,0,33,0.3,231.2,11,33
1325,0.0594756118953228,-2.829432964324951,-1.11,45880.18,1.0,1.0,,0,34,0.5,242.9,11,34
1326,0.044965509325265884,-2.696773052215576,-0.87,38889.996,1.0,1.0,,0,32,0.3,214.4,11,33
1327,0.040536291897296906,-1.9692403078079224,-0.95,49639.031,1.0,1.0,,0,31,0.3,235.7,11,35
1328,0.05585372447967529,-2.8700037002563477,-0.91,49722.5,1.0,1.0,,0,30,0.2,223.8,11,34
1329,0.050592780113220215,-2.9051284790039062,-1.09,49626.5,1.0,1.0,,0,33,0.6,255.4,11,35
1330,0.04835757985711098,-3.3575761318206787,-1.06,38468.523,1.0,1.0,,0,34,0.4,234.3,11,35
1331,0.050904177129268646,-2.4365315437316895,-1.29,57359.07,1.0,1.0,,0,35,0.3,230.6,11,34
1332,0.042688675224781036,-2.777768611907959,-1.47,64227.477,1.0,1.0,,0,36,0.4,250.5,11,37
1333,0.03253210708498955,-2.9032862186431885,-0.87,41353.172,1.0,1.0,,0,33,0.2,214.9,11,32
1334,0.04558548703789711,-2.347043037414551,-1.11,44237.109,1.0,1.0,,0,35,0.4,249.1,11,37
1335,0.03783437982201576,-3.4842400550842285,-0.65,29003.488,1.0,1.0,,0,36,0.1,207.4,11,32
1336,0.06487786769866943,-1.992732286453247,-1.13,45120.102,1.0,1.0,,0,38,0.5,248.4,11,35
1337,0.037483975291252136,-3.5806710720062256,-1.12,43902.523,1.0,1.0,,0,37,0.2,225.9,11,33
1338,0.04888223484158516,-2.4856295585632324,-1.53,73597.125,1.0,1.0,,0,42,0.2,200.8,11,33
1339,0.06403698772192001,-1.4957479238510132,-0.9,42428.121,1.0,1.0,,0,37,0.3,218.0,11,33
1340,0.05501405522227287,-2.1929421424865723,-0.88,38525.484,1.0,1.0,,0,37,0.4,213.9,11,32
1341,0.042696528136730194,-2.0790295600891113,-0.92,47649.285,1.0,1.0,,0,40,0.2,218.7,11,32
1342,0.064842090010643,-2.4822678565979004,-1.85,93367.078,1.0,1.0,,0,44,0.5,224.7,11,33
1343,0.03832513839006424,-2.92983078956604,-1.11,54557.945,1.0,1.0,,0,41,0.4,238.1,11,34
1344,0.0395798496901989,-3.1111629009246826,-1.12,43895.75,1.0,1.0,,0,41,0.3,235.2,11,34
1345,0.04337163642048836,-2.350036144256592,-1.19,54933.789,1.0,1.0,,0,42,0.3,241.2,11,35
1346,0.048270829021930695,-3.2624807357788086,-1.16,53428.945,1.0,1.0,,0,45,0.2,203.5,11,32
1347,0.07480231672525406,-1.7486202716827393,-1.56,76601.117,1.0,1.0,,0,45,0.2,219.7,11,34
1348,0.05758120119571686,-2.5092544555664062,-1.17,52335.562,1.0,1.0,,0,44,0.3,224.8,11,34
1349,0.0773390457034111,-2.2344603538513184,-0.74,28529.367,1.0,1.0,,0,41,0.4,239.9,11,36
1350,0.04506640136241913,-2.656439781188965,-1.24,55750.441,1.0,1.0,,0,48,0.4,241.4,11,35
1351,0.06257012486457825,-2.695685386657715,-1.35,61387.328,1.0,1.0,,0,43,0.6,241.6,11,35
1352,0.049253325909376144,-2.584897518157959,-0.85,43650.883,1.0,1.0,,0,43,0.2,221.6,11,34
1353,0.05484504997730255,-3.0109238624572754,-1.52,55939.801,1.0,1.0,,0,40,0.4,248.5,11,37
1354,0.04257160797715187,-2.390320062637329,-0.91,39621.93,1.0,1.0,,0,44,0.3,240.1,11,37
1355,0.05483240634202957,-3.195023536682129,-1.07,49043.867,1.0,1.0,,0,42,0.3,225.4,11,35
1356,0.05525684356689453,-3.0006778240203857,-1.23,61218.273,1.0,1.0,,0,43,0.2,221.3,11,35
1357,0.07102122902870178,-2.6642279624938965,-1.04,44953.484,1.0,1.0,,0,41,0.3,231.1,11,36
1358,0.05028335750102997,-2.5911550521850586,-1.7,68259.828,1.0,1.0,,0,42,0.0,198.3,11,31
1359,0.03765689209103584,-1.5884108543395996,-1.68,72427.391,1.0,1.0,,0,40,0.4,214.4,11,34
1360,0.06203971803188324,-1.4932162761688232,-1.2,55136.867,1.0,1.0,,0,39,0.4,223.3,11,34
1361,0.04446101188659668,-1.9038913249969482,-1.56,73876.375,1.0,1.0,,0,41,0.2,210.9,11,34
1362,0.03842318803071976,-2.016965389251709,-1.44,62375.027,1.0,1.0,,0,38,0.5,247.2,11,36
1363,0.05613726004958153,-2.9785995483398438,-0.78,33825.344,1.0,1.0,,0,36,0.4,242.8,11,37
1364,0.036635372787714005,-2.3341963291168213,-0.98,41687.895,1.0,1.0,,0,36,0.2,222.6,11,33
1365,0.055243149399757385,-2.286888599395752,-1.21,47294.395,1.0,1.0,,0,39,0.2,213.1,11,33
1366,0.05062486603856087,-2.5529625415802,-1.21,59454.828,1.0,1.0,,0,36,0.4,231.8,11,33
1367,0.05811767652630806,-2.9626288414001465,-1.19,52201.805,1.0,1.0,,0,32,0.4,239.7,11,36
1368,0.054915186017751694,-2.017216682434082,-1.06,44177.73,1.0,1.0,,0,32,0.2,217.9,11,33
1369,0.058274224400520325,-1.8037018775939941,-0.93,44015.641,1.0,1.0,,0,33,0.2,223.4,11,34
1370,0.06181790679693222,-2.053138494491577,-1.23,65185.137,1.0,1.0,,0,34,0.3,231.7,11,35
1371,0.0733339786529541,-2.888822555541992,-0.8,35025.793,1.0,1.0,,0,31,0.4,240.6,11,36
1372,0.05612636357545853,-2.3176474571228027,-0.8,38536.188,1.0,1.0,,0,34,0.1,205.6,11,32
1373,0.06261252611875534,-1.9141165018081665,-1.13,56786.836,1.0,1.0,,0,34,0.2,233.1,11,35
1374,0.06393027305603027,-2.7034029960632324,-0.7,28404.273,1.0,1.0,,0,29,0.3,221.1,11,35
1375,0.04541913419961929,-2.3191282749176025,-0.95,40814.648,1.0,1.0,,0,33,0.1,220.7,11,35
1376,0.05044082552194595,-2.2867329120635986,-0.68,31284.641,1.0,1.0,,0,32,0.1,216.9,11,33
1377,0.05892691761255264,-1.9300541877746582,-0.97,45037.914,1.0,1.0,,0,30,0.6,239.5,11,36
1378,0.05604800209403038,-2.738124370574951,-0.88,42013.188,1.0,1.0,,0,31,0.3,235.8,11,38
1379,0.06023437902331352,-2.4293439388275146,-0.95,43872.988,1.0,1.0,,0,32,0.2,230.3,11,36
1380,0.05764825642108917,-2.230526924133301,-0.51,20717.492,1.0,1.0,,0,35,0.3,231.7,11,36
1381,0.05503278598189354,-3.695864200592041,-1.14,53870.594,1.0,1.0,,0,36,0.2,222.0,11,36
1382,0.0550139956176281,-1.7176854610443115,-0.59,28444.734,1.0,1.0,,0,33,0.2,208.1,11,34
1383,0.05213501304388046,-1.4504179954528809,-0.86,39673.375,1.0,1.0,,0,35,0.3,236.8,11,37
1384,0.04623308777809143,-3.0750160217285156,-1.15,56457.812,1.0,1.0,,0,36,0.2,221.7,11,36
1385,0.051003869622945786,-2.8624966144561768,-0.95,46676.277,1.0,1.0,,0,38,0.2,227.6,11,36
1386,0.05784256383776665,-2.8948607444763184,-0.77,38225.328,1.0,1.0,,0,34,0.5,239.4,11,37
1387,0.06146970018744469,-2.965759515762329,-1.06,48035.738,1.0,1.0,,0,37,0.2,234.2,11,37
1388,0.04034675657749176,-2.3837132453918457,-0.53,21660.689,1.0,1.0,,0,35,0.6,236.9,11,38
1389,0.04215850681066513,-2.1186532974243164,-1.19,48481.836,1.0,1.0,,0,41,0.4,233.2,11,37
1390,0.03574640303850174,-2.7441163063049316,-0.81,37642.906,1.0,1.0,,0,39,0.3,244.3,11,38
1391,0.04369105026125908,-4.559394836425781,-1.5,59763.898,1.0,1.0,,0,44,0.3,230.9,11,36
1392,0.04598554968833923,-2.5630741119384766,-1.69,79294.953,1.0,1.0,,0,43,0.2,222.4,11,37
1393,0.05335722863674164,-1.6334326267242432,-1.57,72277.352,1.0,1.0,,0,44,0.3,224.1,11,36
1394,0.05299142003059387,-2.063965320587158,-1.37,54725.953,1.0,1.0,,0,40,0.3,225.5,11,35
1395,0.037634413689374924,-2.7390408515930176,-1.83,75222.859,1.0,1.0,,0,40,0.2,228.7,11,36
1396,0.0492863655090332,-2.2610697746276855,-1.81,81251.453,1.0,1.0,,0,41,0.2,227.9,11,37
1397,0.06228255480527878,-3.279886245727539,-1.25,58114.715,1.0,1.0,,0,39,0.3,233.2,11,35
1398,0.06454934924840927,-2.3690433502197266,-1.52,66964.953,1.0,1.0,,0,38,0.3,224.3,11,35
1399,0.05568027123808861,-2.193744421005249,-1.13,53892.008,1.0,1.0,,0,36,0.1,214.3,11,34
1400,0.0689191073179245,-2.1912996768951416,-1.12,57870.766,1.0,1.0,,0,37,0.1,216.2,11,35
1401,0.06726480275392532,-2.2728986740112305,-1.04,51218.617,1.0,1.0,,0,37,0.4,219.1,11,35
1402,0.046712808310985565,-2.6247522830963135,-0.91,47543.812,1.0,1.0,,0,38,0.3,217.1,11,35
1403,0.06204821914434433,-2.055088520050049,-1.17,53634.742,1.0,1.0,,0,33,0.1,217.6,11,35
1404,0.05199752748012543,-2.354199171066284,-0.93,36530.508,1.0,1.0,,0,33,0.1,220.3,11,35
1405,0.05253513902425766,-2.2784953117370605,-0.92,43803.957,1.0,1.0,,0,36,0.4,244.3,11,37
1406,0.06333739310503006,-2.579746723175049,-1.12,50628.715,1.0,1.0,,0,37,0.3,224.5,11,35
1407,0.06748714298009872,-2.176927089691162,-1.06,47004.582,1.0,1.0,,0,38,0.2,231.6,11,36
1408,0.056412406265735626,-2.613919734954834,-1.07,56289.062,1.0,1.0,,0,35,0.3,220.9,11,35
1409,0.04625684395432472,-1.6332018375396729,-1.35,60093.02,1.0,1.0,,0,38,0.4,240.5,11,37
1410,0.04614591598510742,-3.438518524169922,-0.97,42474.586,1.0,1.0,,0,32,0.3,218.4,11,34
1411,0.05073407292366028,-2.214905023574829,-0.6,27483.98,1.0,1.0,,0,31,0.2,222.5,11,34
1412,0.04011286795139313,-2.640679359436035,-0.53,25882.641,1.0,1.0,,0,32,0.3,230.0,11,36
1413,0.0675165206193924,-3.2681331634521484,-0.91,39678.227,1.0,1.0,,0,33,0.3,222.1,11,35
1414,0.048151805996894836,-2.9392242431640625,-0.7,28699.375,1.0,1.0,,0,34,0.3,234.3,11,36
1415,0.04888499528169632,-2.7353124618530273,-0.66,25195.814,1.0,1.0,,0,32,0.1,223.9,11,37
1416,0.04874719679355621,-1.877265453338623,-0.59,30425.139,1.0,1.0,,0,32,0.5,244.9,11,37
1417,0.05781073868274689,-2.6871609687805176,-0.34,12127.928,1.0,1.0,,0,29,0.3,219.4,11,36
1418,0.07973335683345795,-2.0329647064208984,-0.16,2848.439,1.0,1.0,,0,30,0.2,221.8,11,36
1419,0.034769583493471146,-2.6921820640563965,-0.53,17564.623,1.0,1.0,,0,30,0.2,233.8,11,35
1420,0.05487988144159317,-3.0836849212646484,-0.27,9470.885,1.0,1.0,,0,27,0.2,225.7,11,37
1421,0.051847219467163086,-2.883735179901123,-0.86,38526.156,1.0,1.0,,0,32,0.1,229.3,11,36
1422,0.06306563317775726,-1.7608352899551392,-0.57,23174.594,1.0,1.0,,0,32,0.6,231.5,11,37
1423,0.038624510169029236,-2.9157814979553223,-1.24,63532.578,1.0,1.0,,0,34,0.1,209.0,11,35
1424,0.050343357026576996,-2.286947250366211,-1.05,43361.215,1.0,1.0,,0,33,0.3,224.9,11,36
1425,0.051883596926927567,-2.415350914001465,-0.77,34501.551,1.0,1.0,,0,33,0.2,204.4,11,33
1426,0.060464419424533844,-1.7548561096191406,-0.68,23378.412,1.0,1.0,,0,32,0.2,233.9,11,38
1427,0.06781265139579773,-2.776334762573242,-0.98,48148.625,1.0,1.0,,0,34,0.2,226.0,11,35
1428,0.05195220559835434,-2.3021488189697266,-1.1,44586.562,1.0,1.0,,0,33,0.2,222.6,11,35
1429,0.06107908859848976,-2.295365810394287,-0.73,32648.693,1.0,1.0,,0,34,0.4,232.4,11,35
1430,0.07967224717140198,-3.395697832107544,-0.69,32750.148,1.0,1.0,,0,34,0.3,231.3,11,35
1431,0.06595491617918015,-2.502397298812866,-1.05,54283.844,1.0,1.0,,0,34,0.3,229.1,11,36
1432,0.06038607284426689,-2.2663257122039795,-0.89,45343.883,1.0,1.0,,0,33,0.4,238.0,11,38
1433,0.06068514287471771,-2.789367437362671,-0.88,40781.043,1.0,1.0,,0,31,0.5,234.6,11,38
1434,0.05023591220378876,-2.609602451324463,-0.4,13949.199,1.0,1.0,,0,34,0.2,216.9,11,34
1435,0.044397301971912384,-2.1389341354370117,-0.52,21432.676,1.0,1.0,,0,33,0.3,225.3,11,34
1436,0.06271851807832718,-1.9256668090820312,-0.37,14662.182,1.0,1.0,,0,31,0.2,228.4,11,37
1437,0.047304823994636536,-2.5269927978515625,-0.35,14753.825,1.0,1.0,,0,32,0.1,195.7,11,33
1438,0.06225746124982834,-1.664788007736206,-0.49,25215.1,1.0,1.0,,0,34,0.5,232.9,11,37
1439,0.05125559866428375,-2.597137451171875,-0.22,11097.959,1.0,1.0,,0,32,0.1,213.2,11,35
1440,0.04439844936132431,-2.6821107864379883,-0.33,13340.81,1.0,1.0,,0,33,0.2,224.7,11,36
1441,0.056528184562921524,-2.4746341705322266,-0.59,27557.562,1.0,1.0,,0,31,0.5,230.7,11,36
1442,0.048944421112537384,-2.135678291320801,-0.61,22766.258,1.0,1.0,,0,33,0.1,221.3,11,36
1443,0.0376250296831131,-2.42177414894104,-0.87,46009.48,1.0,1.0,,0,31,0.2,218.2,11,36
1444,0.06233280152082443,-2.6264898777008057,-0.59,25587.566,1.0,1.0,,0,29,0.3,230.3,11,37
1445,0.04429752752184868,-2.426980495452881,-0.64,27149.994,1.0,1.0,,0,26,0.2,238.9,11,37
1446,0.05029673129320145,-2.8584697246551514,-0.76,31958.604,1.0,1.0,,0,31,0.4,235.3,11,37
1447,0.03748688846826553,-2.8523521423339844,-0.53,26387.422,1.0,1.0,,0,28,0.2,212.1,11,35
1448,0.05380406975746155,-2.1406545639038086,-0.65,29458.621,1.0,1.0,,0,28,0.3,212.7,11,32
1449,0.05414658039808273,-2.05253529548645,-0.57,27244.691,1.0,1.0,,0,31,0.2,223.3,11,35
1450,0.055043790489435196,-2.357949733734131,-0.83,33539.914,1.0,1.0,,0,33,0.3,231.2,11,37
1451,0.04482351243495941,-2.621511697769165,-0.43,19192.498,1.0,1.0,,0,29,0.4,229.0,11,38
1452,0.06056663393974304,-2.7368545532226562,-0.69,27191.672,1.0,1.0,,0,31,0.6,237.4,11,38
1453,0.04081650823354721,-3.3387296199798584,-0.76,31851.742,1.0,1.0,,0,31,0.2,229.0,11,36
1454,0.03770068660378456,-2.6032214164733887,-0.73,34300.348,1.0,1.0,,0,34,0.5,229.6,11,37
1455,0.06495414674282074,-2.5535900592803955,-0.67,28398.557,1.0,1.0,,0,33,0.2,221.4,11,37
1456,0.04609593376517296,-3.04235577583313,-0.53,25171.281,1.0,1.0,,0,32,0.2,220.7,11,37
1457,0.05530863255262375,-2.173213481903076,-0.57,26911.566,1.0,1.0,,0,32,0.2,229.0,11,37
1458,0.03002920001745224,-2.6627848148345947,-0.34,11818.771,1.0,1.0,,0,31,0.2,226.7,11,36
1459,0.03462693467736244,-2.221470355987549,-0.26,10154.752,1.0,1.0,,0,30,0.3,229.0,11,37
1460,0.056209683418273926,-3.277263879776001,-0.34,14505.135,1.0,1.0,,0,26,0.3,219.8,11,37
1461,0.043047405779361725,-2.602649211883545,-0.7,30990.383,1.0,1.0,,0,31,0.2,230.7,11,37
1462,0.053518734872341156,-2.3429782390594482,-0.43,20641.857,1.0,1.0,,0,30,0.5,241.0,11,37
1463,0.04340900480747223,-2.9184465408325195,-0.25,7832.653,1.0,1.0,,0,30,0.3,222.3,11,36
1464,0.05446064844727516,-2.4425997734069824,-0.51,25404.953,1.0,1.0,,0,32,0.2,219.4,11,35
1465,0.04934415966272354,-2.199742317199707,-0.49,21737.098,1.0,1.0,,0,30,0.2,218.8,11,35
1466,0.063277468085289,-2.233985662460327,-0.41,14259.99,1.0,1.0,,0,34,0.3,233.7,11,38
1467,0.0651879608631134,-2.7097432613372803,-0.44,12203.502,1.0,1.0,,0,32,0.2,218.6,11,37
1468,0.046212926506996155,-2.1066946983337402,-0.48,21798.945,1.0,1.0,,0,31,0.2,219.3,11,35
1469,0.04917403310537338,-1.581228494644165,-0.62,28850.828,1.0,1.0,,0,34,0.4,220.5,11,36
1470,0.05523255839943886,-2.688612461090088,-0.33,12090.574,1.0,1.0,,0,33,0.3,227.2,11,37
1471,0.038807496428489685,-2.449082374572754,-0.82,40522.742,1.0,1.0,,0,35,0.2,212.2,11,36
1472,0.06845670193433762,-2.41030216217041,-0.75,25498.652,1.0,1.0,,0,35,0.2,211.3,11,36
1473,0.05085363984107971,-2.068995475769043,-0.76,36633.734,1.0,1.0,,0,36,0.3,221.8,11,35
1474,0.05455130338668823,-2.8768677711486816,-0.45,25608.115,1.0,1.0,,0,36,0.4,234.2,11,39
1475,0.0475059375166893,-2.5069661140441895,-0.38,16793.484,1.0,1.0,,0,33,0.1,215.6,11,36
1476,0.05116991698741913,-1.9074068069458008,-0.31,14217.174,1.0,1.0,,0,36,0.4,225.0,11,37
1477,0.054995596408843994,-3.3190207481384277,-0.59,30504.207,1.0,1.0,,0,33,0.5,224.5,11,36
1478,0.02522807940840721,-3.469083309173584,-0.53,26991.031,1.0,1.0,,0,37,0.2,221.4,11,37
1479,0.05084357410669327,-2.1846704483032227,-0.27,14123.945,1.0,1.0,,0,36,0.2,220.2,11,36
1480,0.04525037482380867,-2.3313937187194824,-0.44,25931.848,1.0,1.0,,0,36,0.3,231.1,11,36
1481,0.04843827337026596,-2.3580551147460938,-0.29,16235.019,1.0,1.0,,0,34,0.2,208.1,11,35
1482,0.051147885620594025,-2.3947243690490723,-0.36,20099.076,1.0,1.0,,0,35,0.2,203.4,11,34
1483,0.07092872262001038,-2.055241823196411,-0.9,40896.668,1.0,1.0,,0,38,0.3,231.9,11,39
1484,0.04749627411365509,-3.181645631790161,-0.41,20120.605,1.0,1.0,,0,33,0.5,237.2,11,39
1485,0.04570788890123367,-3.0661420822143555,-0.85,39730.32,1.0,1.0,,0,39,0.1,228.8,11,38
1486,0.05467727780342102,-3.1239266395568848,-0.58,20627.621,1.0,1.0,,0,34,0.4,242.1,11,39
1487,0.06441940367221832,-3.219822406768799,-0.49,14727.068,1.0,1.0,,0,37,0.3,216.9,11,37
1488,0.047207556664943695,-2.0073792934417725,-0.86,45705.926,1.0,1.0,,0,38,0.1,208.7,11,36
1489,0.04698040336370468,-2.0052599906921387,-0.9,41072.508,1.0,1.0,,0,38,0.2,225.8,11,36
1490,0.05086531490087509,-2.572974920272827,-0.77,34412.867,1.0,1.0,,0,38,0.2,222.9,11,37
1491,0.061807263642549515,-2.8820974826812744,-1.21,54899.566,1.0,1.0,,0,36,0.5,227.0,11,37
1492,0.055158015340566635,-3.14500093460083,-0.85,36340.484,1.0,1.0,,0,33,0.3,235.1,11,40
1493,0.052212461829185486,-3.0618906021118164,-0.9,45707.539,1.0,1.0,,0,32,0.3,225.0,11,36
1494,0.055203262716531754,-2.4955196380615234,-1.02,47275.93,1.0,1.0,,0,34,0.2,226.1,11,38
1495,0.05256376415491104,-1.856126308441162,-0.75,32640.701,1.0,1.0,,0,29,0.3,225.2,11,37
1496,0.05105123296380043,-2.8626599311828613,-1.33,62665.562,1.0,1.0,,0,33,0.2,216.3,11,37
1497,0.05419939011335373,-2.553040027618408,-0.9,35336.984,1.0,1.0,,0,31,0.4,225.3,11,38
1498,0.050533466041088104,-2.4416613578796387,-1.2,54873.141,1.0,1.0,,0,30,0.3,222.8,11,40
1499,0.04277448356151581,-2.558863639831543,-0.68,30434.992,1.0,1.0,,0,30,0.3,238.2,11,38
1500,0.043395671993494034,-2.491377115249634,-0.81,34710.062,1.0,1.0,,0,31,0.7,239.5,11,39
1501,0.05506623908877373,-3.2193470001220703,-0.69,24844.207,1.0,1.0,,0,28,0.4,239.6,11,40
1502,0.03846677765250206,-2.7449095249176025,-0.78,36435.59,1.0,1.0,,0,31,0.5,242.7,11,39
1503,0.051487863063812256,-2.8396592140197754,-0.67,28396.307,1.0,1.0,,0,30,0.2,210.5,11,36
1504,0.047512151300907135,-2.1600823402404785,-1.05,52664.25,1.0,1.0,,0,30,0.2,222.1,11,38
1505,0.03469020873308182,-2.5641860961914062,-0.79,37981.117,1.0,1.0,,0,31,0.3,228.7,11,38
1506,0.0634923204779625,-2.454758882522583,-0.93,38713.836,1.0,1.0,,0,30,0.2,218.0,11,36
1507,0.0496600866317749,-2.970405340194702,-0.79,35572.816,1.0,1.0,,0,27,0.2,213.9,11,38
1508,0.025281431153416634,-2.897993564605713,-0.52,26905.936,1.0,1.0,,6,26,0.3,221.7,11,37
1509,0.05378410965204239,-2.0169525146484375,-1.18,54189.352,1.0,1.0,,0,29,0.4,223.0,11,37
1510,0.048163559287786484,-2.033193588256836,-1.14,58335.02,1.0,1.0,,0,32,0.2,230.5,11,38
1511,0.06256197392940521,-2.9574520587921143,-1.17,46337.711,1.0,1.0,,0,33,0.2,233.0,11,38
1512,0.061960749328136444,-1.9813106060028076,-1.18,55884.832,1.0,1.0,,0,32,0.3,230.1,11,38
1513,0.047926127910614014,-3.4884390830993652,-0.94,41828.016,1.0,1.0,,0,30,0.3,220.5,11,35
1514,0.03905107453465462,-2.642174482345581,-0.91,38076.0,1.0,1.0,,0,29,0.3,232.5,11,37
1515,0.05094607174396515,-2.8653171062469482,-1.04,45780.082,1.0,1.0,,0,29,0.2,205.2,11,37
1516,0.0503702238202095,-2.081051826477051,-0.59,24530.859,1.0,1.0,,0,26,0.3,220.0,11,36
1517,0.055649593472480774,-1.644074559211731,-1.12,44648.535,1.0,1.0,,0,32,0.4,243.4,11,39
1518,0.051345840096473694,-2.8956894874572754,-0.81,34364.469,1.0,1.0,,0,32,0.4,228.6,11,37
1519,0.0433940514922142,-3.3898062705993652,-0.82,37199.195,1.0,1.0,,0,32,0.2,219.3,11,35
1520,0.032859280705451965,-2.3365256786346436,-0.91,49838.977,1.0,1.0,,0,35,0.3,229.6,11,37
1521,0.06302288174629211,-3.015885829925537,-0.91,39108.965,1.0,1.0,,0,32,0.4,226.4,11,35
1522,0.054442860186100006,-3.4671616554260254,-0.91,43260.406,1.0,1.0,,0,31,0.3,216.9,11,36
1523,0.051792070269584656,-2.608145236968994,-0.95,46929.023,1.0,1.0,,0,34,0.3,225.2,11,37
1524,0.043076738715171814,-3.1219489574432373,-1.06,45237.676,1.0,1.0,,0,32,0.2,212.3,11,34
1525,0.06980277597904205,-2.098691463470459,-1.03,44534.758,1.0,1.0,,0,34,0.2,211.8,11,35
1526,0.05220896005630493,-2.9639439582824707,-0.79,32540.43,1.0,1.0,,0,30,0.3,233.1,11,40
1527,0.04980015382170677,-2.8049890995025635,-0.82,41925.004,1.0,1.0,,0,29,0.4,232.1,11,37
1528,0.04885619133710861,-3.1470837593078613,-0.67,31761.898,1.0,1.0,,0,28,0.3,218.9,11,37
1529,0.044898420572280884,-2.3977653980255127,-0.5,22303.678,1.0,1.0,,0,30,0.2,211.2,11,35
1530,0.04940274730324745,-1.8832342624664307,-0.53,24470.758,1.0,1.0,,0,26,0.4,228.4,11,36
1531,0.04982860013842583,-2.9764559268951416,-0.56,27294.08,1.0,1.0,,0,25,0.2,222.6,11,36
1532,0.06425787508487701,-2.622194290161133,-0.75,38252.066,1.0,1.0,,0,28,0.1,216.2,11,34
1533,0.05052889883518219,-2.097064733505249,-0.67,33145.438,1.0,1.0,,0,26,0.4,229.6,11,37
1534,0.04076473042368889,-1.8746072053909302,-0.64,28612.469,1.0,1.0,,0,28,0.3,219.1,11,36
1535,0.060038305819034576,-2.10882568359375,-0.46,25660.91,1.0,1.0,,0,29,0.3,238.1,11,37
1536,0.05030510574579239,-2.8731162548065186,-0.64,23453.973,1.0,1.0,,0,30,0.2,223.9,11,37
1537,0.042137350887060165,-2.5687148571014404,-0.47,23620.293,1.0,1.0,,0,29,0.4,222.6,11,35
1538,0.06380081176757812,-1.8488285541534424,-0.56,21916.16,1.0,1.0,,0,28,0.1,218.9,11,35
1539,0.0491548553109169,-2.1728057861328125,-0.41,15599.478,1.0,1.0,,0,30,0.4,251.1,11,38
1540,0.03746374696493149,-2.9902522563934326,-0.91,41731.078,1.0,1.0,,0,33,0.2,229.7,11,37
1541,0.05475497990846634,-2.471177101135254,-0.49,18931.16,1.0,1.0,,0,33,0.3,223.4,11,36
1542,0.05797957256436348,-2.8392369747161865,-0.55,17773.703,1.0,1.0,,0,32,0.4,240.3,11,40
1543,0.05384315922856331,-2.4191551208496094,-0.79,34640.082,1.0,1.0,,0,36,0.2,207.9,11,35
1544,0.050900720059871674,-1.7027111053466797,-1.19,58437.359,1.0,1.0,,0,38,0.4,241.4,11,38
1545,0.055014222860336304,-2.5424864292144775,-0.88,37709.008,1.0,1.0,,0,35,0.1,223.0,11,37
1546,0.061676789075136185,-2.5075526237487793,-0.59,22913.072,1.0,1.0,,0,37,0.2,223.7,11,37
1547,0.05882569029927254,-2.4300029277801514,-0.76,35152.57,1.0,1.0,,0,37,0.3,228.4,11,37
1548,0.04245542362332344,-2.130600929260254,-0.59,20516.676,1.0,1.0,,0,36,0.2,227.3,11,36
1549,0.047886498272418976,-2.541929006576538,-0.52,19093.547,1.0,1.0,,0,29,0.2,214.5,11,36
1550,0.053390584886074066,-1.6263116598129272,-1.12,46053.645,1.0,1.0,,0,35,0.3,223.1,11,36
1551,0.051061488687992096,-2.7410073280334473,-0.94,46082.398,1.0,1.0,,0,34,0.2,222.9,11,36
1552,0.07255852222442627,-2.7026877403259277,-0.81,35750.223,1.0,1.0,,0,31,0.3,232.2,11,37
1553,0.058620285242795944,-2.5340938568115234,-1.03,48419.383,1.0,1.0,,0,34,0.0,216.2,11,35
1554,0.05490556359291077,-2.1637163162231445,-1.1,52198.527,1.0,1.0,,0,31,0.3,217.7,11,37
1555,0.03749115765094757,-2.3076767921447754,-0.87,42215.246,1.0,1.0,,0,32,0.5,227.3,11,36
1556,0.029139980673789978,-3.2360997200012207,-0.29,9967.837,1.0,1.0,,0,27,0.1,237.4,11,40
1557,0.025380859151482582,-3.366546630859375,-1.17,51648.832,1.0,1.0,,0,32,0.1,208.2,11,35
1558,0.050446584820747375,-2.160569667816162,-0.96,42733.305,1.0,1.0,,0,30,0.4,236.6,11,39
1559,0.05045415088534355,-3.0508737564086914,-0.67,30911.605,1.0,1.0,,0,29,0.1,220.3,11,36
1560,0.05530376732349396,-2.056438446044922,-0.69,34294.574,1.0,1.0,,0,30,0.1,212.5,11,36
1561,0.05516336113214493,-2.218691349029541,-0.5,18896.633,1.0,1.0,,0,24,0.4,243.9,11,38
1562,0.05394810438156128,-2.5752644538879395,-0.3,13739.418,1.0,1.0,,0,25,0.3,219.8,11,36
1563,0.04860949516296387,-1.9386091232299805,-0.7,34131.949,1.0,1.0,,0,27,0.3,224.2,11,37
1564,0.05465185269713402,-2.773937702178955,-1.02,44724.617,1.0,1.0,,0,28,0.3,223.3,11,37
1565,0.04154179245233536,-2.7079195976257324,-0.97,50082.648,1.0,1.0,,0,30,0.0,212.7,11,35
1566,0.05715049058198929,-2.460735559463501,-0.72,27519.711,1.0,1.0,,0,28,0.2,222.2,11,37
1567,0.04243537411093712,-3.221811294555664,-0.67,34348.445,1.0,1.0,,0,28,0.1,221.7,11,36
1568,0.04727243632078171,-2.404977321624756,-0.71,31275.934,1.0,1.0,,0,27,0.1,235.3,11,37
1569,0.062335338443517685,-2.749948024749756,-0.85,47047.672,1.0,1.0,,0,28,0.4,231.0,11,37
1570,0.05920891463756561,-2.606339454650879,-0.81,34479.801,1.0,1.0,,0,23,0.4,233.7,11,36
1571,0.03724323958158493,-2.3453173637390137,-0.69,35946.891,1.0,1.0,,0,30,0.2,226.4,11,35
1572,0.06075200438499451,-3.410710334777832,-0.76,27129.488,1.0,1.0,,0,25,0.4,213.4,11,34
1573,0.05414700135588646,-1.847717523574829,-0.63,29556.723,1.0,1.0,,0,26,0.3,212.0,11,34
1574,0.05581970885396004,-1.5623173713684082,-0.36,11639.529,1.0,1.0,,6,26,0.2,234.6,11,38
1575,0.0484633594751358,-2.234407901763916,-0.69,33164.223,1.0,1.0,,0,30,0.2,227.0,11,37
1576,0.053854454308748245,-2.4420018196105957,-0.5,25264.885,1.0,1.0,,0,25,0.2,232.9,11,38
1577,0.04603642225265503,-2.1826391220092773,-1.08,54482.617,1.0,1.0,,0,33,0.3,225.1,11,36
1578,0.046945780515670776,-2.885648250579834,-0.79,38079.262,1.0,1.0,,0,28,0.1,212.7,11,36
1579,0.04353170841932297,-2.020383358001709,-0.58,25703.352,1.0,1.0,,0,25,0.3,231.7,11,38
1580,0.041702404618263245,-3.2839412689208984,-0.94,41277.461,1.0,1.0,,0,25,0.3,229.6,11,38
1581,0.04450496658682823,-3.279714584350586,-0.97,47347.848,1.0,1.0,,0,31,0.4,225.5,11,37
1582,0.05343029648065567,-2.6706252098083496,-0.52,24314.129,1.0,1.0,,0,26,0.4,216.4,11,35
1583,0.06694221496582031,-2.8828978538513184,-0.89,43721.355,1.0,1.0,,0,31,0.1,232.8,11,36
1584,0.04285360500216484,-2.5167603492736816,-0.87,41981.383,1.0,1.0,,0,31,0.3,217.1,11,35
1585,0.055256716907024384,-2.878765344619751,-0.69,28166.406,1.0,1.0,,6,27,0.1,216.8,11,36
1586,0.03439765423536301,-1.7279934883117676,-0.92,41987.164,1.0,1.0,,0,24,0.2,213.6,11,34
1587,0.064578115940094,-1.3348766565322876,-1.21,57812.746,1.0,1.0,,0,28,0.6,249.2,11,40
1588,0.03576090559363365,-2.9650704860687256,-1.02,36857.391,1.0,1.0,,0,26,0.2,231.8,11,37
1589,0.030404139310121536,-2.115339756011963,-1.22,51058.758,1.0,1.0,,0,30,0.2,203.8,11,35
1590,0.043080300092697144,-2.484434127807617,-1.37,55923.137,1.0,1.0,,0,28,0.3,219.7,11,35
1591,0.03349742665886879,-2.7715134620666504,-1.36,63047.086,1.0,1.0,,0,29,0.2,218.9,11,36
1592,0.0504617914557457,-1.8770605325698853,-1.15,57080.02,1.0,1.0,,0,27,0.2,209.7,11,35
1593,0.05587014928460121,-2.375256061553955,-1.09,54390.91,1.0,1.0,,6,28,0.2,231.8,11,38
1594,0.04572778940200806,-3.1194753646850586,-1.18,54192.555,1.0,1.0,,6,28,0.1,238.0,11,37
1595,0.05711837112903595,-2.457491397857666,-1.42,68006.984,1.0,1.0,,0,29,0.2,224.7,11,36
1596,0.05627898871898651,-2.696737766265869,-1.47,54785.555,1.0,1.0,,0,27,0.4,238.8,11,37
1597,0.03622462972998619,-2.4904496669769287,-1.44,58586.074,1.0,1.0,,0,28,0.3,243.8,11,37
1598,0.05757453292608261,-2.675226926803589,-1.41,62760.922,1.0,1.0,,0,32,0.1,230.0,11,37
1599,0.059654563665390015,-2.859175205230713,-1.51,73095.414,1.0,1.0,,0,30,0.3,225.0,11,37
1600,0.04053601250052452,-2.1228175163269043,-1.39,59701.23,1.0,1.0,,0,29,0.2,225.2,11,36
1601,0.04216518625617027,-2.4546403884887695,-1.31,57395.141,1.0,1.0,,0,30,0.2,217.6,11,35
1602,0.04834962263703346,-2.0137226581573486,-1.48,65650.688,1.0,1.0,,0,31,0.4,244.4,11,38
1603,0.05032031238079071,-3.4608216285705566,-1.71,67120.047,1.0,1.0,,0,31,0.5,240.7,11,36
1604,0.03732713311910629,-2.7811291217803955,-1.82,92926.328,1.0,1.0,,0,36,0.2,219.3,11,36
1605,0.04163594916462898,-2.789032459259033,-1.19,50949.91,1.0,1.0,,0,29,0.2,212.8,11,38
1606,0.058786552399396896,-2.6724038124084473,-0.93,40059.82,1.0,1.0,,0,28,0.5,249.7,11,39
1607,0.04659614711999893,-3.5548083782196045,-1.3,59568.531,1.0,1.0,,0,28,0.5,227.9,11,36
1608,0.05433729290962219,-3.1203458309173584,-1.79,75010.078,1.0,1.0,,0,32,0.3,235.1,11,36
1609,0.0345931239426136,-2.27197265625,-1.27,55119.93,1.0,1.0,,0,31,0.2,239.9,11,37
1610,0.047088976949453354,-2.6126914024353027,-1.17,55531.012,1.0,1.0,,0,30,0.3,225.0,11,35
1611,0.05740486457943916,-2.5222034454345703,-0.93,42607.289,1.0,1.0,,0,26,0.3,218.7,11,34
1612,0.05338209122419357,-2.035196304321289,-0.75,34507.422,1.0,1.0,,0,28,0.4,242.1,11,38
1613,0.056072186678647995,-2.6629137992858887,-0.91,39782.66,1.0,1.0,,0,28,0.3,209.9,11,36
1614,0.04100970923900604,-1.7851324081420898,-0.91,42306.156,1.0,1.0,,0,26,0.4,225.6,11,35
1615,0.052970774471759796,-2.714221954345703,-1.08,47202.473,1.0,1.0,,0,28,0.4,223.3,11,37
1616,0.0429719015955925,-3.045069694519043,-0.48,16837.637,1.0,1.0,,0,24,0.4,234.5,11,37
1617,0.039853278547525406,-2.4802184104919434,-0.97,46698.227,1.0,1.0,,0,25,0.3,229.3,11,37
1618,0.05103618651628494,-2.741058826446533,-0.92,42362.781,1.0,1.0,,0,23,0.2,203.3,11,34
1619,0.042380012571811676,-2.036571979522705,-0.93,43340.02,1.0,1.0,,0,22,0.3,214.2,11,36
1620,0.05570954456925392,-1.725492238998413,-0.51,23783.512,1.0,1.0,,6,24,0.3,237.3,11,38
1621,0.04620102792978287,-2.629969596862793,-0.78,33290.602,1.0,1.0,,0,27,0.0,219.4,11,36
1622,0.04013434052467346,-2.2036566734313965,-1.18,53494.582,1.0,1.0,,0,27,0.2,232.6,11,35
1623,0.04945586994290352,-2.807335376739502,-1.06,49864.375,1.0,1.0,,0,29,0.3,222.4,11,37
1624,0.0382336787879467,-2.36112904548645,-0.56,22552.443,1.0,1.0,,0,29,0.3,215.4,11,35
1625,0.04357747361063957,-2.054375648498535,-1.01,38680.539,1.0,1.0,,0,29,0.4,231.6,11,36
1626,0.03834230452775955,-1.8886586427688599,-0.94,39289.805,1.0,1.0,,0,26,0.2,223.5,11,35
1627,0.05358457565307617,-2.1956562995910645,-0.32,10890.496,1.0,1.0,,0,26,0.5,238.3,11,38
1628,0.05401933193206787,-3.0362277030944824,-0.71,36141.574,1.0,1.0,,0,28,0.3,209.3,11,35
1629,0.063765749335289,-2.251530408859253,-0.48,11864.865,1.0,1.0,,0,25,0.5,222.1,11,35
1630,0.02742471918463707,-2.142369270324707,-0.67,34834.762,1.0,1.0,,0,26,0.3,212.5,11,35
1631,0.03810496628284454,-2.5127146244049072,-0.69,28131.279,1.0,1.0,,0,26,0.4,241.7,11,37
1632,0.03302692621946335,-2.7285733222961426,-0.49,18893.252,1.0,1.0,,0,25,0.2,221.7,11,35
1633,0.03847526013851166,-2.278156280517578,-0.26,12600.852,1.0,1.0,,0,25,0.4,228.7,11,36
1634,0.037715524435043335,-2.716926097869873,-0.65,24201.125,1.0,1.0,,0,21,0.4,235.3,11,37
1635,0.04123225808143616,-2.5099825859069824,-0.28,6983.486,1.0,1.0,,6,24,0.3,241.0,11,37
1636,0.05009787902235985,-3.3134071826934814,-0.91,38895.387,1.0,1.0,,0,26,0.1,208.2,11,35
1637,0.04493407905101776,-1.9267287254333496,-0.84,40707.734,1.0,1.0,,0,28,0.2,223.8,11,35
1638,0.044056035578250885,-2.6295828819274902,-0.82,37033.957,1.0,1.0,,0,28,0.5,230.9,11,37
1639,0.03513322025537491,-3.0625247955322266,-1.01,53290.375,1.0,1.0,,0,30,0.2,226.9,11,36
1640,0.0583074688911438,-2.7557740211486816,-0.76,35555.422,1.0,1.0,,0,29,0.4,253.1,11,37
1641,0.042713463306427,-3.9206573963165283,-0.56,26217.541,1.0,1.0,,0,27,0.3,229.4,11,39
1642,0.04822610318660736,-3.250725507736206,-0.63,26500.062,1.0,1.0,,0,28,0.3,225.6,11,37
1643,0.05291333422064781,-2.4411914348602295,-0.74,35108.945,1.0,1.0,,0,28,0.1,220.3,11,35
1644,0.049199365079402924,-2.5460667610168457,-1.25,63037.027,1.0,1.0,,0,33,0.1,222.4,11,34
1645,0.058669786900281906,-1.9866334199905396,-0.71,32035.584,1.0,1.0,,0,30,0.3,229.3,11,37
1646,0.051797688007354736,-2.8257131576538086,-0.59,25584.443,1.0,1.0,,0,30,0.3,210.5,11,35
1647,0.05147354304790497,-1.9509416818618774,-0.55,26676.76,1.0,1.0,,0,28,0.3,225.5,11,35
1648,0.052186958491802216,-1.99139404296875,-1.46,63018.648,1.0,1.0,,0,34,0.2,211.3,11,34
1649,0.060092926025390625,-1.845590591430664,-0.69,28428.936,1.0,1.0,,0,32,0.2,210.7,11,36
1650,0.05541210249066353,-2.408904552459717,-0.8,35615.543,1.0,1.0,,0,26,0.2,209.9,11,34
1651,0.06373926997184753,-2.0568342208862305,-0.71,32058.381,1.0,1.0,,0,26,0.2,220.9,11,36
1652,0.04312095046043396,-2.362318515777588,-0.77,38069.137,1.0,1.0,,6,26,0.6,232.7,11,36
1653,0.049959760159254074,-3.0183815956115723,-1.02,46221.094,1.0,1.0,,0,28,0.3,240.9,11,38
1654,0.042527321726083755,-2.531742572784424,-0.86,37131.516,1.0,1.0,,0,28,0.1,202.4,11,33
1655,0.048571258783340454,-2.0134470462799072,-0.7,34767.219,1.0,1.0,,6,27,0.2,206.6,11,34
1656,0.05319231376051903,-1.3878750801086426,-0.94,33191.906,1.0,1.0,,0,27,0.5,229.0,11,37
1657,0.0445428267121315,-2.582685947418213,-0.55,21101.9,1.0,1.0,,0,25,0.2,233.7,11,37
1658,0.04542691633105278,-2.3406600952148438,-0.71,37125.93,1.0,1.0,,0,24,0.3,216.0,11,36
1659,0.04736064374446869,-2.5304784774780273,-0.83,42426.84,1.0,1.0,,0,26,0.3,204.9,11,33
1660,0.0468473806977272,-1.9678871631622314,-0.73,41288.477,1.0,1.0,,0,26,0.2,220.3,11,35
1661,0.06432271748781204,-2.415369987487793,-0.66,34436.934,1.0,1.0,,0,29,0.1,226.3,11,34
1662,0.0588221400976181,-2.4878628253936768,-0.97,40505.078,1.0,1.0,,0,26,0.5,227.1,11,37
1663,0.051919400691986084,-2.789020538330078,-0.8,35108.203,1.0,1.0,,0,26,0.2,221.7,11,37
1664,0.044259440153837204,-3.7641854286193848,-0.93,41353.133,1.0,1.0,,0,28,0.1,226.9,11,37
1665,0.04108000546693802,-2.5715901851654053,-0.81,36395.082,1.0,1.0,,0,25,0.2,221.0,11,36
1666,0.0415981151163578,-1.8526263236999512,-0.77,25996.334,1.0,1.0,,6,24,0.1,218.5,11,37
1667,0.02690930664539337,-1.5412302017211914,-0.68,28763.266,1.0,1.0,,0,24,0.3,219.5,11,35
1668,0.04100974649190903,-2.2424139976501465,-0.91,39281.719,1.0,1.0,,0,26,0.4,237.4,11,39
1669,0.0300062894821167,-3.947193145751953,-0.5,22909.805,1.0,1.0,,6,25,0.2,215.8,11,37
1670,0.056199848651885986,-2.4931139945983887,-0.73,36576.914,1.0,1.0,,0,26,0.3,238.4,11,38
1671,0.04917514696717262,-3.0683493614196777,-0.97,49752.16,1.0,1.0,,0,28,0.4,228.1,11,38
1672,0.04930560290813446,-3.3105993270874023,-0.67,28471.832,1.0,1.0,,6,25,0.5,241.0,11,40
1673,0.04153825342655182,-2.6322522163391113,-0.75,28876.264,1.0,1.0,,6,25,0.5,237.5,11,39
1674,0.04278002306818962,-2.852879285812378,-1.05,34506.348,1.0,1.0,,6,25,0.1,220.4,11,37
1675,0.03574849292635918,-2.411104202270508,-1.15,52949.234,1.0,1.0,,0,27,0.3,213.6,11,37
1676,0.0560835637152195,-2.6963255405426025,-1.1,49861.098,1.0,1.0,,0,25,0.3,213.0,11,36
1677,0.04030686616897583,-2.2623143196105957,-1.16,53525.578,1.0,1.0,,0,24,0.3,228.0,11,37
1678,0.04687383770942688,-2.6230289936065674,-1.27,59607.453,1.0,1.0,,6,22,0.1,218.1,11,36
1679,0.03895612061023712,-2.1207871437072754,-0.86,39403.309,1.0,1.0,,6,24,0.1,210.3,11,36
1680,0.0533357597887516,-1.858510136604309,-0.91,42633.617,1.0,1.0,,0,25,0.4,236.5,11,37
1681,0.04543307051062584,-2.9196279048919678,-1.01,43561.426,1.0,1.0,,0,24,0.2,227.7,11,36
1682,0.0397130623459816,-2.7672858238220215,-1.26,56971.102,1.0,1.0,,6,25,0.2,214.4,11,36
1683,0.04385896027088165,-2.1372039318084717,-1.07,48636.633,1.0,1.0,,0,26,0.5,238.7,11,36
1684,0.053228702396154404,-2.807288646697998,-1.01,48608.793,1.0,1.0,,6,28,0.3,217.9,11,37
1685,0.047779299318790436,-2.5100624561309814,-0.94,45056.027,1.0,1.0,,0,27,0.2,221.6,11,35
1686,0.0564306378364563,-2.4355735778808594,-0.88,44451.789,1.0,1.0,,0,27,0.3,237.8,11,37
1687,0.060598962008953094,-2.5617122650146484,-0.82,35982.016,1.0,1.0,,0,26,0.4,211.1,11,36
1688,0.05061937868595123,-1.9347891807556152,-1.5,72766.758,1.0,1.0,,0,31,0.2,233.8,11,37
1689,0.05038508400321007,-2.1907434463500977,-1.17,55663.281,1.0,1.0,,0,28,0.3,219.8,11,37
1690,0.038353919982910156,-2.540452480316162,-1.04,41846.562,1.0,1.0,,0,28,0.5,218.3,11,34
1691,0.04168039932847023,-2.430391788482666,-1.13,54421.406,1.0,1.0,,0,28,0.2,219.0,11,36
1692,0.06674696505069733,-2.433225631713867,-1.14,52582.984,1.0,1.0,,0,30,0.3,217.0,11,36
1693,0.0551052987575531,-2.4657063484191895,-0.94,44909.344,1.0,1.0,,6,25,0.3,215.2,11,36
1694,0.052773285657167435,-2.6290526390075684,-1.5,68663.484,1.0,1.0,,0,26,0.2,211.2,11,36
1695,0.029962558299303055,-2.2454471588134766,-1.01,48372.469,1.0,1.0,,6,27,0.3,254.4,11,40
1696,0.03890163451433182,-3.5300683975219727,-1.05,55897.082,1.0,1.0,,6,26,0.3,219.8,11,36
1697,0.04556786268949509,-2.189527750015259,-1.07,52944.004,1.0,1.0,,0,24,0.2,212.7,11,35
1698,0.06495916098356247,-2.11275577545166,-0.76,33185.598,1.0,1.0,,6,28,0.2,226.9,11,35
1699,0.041449397802352905,-2.4403886795043945,-0.98,42198.828,1.0,1.0,,6,27,0.2,232.6,11,36
1700,0.05507726967334747,-1.7579419612884521,-1.28,59445.57,1.0,1.0,,6,26,0.1,225.2,11,36
1701,0.04631821811199188,-2.7718145847320557,-0.68,29596.348,1.0,1.0,,6,28,0.2,228.6,11,39
1702,0.05290395766496658,-2.7857847213745117,-1.39,66424.156,1.0,1.0,,0,28,0.1,213.4,11,36
1703,0.05220358446240425,-2.2321739196777344,-1.31,54879.531,1.0,1.0,,0,29,0.2,220.5,11,36
1704,0.035384491086006165,-3.4865384101867676,-1.11,50891.523,1.0,1.0,,0,26,0.3,212.1,11,36
1705,0.0344967246055603,-1.8272147178649902,-1.0,44920.73,1.0,1.0,,0,27,0.2,231.1,11,38
1706,0.05330640822649002,-2.8698458671569824,-0.47,15228.845,1.0,1.0,,6,31,0.3,213.8,11,36
1707,0.047512710094451904,-2.290414810180664,-1.35,56390.98,1.0,1.0,,0,25,0.2,209.9,11,36
1708,0.04766736552119255,-1.7591423988342285,-1.17,50806.445,1.0,1.0,,0,25,0.2,228.2,11,37
1709,0.048209093511104584,-2.6116719245910645,-1.1,46418.656,1.0,1.0,,6,28,0.3,220.1,11,35
1710,0.045889317989349365,-2.1130709648132324,-0.77,36097.648,1.0,1.0,,6,29,0.2,226.2,11,38
1711,0.04252351447939873,-2.0117502212524414,-1.17,50966.266,1.0,1.0,,0,31,0.1,224.5,11,37
1712,0.051660314202308655,-2.68123197555542,-0.95,41016.953,1.0,1.0,,0,27,0.1,228.9,11,36
1713,0.0620790496468544,-2.5867621898651123,-0.97,49627.258,1.0,1.0,,6,26,0.3,239.9,11,40
1714,0.05094081163406372,-3.056997776031494,-1.09,57910.734,1.0,1.0,,0,25,0.2,219.0,11,35
1715,0.04658960551023483,-2.364992141723633,-1.04,44609.656,1.0,1.0,,6,23,0.6,242.8,11,37
1716,0.04394017904996872,-2.724839687347412,-1.39,60901.211,1.0,1.0,,0,22,0.3,226.3,11,39
1717,0.05771372467279434,-1.6492161750793457,-0.78,38878.242,1.0,1.0,,6,24,0.3,231.4,11,36
1718,0.04221188277006149,-2.6087846755981445,-0.96,45458.836,1.0,1.0,,0,25,0.4,227.0,11,36
1719,0.039769478142261505,-2.849632740020752,-1.05,51860.633,1.0,1.0,,0,24,0.3,227.9,11,39
1720,0.048004236072301865,-2.4748902320861816,-1.07,48246.883,1.0,1.0,,0,25,0.2,220.9,11,36
1721,0.03801131993532181,-2.1479616165161133,-1.15,59438.242,1.0,1.0,,0,25,0.3,234.1,11,38
1722,0.04463961720466614,-2.8759713172912598,-1.03,43126.137,1.0,1.0,,0,30,0.4,238.5,11,37
1723,0.04358727112412453,-3.8498620986938477,-1.08,50478.258,1.0,1.0,,0,28,0.2,222.2,11,36
1724,0.051975078880786896,-2.890810012817383,-0.53,27769.203,1.0,1.0,,6,27,0.5,238.8,11,38
1725,0.052495650947093964,-4.565214157104492,-0.83,33948.738,1.0,1.0,,0,24,0.4,225.4,11,37
1726,0.02734054997563362,-2.3848459720611572,-0.66,27761.912,1.0,1.0,,0,30,0.3,221.4,11,35
1727,0.058411791920661926,-2.7368199825286865,-0.89,46989.004,1.0,1.0,,0,29,0.1,225.0,11,39
1728,0.04290865361690521,-3.0844292640686035,-0.54,20873.477,1.0,1.0,,6,25,0.3,228.3,11,38
1729,0.05552263557910919,-2.767732620239258,-0.56,28224.617,1.0,1.0,,0,27,0.3,239.4,11,38
1730,0.039914458990097046,-2.921854019165039,-0.56,29809.287,1.0,1.0,,0,29,0.3,235.4,11,40
1731,0.03815501183271408,-3.2182703018188477,-0.91,42296.312,1.0,1.0,,0,31,0.3,224.1,11,37
1732,0.04184260964393616,-2.7914211750030518,-1.19,61087.434,1.0,1.0,,0,32,0.3,209.9,11,35
1733,0.06217966228723526,-2.314175605773926,-0.59,29916.975,1.0,1.0,,0,33,0.1,225.4,11,35
1734,0.05811944231390953,-3.2208080291748047,-0.98,42318.469,1.0,1.0,,0,34,0.2,229.2,11,38
1735,0.04616577923297882,-3.5940959453582764,-0.72,25998.91,1.0,1.0,,0,32,0.3,239.1,11,38
1736,0.05365518480539322,-2.4087440967559814,-0.45,21902.889,1.0,1.0,,0,35,0.2,207.0,11,35
1737,0.0576036237180233,-2.455960273742676,-0.83,36308.766,1.0,1.0,,0,34,0.2,229.0,11,37
1738,0.04415200278162956,-2.231350898742676,-0.9,36374.727,1.0,1.0,,0,33,0.4,238.6,11,37
1739,0.05605196952819824,-2.493767023086548,-1.15,56137.109,1.0,1.0,,0,34,0.4,232.0,11,36
1740,0.04546006768941879,-2.3112173080444336,-0.6,21478.422,1.0,1.0,,0,30,0.3,232.3,11,39
1741,0.04933512955904007,-2.671679973602295,-0.82,40092.66,1.0,1.0,,0,33,0.2,217.5,11,37
1742,0.06341230869293213,-2.539550542831421,-0.82,39028.359,1.0,1.0,,0,32,0.3,228.3,11,37
1743,0.03715261071920395,-3.0004374980926514,-0.9,42220.938,1.0,1.0,,0,27,0.2,213.3,11,36
1744,0.045183323323726654,-2.397103786468506,-0.69,33812.953,1.0,1.0,,0,31,0.2,215.0,11,37
1745,0.04097787290811539,-2.2394227981567383,-0.89,31443.973,1.0,1.0,,0,30,0.2,203.6,11,37
1746,0.05570386350154877,-2.652392625808716,-0.67,22275.76,1.0,1.0,,0,28,0.1,203.4,11,37
1747,0.05087297037243843,-2.06067156791687,-0.63,27583.49,1.0,1.0,,6,27,0.4,220.2,11,40
1748,0.034943562000989914,-2.455655813217163,-0.71,31530.455,1.0,1.0,,0,29,0.0,205.7,11,36
1749,0.05547752231359482,-1.6681588888168335,-1.26,59153.004,1.0,1.0,,0,29,0.4,223.1,11,38
1750,0.03502946346998215,-2.497692108154297,-0.84,38427.727,1.0,1.0,,0,30,0.2,225.6,11,37
1751,0.04174226522445679,-2.4379336833953857,-0.8,33738.379,1.0,1.0,,0,27,0.2,218.9,11,38
1752,0.04580973833799362,-1.9802974462509155,-0.96,44834.602,1.0,1.0,,0,31,0.3,224.5,11,37
1753,0.05362745374441147,-2.132465124130249,-1.08,41753.742,1.0,1.0,,0,35,0.4,230.0,11,39
1754,0.03401809558272362,-3.5560507774353027,-0.58,23012.818,1.0,1.0,,0,32,0.3,230.0,11,37
1755,0.05626331642270088,-2.3299427032470703,-1.41,68462.0,1.0,1.0,,0,35,0.1,231.5,11,38
1756,0.05260910838842392,-2.5273942947387695,-1.04,47582.832,1.0,1.0,,0,33,0.2,216.9,11,35
1757,0.059672340750694275,-2.1662445068359375,-0.66,36320.801,1.0,1.0,,0,32,0.1,211.8,11,36
1758,0.044829584658145905,-2.7589845657348633,-0.46,19266.041,1.0,1.0,,0,30,0.4,220.5,11,36
1759,0.05029726400971413,-2.9364359378814697,-0.45,14323.552,1.0,1.0,,0,31,0.3,233.1,11,38
1760,0.04842327535152435,-2.5927176475524902,-0.79,31869.002,1.0,1.0,,0,34,0.3,227.8,11,38
1761,0.05001617223024368,-3.035954236984253,-1.08,44362.727,1.0,1.0,,0,36,0.1,224.2,11,39
1762,0.049742210656404495,-2.624380588531494,-1.36,67767.633,1.0,1.0,,0,39,0.1,220.2,11,36
1763,0.06210602819919586,-2.890326499938965,-0.72,36699.0,1.0,1.0,,0,32,0.1,210.2,11,35
1764,0.06494232267141342,-2.121901512145996,-0.72,28233.762,1.0,1.0,,0,29,0.2,204.8,11,36
1765,0.032187968492507935,-2.069364070892334,-1.02,51770.066,1.0,1.0,,0,35,0.2,217.6,11,37
1766,0.06231999024748802,-2.7861032485961914,-1.12,50789.668,1.0,1.0,,0,35,0.4,240.3,11,38
1767,0.04184408858418465,-3.550082206726074,-0.8,33113.039,1.0,1.0,,0,34,0.2,213.8,11,35
1768,0.0495099276304245,-2.5824713706970215,-0.56,21597.182,1.0,1.0,,0,30,0.5,231.5,11,37
1769,0.04254080727696419,-3.204888343811035,-0.9,41134.062,1.0,1.0,,0,32,0.3,224.9,11,37
1770,0.04955241084098816,-2.1110153198242188,-0.98,50863.398,1.0,1.0,,0,31,0.4,222.2,11,36
1771,0.05819309875369072,-1.7646228075027466,-1.24,50817.395,1.0,1.0,,0,30,0.5,254.6,11,39
1772,0.03411862999200821,-3.8688573837280273,-0.56,23848.381,1.0,1.0,,0,27,0.3,233.6,11,39
1773,0.02870098501443863,-2.655092477798462,-0.67,33787.23,1.0,1.0,,0,31,0.2,206.7,11,35
1774,0.055357225239276886,-2.676379919052124,-0.79,31884.68,1.0,1.0,,0,30,0.3,219.9,11,36
1775,0.051080867648124695,-2.1555166244506836,-0.49,23128.016,1.0,1.0,,0,29,0.1,217.0,11,37
1776,0.05129522830247879,-1.9582411050796509,-0.92,36894.984,1.0,1.0,,0,29,0.2,225.6,11,38
1777,0.042860474437475204,-2.258462429046631,-1.31,59492.398,1.0,1.0,,0,34,0.3,226.0,11,37
1778,0.05373213440179825,-2.7716541290283203,-0.7,29537.891,1.0,1.0,,0,34,0.2,230.7,11,36
1779,0.056975480169057846,-2.7726263999938965,-0.8,32384.064,1.0,1.0,,0,29,0.4,225.4,11,38
1780,0.03025062009692192,-3.197587728500366,-0.83,34809.609,1.0,1.0,,0,33,0.5,240.9,11,38
1781,0.050591737031936646,-3.8158254623413086,-0.44,17130.199,1.0,1.0,,0,30,0.3,221.8,11,37
1782,0.04302976652979851,-2.53170108795166,-0.83,40749.008,1.0,1.0,,0,32,0.4,233.5,11,39
1783,0.05339079350233078,-2.5171871185302734,-0.83,44512.75,1.0,1.0,,0,33,0.2,215.7,11,35
1784,0.057826098054647446,-2.6447207927703857,-0.79,35389.914,1.0,1.0,,0,32,0.3,216.8,11,36
1785,0.0654909685254097,-3.7218029499053955,-1.09,52599.223,1.0,1.0,,0,33,0.3,226.8,11,37
1786,0.03913690149784088,-2.1021525859832764,-1.06,49536.789,1.0,1.0,,0,32,0.3,236.6,11,37
1787,0.03327048569917679,-3.2074813842773438,-0.44,17630.156,1.0,1.0,,0,31,0.4,218.8,11,36
1788,0.05954163521528244,-2.678262710571289,-0.43,22479.941,1.0,1.0,,0,30,0.4,239.2,11,38
1789,0.044771768152713776,-2.820141077041626,-0.35,16929.131,1.0,1.0,,0,31,0.4,235.9,11,39
1790,0.060914039611816406,-3.5582385063171387,-0.74,27819.055,1.0,1.0,,0,28,0.3,232.3,11,38
1791,0.04206215590238571,-1.8345990180969238,-1.29,60798.93,1.0,1.0,,0,33,0.4,225.3,11,36
1792,0.053901441395282745,-1.8707432746887207,-1.15,52167.312,1.0,1.0,,0,31,0.2,215.1,11,34
1793,0.05502799525856972,-1.8495361804962158,-0.74,33803.137,1.0,1.0,,0,29,0.4,224.9,11,37
1794,0.04109755530953407,-3.3635265827178955,-0.54,18440.244,1.0,1.0,,0,30,0.3,235.4,11,37
1795,0.055833809077739716,-2.8025591373443604,-0.72,35529.934,1.0,1.0,,0,34,0.2,218.1,11,37
1796,0.055831000208854675,-2.810455799102783,-1.19,55065.387,1.0,1.0,,0,33,0.5,239.2,11,39
1797,0.04906103014945984,-2.6987972259521484,-1.21,60316.008,1.0,1.0,,0,33,0.1,230.0,11,38
1798,0.06150931119918823,-3.04010009765625,-0.61,29637.764,1.0,1.0,,0,29,0.3,213.4,11,36
1799,0.04805690422654152,-2.131239891052246,-0.68,36029.609,1.0,1.0,,0,32,0.2,220.5,11,36
1800,0.052741941064596176,-2.882110118865967,-0.92,44928.68,1.0,1.0,,0,31,0.0,212.3,11,35
1801,0.034653134644031525,-1.741621494293213,-0.71,32931.137,1.0,1.0,,0,31,0.3,221.5,11,38
1802,0.03711499273777008,-2.2727420330047607,-0.56,21020.018,1.0,1.0,,0,35,0.2,216.0,11,36
1803,0.05239105597138405,-2.610236167907715,-0.78,35273.422,1.0,1.0,,0,33,0.3,223.3,11,38
1804,0.04262509569525719,-3.26202130317688,-0.28,7628.19,1.0,1.0,,0,33,0.1,204.9,11,36
1805,0.042127057909965515,-2.0239758491516113,-0.3,15282.183,1.0,1.0,,0,31,0.1,205.2,11,35
1806,0.040136903524398804,-1.711546540260315,-0.5,25441.975,1.0,1.0,,0,32,0.2,239.1,11,36
1807,0.05088597908616066,-2.883376121520996,-0.73,35080.555,1.0,1.0,,0,36,0.5,241.8,11,37
1808,0.03780210763216019,-3.9776177406311035,-0.42,18301.188,1.0,1.0,,0,31,0.3,245.4,11,38
1809,0.03967578336596489,-2.8270373344421387,-0.18,9452.665,1.0,1.0,,0,33,0.2,213.2,11,35
1810,0.05870199576020241,-1.9588212966918945,-0.8,35060.75,1.0,1.0,,0,33,0.4,240.0,11,37
1811,0.027140362188220024,-3.005669593811035,-0.47,23693.59,1.0,1.0,,0,28,0.3,220.8,11,35
1812,0.033137813210487366,-2.2701456546783447,-0.86,35118.625,1.0,1.0,,0,30,0.3,226.7,11,35
1813,0.036809928715229034,-3.0937390327453613,-0.64,24045.729,1.0,1.0,,0,31,0.3,220.8,11,35
1814,0.05668570473790169,-2.1234664916992188,-0.17,8834.693,1.0,1.0,,0,29,0.3,230.1,11,36
1815,0.04148014634847641,-2.471952438354492,-0.56,20943.744,1.0,1.0,,0,26,0.6,243.3,11,37
1816,0.03655370697379112,-2.6198055744171143,-0.48,26896.711,1.0,1.0,,0,29,0.3,227.0,11,37
1817,0.04751753807067871,-3.130763053894043,-0.54,21872.928,1.0,1.0,,0,32,0.1,215.3,11,33
1818,0.050510723143815994,-2.5559520721435547,-0.96,45577.426,1.0,1.0,,0,33,0.3,227.0,11,37
1819,0.06354456394910812,-2.2281665802001953,-0.4,12406.598,1.0,1.0,,0,28,0.4,230.3,11,38
1820,0.04910211265087128,-2.469454526901245,-1.01,46337.73,1.0,1.0,,0,33,0.3,231.4,11,37
1821,0.06756296753883362,-2.9091672897338867,-0.87,42748.152,1.0,1.0,,0,34,0.2,217.0,11,36
1822,0.06007145345211029,-2.617023468017578,-0.88,44688.5,1.0,1.0,,0,34,0.2,227.8,11,35
1823,0.0674232542514801,-2.1677768230438232,-0.83,29489.029,1.0,1.0,,0,29,0.4,227.7,11,37
1824,0.043998681008815765,-2.281604290008545,-0.93,46084.0,1.0,1.0,,0,30,0.3,229.6,11,37
1825,0.04916289448738098,-2.4701225757598877,-0.82,36073.73,1.0,1.0,,0,28,0.2,215.9,11,37
1826,0.053150154650211334,-1.9150922298431396,-0.64,23991.668,1.0,1.0,,0,33,0.4,235.8,11,38
1827,0.04152895510196686,-3.7959389686584473,-0.7,28896.143,1.0,1.0,,0,30,0.3,226.9,11,35
1828,0.0570494718849659,-1.8801378011703491,-0.78,35633.34,1.0,1.0,,0,34,0.2,221.4,11,36
1829,0.04872217774391174,-2.600020170211792,-0.71,29954.666,1.0,1.0,,0,28,0.3,229.5,11,37
1830,0.0421697199344635,-2.682279109954834,-0.98,46337.906,1.0,1.0,,0,34,0.3,218.5,11,34
1831,0.05578252673149109,-2.4875032901763916,-0.73,28807.908,1.0,1.0,,0,29,0.2,232.4,11,37
1832,0.05055266618728638,-1.7349119186401367,-0.92,43326.492,1.0,1.0,,0,34,0.2,225.6,11,38
1833,0.054897233843803406,-3.1382360458374023,-0.72,31384.699,1.0,1.0,,0,29,0.3,218.3,11,36
1834,0.039002664387226105,-1.7617900371551514,-0.78,30706.109,1.0,1.0,,0,27,0.4,236.9,11,38
1835,0.0365351103246212,-2.757139205932617,-0.76,33341.738,1.0,1.0,,0,29,0.3,215.6,11,35
1836,0.024628031998872757,-2.5012266635894775,-0.96,43154.055,1.0,1.0,,0,34,0.4,225.1,11,37
1837,0.04562429338693619,-2.546480417251587,-0.52,19663.811,1.0,1.0,,0,30,0.3,218.9,11,36
1838,0.03201171010732651,-3.1448512077331543,-0.6,31986.328,1.0,1.0,,0,29,0.1,233.9,11,36
1839,0.05973437801003456,-2.8957576751708984,-0.05,2308.165,1.0,1.0,,6,26,0.5,224.6,11,36
1840,0.025349890813231468,-3.2504045963287354,-0.9,36637.98,1.0,1.0,,0,31,0.3,222.1,11,38
1841,0.03309793025255203,-2.3866944313049316,-0.51,24447.775,1.0,1.0,,0,30,0.4,236.5,11,37
1842,0.05184144526720047,-2.376981258392334,-0.32,20541.24,1.0,1.0,,0,29,0.4,227.2,11,37
1843,0.04238080978393555,-3.209956645965576,-0.46,21774.414,1.0,1.0,,0,33,0.5,235.4,11,38
1844,0.04573987424373627,-2.9506795406341553,-0.0,-5088.883,1.0,1.0,,0,32,0.3,212.3,11,34
1845,0.06230086833238602,-1.757037878036499,-0.54,26589.727,1.0,1.0,,0,32,0.2,233.2,11,38
1846,0.04502321779727936,-2.7795960903167725,-0.38,19141.188,1.0,1.0,,0,29,0.3,224.7,11,36
1847,0.0566224530339241,-2.8088841438293457,-0.45,16749.488,1.0,1.0,,0,34,0.1,219.1,11,37
1848,0.04127347096800804,-2.3963077068328857,-0.51,29589.1,1.0,1.0,,0,30,0.3,223.3,11,35
1849,0.051442950963974,-1.9499485492706299,-0.28,10736.263,1.0,1.0,,0,33,0.2,223.5,11,38
1850,0.041042864322662354,-2.9342164993286133,-0.64,32135.98,1.0,1.0,,0,34,0.3,228.1,11,37
1851,0.03814152628183365,-2.4388418197631836,-0.43,18933.393,1.0,1.0,,0,32,0.4,243.9,11,38
1852,0.022099865600466728,-2.913099765777588,-0.16,6787.913,1.0,1.0,,0,32,0.3,222.9,11,36
1853,0.05587660148739815,-1.9918651580810547,-0.38,11483.165,1.0,1.0,,0,30,0.3,213.3,11,35
1854,0.04005644842982292,-2.7527060508728027,-0.67,38747.344,1.0,1.0,,0,32,0.3,242.3,11,38
1855,0.0718672126531601,-3.461348533630371,-0.32,19079.459,1.0,1.0,,0,28,0.5,238.8,11,37
1856,0.03917640820145607,-3.3437628746032715,-0.1,6712.207,1.0,1.0,,0,27,0.2,213.0,11,36
1857,0.028491534292697906,-1.9045741558074951,-0.25,11203.8,1.0,1.0,,0,28,0.3,206.7,11,35
1858,0.041507408022880554,-1.9727866649627686,-0.15,13190.271,1.0,1.0,,0,24,0.4,226.1,11,36
1859,0.05100618675351143,-2.671644687652588,-0.54,27124.807,1.0,1.0,,0,30,0.3,238.9,11,40
1860,0.03641970455646515,-3.055652141571045,-0.54,17693.32,1.0,1.0,,0,26,0.3,222.4,11,36
1861,0.040399134159088135,-2.235879421234131,-0.5,15065.754,1.0,1.0,,0,27,0.3,205.0,11,35
1862,0.04720686376094818,-1.344228744506836,-0.93,44072.289,1.0,1.0,,0,33,0.2,231.8,11,39
1863,0.038911886513233185,-2.8951492309570312,-0.37,9611.57,1.0,1.0,,0,27,0.4,233.6,11,39
1864,0.055330175906419754,-2.285336971282959,-0.65,24132.916,1.0,1.0,,0,30,0.1,223.8,11,36
1865,0.046471718698740005,-3.053347110748291,-0.32,12614.447,1.0,1.0,,0,27,0.4,233.1,11,36
1866,0.060319967567920685,-2.45713472366333,-0.46,15731.787,1.0,1.0,,0,28,0.4,234.3,11,36
1867,0.05232740938663483,-1.9504162073135376,-0.72,33273.098,1.0,1.0,,0,28,0.2,229.7,11,35
1868,0.05365464836359024,-2.76981782913208,-0.57,22559.199,1.0,1.0,,0,27,0.2,215.9,11,37
1869,0.05539924278855324,-2.024726629257202,-0.59,31936.092,1.0,1.0,,0,30,0.1,215.3,11,35
1870,0.06580869108438492,-2.6009268760681152,-0.46,21536.703,1.0,1.0,,0,29,0.2,199.4,11,34
1871,0.05660572648048401,-1.8747506141662598,-0.36,14554.997,1.0,1.0,,0,28,0.3,216.6,11,36
1872,0.05826553329825401,-2.6755404472351074,-0.84,39041.07,1.0,1.0,,0,27,0.3,227.6,11,37
1873,0.05644841492176056,-2.774132013320923,-0.42,18317.357,1.0,1.0,,0,31,0.0,199.3,11,33
1874,0.06577356159687042,-1.8571665287017822,-0.58,27923.488,1.0,1.0,,0,29,0.2,229.7,11,37
1875,0.0496845580637455,-2.4409384727478027,-0.66,32048.096,1.0,1.0,,0,31,0.2,231.7,11,38
1876,0.053200434893369675,-3.2326207160949707,-0.81,35909.656,1.0,1.0,,0,32,0.1,215.5,11,35
1877,0.052189018577337265,-2.389064073562622,-0.49,25561.43,1.0,1.0,,0,30,0.3,227.1,11,37
1878,0.05114983767271042,-3.541438102722168,-0.28,8937.293,1.0,1.0,,0,28,0.3,221.1,11,36
1879,0.044999271631240845,-2.1034584045410156,-0.76,30673.561,1.0,1.0,,0,31,0.4,243.4,11,39
1880,0.047212865203619,-2.9438717365264893,-0.72,36101.535,1.0,1.0,,0,34,0.3,217.2,11,36
1881,0.04782461002469063,-2.8844518661499023,-0.28,13551.325,1.0,1.0,,0,31,0.3,214.8,11,36
1882,0.057246364653110504,-2.8959922790527344,-0.72,35525.68,1.0,1.0,,0,30,0.3,212.4,11,37
1883,0.05054182559251785,-1.7977958917617798,-0.62,24090.26,1.0,1.0,,0,25,0.2,211.5,11,35
1884,0.048372142016887665,-1.6661386489868164,-0.74,26816.957,1.0,1.0,,0,30,0.3,234.9,11,37
1885,0.03168704733252525,-2.780979871749878,-0.48,22725.531,1.0,1.0,,0,27,0.4,216.5,11,36
1886,0.06486249715089798,-1.7303898334503174,-0.79,33154.52,1.0,1.0,,0,27,0.3,217.6,11,37
1887,0.04840227961540222,-1.640376091003418,-0.52,26107.535,1.0,1.0,,0,31,0.3,225.7,11,36
1888,0.057774946093559265,-2.051891803741455,-0.86,33776.289,1.0,1.0,,0,27,0.1,216.5,11,36
1889,0.041649483144283295,-1.7626953125,-1.2,60803.75,1.0,1.0,,0,34,0.3,219.9,11,36
1890,0.074227474629879,-2.439533233642578,-0.46,23196.656,1.0,1.0,,0,31,0.3,215.2,11,35
1891,0.05257248878479004,-3.2132883071899414,-0.71,31359.961,1.0,1.0,,0,30,0.3,236.5,11,38
1892,0.04987817630171776,-2.5281662940979004,-0.61,28072.701,1.0,1.0,,0,30,0.3,222.2,11,37
1893,0.05879732966423035,-2.258294105529785,-0.94,43686.297,1.0,1.0,,0,35,0.3,216.4,11,36
1894,0.042952850461006165,-2.4799575805664062,-0.88,39863.648,1.0,1.0,,0,37,0.1,208.0,11,35
1895,0.05881232023239136,-2.3393423557281494,-0.61,25688.076,1.0,1.0,,0,32,0.2,229.7,11,36
1896,0.041765838861465454,-2.8400566577911377,-1.09,43316.82,1.0,1.0,,0,37,0.3,223.7,11,37
1897,0.05633329972624779,-2.535278081893921,-0.98,43776.711,1.0,1.0,,0,36,0.3,250.5,11,40
1898,0.05175713822245598,-4.47772741317749,-0.56,23452.004,1.0,1.0,,0,30,0.3,221.5,11,36
1899,0.051075465977191925,-2.161557674407959,-1.11,50157.887,1.0,1.0,,0,35,0.3,215.1,11,37
1900,0.03713005781173706,-1.8465090990066528,-0.89,37025.156,1.0,1.0,,0,34,0.4,228.8,11,37
1901,0.045654017478227615,-2.158599853515625,-0.92,45586.953,1.0,1.0,,0,34,0.4,225.5,11,37
1902,0.03483565151691437,-2.8334226608276367,-0.94,46025.391,1.0,1.0,,0,40,0.1,217.1,11,36
1903,0.06959794461727142,-2.0916061401367188,-0.78,32127.219,1.0,1.0,,0,36,0.3,229.1,11,36
1904,0.03321125730872154,-3.109999895095825,-0.86,37168.09,1.0,1.0,,0,35,0.2,205.4,11,34
1905,0.047179605811834335,-1.567469835281372,-1.05,35266.922,1.0,1.0,,0,38,0.3,235.5,11,37
1906,0.03721369802951813,-2.135162353515625,-1.03,51155.816,1.0,1.0,,0,37,0.4,227.6,11,38
1907,0.045322053134441376,-3.335275173187256,-0.8,24840.811,1.0,1.0,,0,37,0.2,229.7,11,37
1908,0.05892122909426689,-2.739156484603882,-1.45,65223.328,1.0,1.0,,0,39,0.3,222.7,11,36
1909,0.05943869799375534,-2.2184314727783203,-1.11,53147.133,1.0,1.0,,0,39,0.2,215.5,11,35
1910,0.04117511212825775,-2.57204008102417,-0.83,35661.578,1.0,1.0,,0,35,0.4,214.4,11,34
1911,0.06417672336101532,-2.528750419616699,-1.15,47365.117,1.0,1.0,,0,33,0.2,220.7,11,36
1912,0.04946344345808029,-2.318070888519287,-1.24,59614.949,1.0,1.0,,0,35,0.3,225.8,11,36
1913,0.04490189254283905,-3.0901734828948975,-0.74,33085.891,1.0,1.0,,0,29,0.5,227.1,11,38
1914,0.0444626547396183,-1.6497828960418701,-1.38,70078.25,1.0,1.0,,0,35,0.2,214.4,11,36
1915,0.059360481798648834,-1.5580869913101196,-1.28,54962.969,1.0,1.0,,0,34,0.3,234.7,11,37
1916,0.04533536732196808,-2.7139813899993896,-1.2,44619.543,1.0,1.0,,0,33,0.4,243.5,11,38
1917,0.04923217371106148,-3.306356906890869,-0.85,33177.812,1.0,1.0,,0,34,0.2,214.6,11,36
1918,0.060111403465270996,-2.2081515789031982,-1.1,42123.859,1.0,1.0,,0,28,0.4,209.7,11,34
1919,0.0349031463265419,-1.8959606885910034,-0.89,38732.719,1.0,1.0,,0,32,0.3,241.1,11,37
1920,0.06368455290794373,-2.923050880432129,-1.06,50311.77,1.0,1.0,,0,32,0.2,214.5,11,35
1921,0.04900941625237465,-2.0486679077148438,-1.37,58454.68,1.0,1.0,,0,33,0.1,218.2,11,36
1922,0.027315106242895126,-2.3694705963134766,-0.88,34926.812,1.0,1.0,,0,34,0.4,239.4,11,38
1923,0.058409154415130615,-3.3252341747283936,-1.45,80224.672,1.0,1.0,,0,33,0.4,227.7,11,36
1924,0.0578356496989727,-2.7196359634399414,-1.22,57966.387,1.0,1.0,,0,33,0.3,226.6,11,36
1925,0.07017268240451813,-2.739797353744507,-1.09,47448.859,1.0,1.0,,0,31,0.2,213.7,11,34
1926,0.04623117670416832,-2.037031650543213,-1.38,66501.781,1.0,1.0,,0,33,0.2,229.9,11,37
1927,0.051263757050037384,-2.3040618896484375,-0.81,36210.508,1.0,1.0,,0,29,0.3,226.2,11,37
1928,0.055617284029722214,-2.565361738204956,-1.17,43189.078,1.0,1.0,,0,24,0.3,234.9,11,36
1929,0.03963847458362579,-2.632843255996704,-1.44,64511.098,1.0,1.0,,0,34,0.5,223.3,11,35
1930,0.049481816589832306,-1.7997041940689087,-0.85,38217.5,1.0,1.0,,0,30,0.2,232.0,11,36
1931,0.05264335870742798,-2.71955943107605,-1.45,71046.0,1.0,1.0,,0,34,0.2,218.7,11,34
1932,0.05503137409687042,-2.154738664627075,-1.2,52008.285,1.0,1.0,,0,34,0.3,220.2,11,36
1933,0.05014730617403984,-2.3970069885253906,-1.35,61994.867,1.0,1.0,,0,32,0.4,231.6,11,36
1934,0.044668614864349365,-2.54543399810791,-1.27,52271.969,1.0,1.0,,0,33,0.2,206.8,11,35
1935,0.058528169989585876,-1.9509280920028687,-1.2,56988.516,1.0,1.0,,0,32,0.3,222.8,11,36
1936,0.06728299707174301,-1.870876431465149,-1.13,50733.867,1.0,1.0,,0,32,0.3,242.4,11,38
1937,0.06018630787730217,-2.594339370727539,-0.88,36502.625,1.0,1.0,,0,31,0.3,229.0,11,36
1938,0.05825142562389374,-3.2594728469848633,-1.18,54454.895,1.0,1.0,,0,36,0.3,226.1,11,35
1939,0.0728735476732254,-2.416616201400757,-1.27,55397.98,1.0,1.0,,0,30,0.2,215.6,11,35
1940,0.058870214968919754,-2.3824591636657715,-1.25,59966.246,1.0,1.0,,0,33,0.2,209.6,11,34
1941,0.06062506139278412,-2.0032145977020264,-1.07,45458.605,1.0,1.0,,0,35,0.1,211.6,11,34
1942,0.058608394116163254,-2.1933627128601074,-1.36,60828.652,1.0,1.0,,0,32,0.4,236.2,11,38
1943,0.028879085555672646,-2.007516860961914,-0.83,43041.191,1.0,1.0,,0,39,0.2,226.4,11,37
1944,0.056977901607751846,-3.1751513481140137,-1.25,62393.402,1.0,1.0,,0,37,0.2,218.4,11,36
1945,0.055632077157497406,-2.4043569564819336,-0.64,25798.568,1.0,1.0,,0,28,0.4,223.7,11,36
1946,0.05852959677577019,-2.2250027656555176,-0.71,35690.707,1.0,1.0,,0,27,0.2,218.8,11,36
1947,0.04840230196714401,-2.251936912536621,-0.98,45931.445,1.0,1.0,,0,31,0.5,236.9,11,38
1948,0.058476727455854416,-3.266974925994873,-0.93,38752.164,1.0,1.0,,0,28,0.2,219.8,11,35
1949,0.06672433018684387,-2.2274508476257324,-0.77,36798.734,1.0,1.0,,0,27,0.3,224.0,11,35
1950,0.0526285395026207,-1.7274444103240967,-1.04,52391.57,1.0,1.0,,0,26,0.2,235.0,11,38
1951,0.04161330312490463,-2.373507022857666,-0.91,36154.504,1.0,1.0,,0,29,0.2,245.1,11,38
1952,0.055172428488731384,-2.6174204349517822,-0.85,39497.18,1.0,1.0,,0,31,0.1,218.0,11,36
1953,0.057543203234672546,-2.7801907062530518,-0.69,34774.551,1.0,1.0,,0,29,0.2,218.2,11,37
1954,0.04958667978644371,-1.8002541065216064,-0.98,48314.93,1.0,1.0,,0,31,0.3,215.1,11,34
1955,0.04392492026090622,-2.505725145339966,-0.74,28188.578,1.0,1.0,,0,28,0.4,229.5,11,35
1956,0.053842369467020035,-2.2062759399414062,-0.66,29963.521,1.0,1.0,,0,29,0.2,208.1,11,33
1957,0.04662447050213814,-2.563901424407959,-0.75,15614.689,1.0,1.0,,0,25,0.4,238.5,11,40
1958,0.038399890065193176,-2.3496901988983154,-0.87,43254.82,1.0,1.0,,0,33,0.1,206.7,11,35
1959,0.06624763458967209,-2.5805625915527344,-0.71,35220.883,1.0,1.0,,0,31,0.3,211.3,11,34
1960,0.058988310396671295,-2.076846122741699,-0.66,23678.953,1.0,1.0,,0,26,0.4,246.9,11,37
1961,0.04613890498876572,-3.005000591278076,-0.52,23022.721,1.0,1.0,,0,29,0.6,233.7,11,38
1962,0.04818114638328552,-3.1645171642303467,-0.55,24707.127,1.0,1.0,,0,32,0.1,222.0,11,36
1963,0.054853104054927826,-1.7795971632003784,-0.59,23256.719,1.0,1.0,,0,29,0.4,222.2,11,37
1964,0.04810236766934395,-2.343173027038574,-0.82,32142.738,1.0,1.0,,0,32,0.3,200.3,11,34
1965,0.05563740432262421,-1.7183232307434082,-0.54,26429.924,1.0,1.0,,0,33,0.2,220.5,11,34
1966,0.05553527548909187,-1.310320496559143,-0.7,34980.785,1.0,1.0,,0,35,0.1,208.2,11,35
1967,0.0766594335436821,-2.6254754066467285,-0.73,32948.102,1.0,1.0,,0,30,0.3,228.5,11,38
1968,0.056835778057575226,-2.6412243843078613,-0.62,23440.242,1.0,1.0,,0,32,0.5,239.1,11,38
1969,0.0521760955452919,-2.6651811599731445,-0.71,32076.285,1.0,1.0,,0,29,0.3,228.6,11,35
1970,0.05400507152080536,-2.1501622200012207,-0.84,31867.178,1.0,1.0,,0,31,0.2,217.0,11,36
1971,0.051396436989307404,-2.3243422508239746,-0.72,27245.695,1.0,1.0,,0,28,0.4,224.2,11,37
1972,0.03570295125246048,-2.692577600479126,-0.84,40947.836,1.0,1.0,,0,33,0.1,207.9,11,33
1973,0.07131397724151611,-2.4876532554626465,-0.88,40273.469,1.0,1.0,,0,27,0.3,227.5,11,37
1974,0.051432494074106216,-2.7348499298095703,-1.03,45068.398,1.0,1.0,,0,32,0.2,216.7,11,36
1975,0.0582880824804306,-2.009770393371582,-0.85,38902.656,1.0,1.0,,0,31,0.3,235.0,11,36
1976,0.04972764477133751,-3.4782605171203613,-1.06,47480.684,1.0,1.0,,0,31,0.3,224.2,11,35
1977,0.04828009754419327,-2.315568208694458,-1.35,58750.141,1.0,1.0,,0,32,0.2,218.8,11,35
1978,0.057279132306575775,-2.4092202186584473,-1.0,45511.445,1.0,1.0,,0,31,0.3,223.6,11,37
1979,0.0620478093624115,-2.1872715950012207,-0.74,28333.324,1.0,1.0,,0,26,0.4,230.7,11,36
1980,0.0455576553940773,-2.1663951873779297,-0.69,28950.521,1.0,1.0,,0,28,0.4,242.1,11,37
1981,0.04512365534901619,-2.5516200065612793,-0.88,36845.742,1.0,1.0,,0,33,0.1,214.2,11,34
1982,0.05378840118646622,-2.441215991973877,-0.82,38168.02,1.0,1.0,,0,34,0.5,234.7,11,38
1983,0.04436710476875305,-2.6744022369384766,-0.99,47647.012,1.0,1.0,,0,37,0.2,215.0,11,35
1984,0.048847734928131104,-2.787443161010742,-0.74,33096.445,1.0,1.0,,0,34,0.2,217.3,11,35
1985,0.061598509550094604,-2.6283228397369385,-1.15,55685.527,1.0,1.0,,0,37,0.2,217.5,11,36
1986,0.06162466108798981,-2.3017921447753906,-1.33,64780.184,1.0,1.0,,0,38,0.1,237.3,11,36
1987,0.05543030798435211,-2.9078240394592285,-1.1,46720.625,1.0,1.0,,0,32,0.3,236.9,11,38
1988,0.05113471299409866,-1.9901697635650635,-1.19,48599.789,1.0,1.0,,0,32,0.1,225.5,11,35
1989,0.054177701473236084,-2.4409122467041016,-1.07,50435.617,1.0,1.0,,0,33,0.2,217.1,11,35
1990,0.06616197526454926,-2.0330960750579834,-0.88,41231.91,1.0,1.0,,0,35,0.1,213.8,11,34
1991,0.052968792617321014,-2.622828483581543,-1.03,44138.164,1.0,1.0,,0,34,0.4,222.7,11,36
1992,0.04187282919883728,-2.4846906661987305,-0.84,41143.117,1.0,1.0,,0,33,0.2,205.0,11,34
1993,0.03280225396156311,-2.4591610431671143,-0.73,40126.398,1.0,1.0,,0,32,0.2,224.0,11,37
1994,0.05814201757311821,-2.908907413482666,-1.01,48244.277,1.0,1.0,,0,35,0.2,213.3,11,34
1995,0.03536728769540787,-2.7508015632629395,-0.69,23892.799,1.0,1.0,,0,31,0.2,211.9,11,34
1996,0.036022573709487915,-1.8522632122039795,-0.74,33200.594,1.0,1.0,,0,33,0.3,210.6,11,35
1997,0.059233229607343674,-1.5599956512451172,-0.83,34047.352,1.0,1.0,,0,35,0.2,218.0,11,36
1998,0.04656334966421127,-2.5970499515533447,-0.53,23646.344,1.0,1.0,,0,34,0.5,239.6,11,37
1999,0.05247277766466141,-3.339200735092163,-0.59,28331.271,1.0,1.0,,0,32,0.4,226.8,11,36
2000,0.04468889161944389,-2.348393440246582,-0.83,37389.078,1.0,1.0,,0,34,0.1,212.8,11,35
2001,0.04680914804339409,-2.1015818119049072,-0.87,35641.148,1.0,1.0,,0,34,0.2,230.8,11,38
2002,0.044794343411922455,-2.958082437515259,-0.65,24671.605,1.0,1.0,,0,29,0.3,229.6,11,37
2003,0.049965545535087585,-2.33896541595459,-0.83,36513.227,1.0,1.0,,0,33,0.2,238.5,11,38
2004,0.05956565961241722,-2.9828295707702637,-0.45,19351.703,1.0,1.0,,0,31,0.5,242.9,11,38
2005,0.05253129079937935,-2.7973737716674805,-0.92,45739.656,1.0,1.0,,0,31,0.3,231.6,11,38
2006,0.058921586722135544,-2.200890064239502,-0.96,39923.809,1.0,1.0,,0,34,0.3,222.2,11,35
2007,0.0722176805138588,-3.2815208435058594,-0.62,29912.021,1.0,1.0,,0,33,0.3,211.3,11,34
2008,0.05587649345397949,-2.3301315307617188,-0.49,22326.074,1.0,1.0,,0,32,0.4,226.8,11,34
2009,0.06661039590835571,-3.0775139331817627,-0.94,45395.012,1.0,1.0,,0,34,0.2,226.6,11,37
2010,0.0603770911693573,-2.524517774581909,-0.71,29967.473,1.0,1.0,,0,35,0.3,225.7,11,37
2011,0.06104140356183052,-3.1186726093292236,-0.87,44479.773,1.0,1.0,,0,32,0.4,222.4,11,36
2012,0.0691361352801323,-2.4874391555786133,-1.23,59124.637,1.0,1.0,,0,35,0.3,225.5,11,36
2013,0.05241258814930916,-2.376758575439453,-0.72,36209.141,1.0,1.0,,0,32,0.3,227.4,11,37
2014,0.06249973922967911,-2.191924571990967,-0.46,18670.324,1.0,1.0,,0,32,0.3,228.5,11,36
2015,0.06327081471681595,-3.1098155975341797,-0.71,38779.25,1.0,1.0,,0,32,0.2,220.7,11,36
2016,0.05982459709048271,-2.963238477706909,-0.77,40872.625,1.0,1.0,,0,29,0.0,216.1,11,36
2017,0.059882812201976776,-2.3980531692504883,-0.67,31957.383,1.0,1.0,,0,29,0.4,233.2,11,35
2018,0.0410500168800354,-2.77809739112854,-0.56,27267.473,1.0,1.0,,0,29,0.2,220.6,11,37
2019,0.050946496427059174,-1.7596932649612427,-0.71,33834.383,1.0,1.0,,0,29,0.2,226.8,11,35
2020,0.04626835882663727,-2.338101863861084,-0.71,29682.617,1.0,1.0,,0,30,0.5,225.5,11,36
2021,0.041420355439186096,-3.333056688308716,-0.71,33106.914,1.0,1.0,,0,31,0.2,224.6,11,37
2022,0.047978583723306656,-2.7079038619995117,-0.58,26760.232,1.0,1.0,,0,30,0.2,204.7,11,34
2023,0.05144595727324486,-1.8134342432022095,-0.67,39216.211,1.0,1.0,,0,29,0.2,238.4,11,38
2024,0.04070279747247696,-2.6763248443603516,-0.92,45341.863,1.0,1.0,,0,31,0.2,212.2,11,36
2025,0.04744093120098114,-2.0784671306610107,-0.76,38064.473,1.0,1.0,,0,31,0.5,235.0,11,36
2026,0.053485896438360214,-2.9814748764038086,-0.42,14464.238,1.0,1.0,,0,33,0.5,230.9,11,36
2027,0.05129469931125641,-2.7139809131622314,-0.71,27344.229,1.0,1.0,,0,32,0.2,235.9,11,36
2028,0.04680361598730087,-2.884068012237549,-0.58,30534.355,1.0,1.0,,0,32,0.4,232.4,11,37
2029,0.051774993538856506,-3.2040212154388428,-0.27,1373.657,1.0,1.0,,0,28,0.4,225.9,11,36
2030,0.0398518368601799,-1.7995632886886597,-0.78,39490.484,1.0,1.0,,0,32,0.2,222.8,11,37
2031,0.053465574979782104,-2.691077709197998,-0.73,25750.293,1.0,1.0,,0,31,0.5,245.7,11,37
2032,0.039997123181819916,-3.01004958152771,-0.26,11170.676,1.0,1.0,,0,34,0.3,246.6,11,37
2033,0.050205450505018234,-3.808023452758789,-0.43,17911.848,1.0,1.0,,0,37,0.3,221.9,11,36
2034,0.053702861070632935,-2.8528337478637695,-0.66,31647.484,1.0,1.0,,0,36,0.2,241.7,11,37
2035,0.06224188953638077,-2.582141876220703,-0.76,34050.18,1.0,1.0,,0,38,0.4,227.0,11,36
2036,0.05238943174481392,-2.4594531059265137,-0.33,13937.789,1.0,1.0,,0,38,0.1,223.1,11,34
2037,0.08227778226137161,-2.456301689147949,-0.59,25762.414,1.0,1.0,,0,36,0.3,210.8,11,33
2038,0.054228007793426514,-2.1573615074157715,-0.37,10954.354,1.0,1.0,,0,37,0.2,231.8,11,36
2039,0.04546376317739487,-2.409607410430908,-0.11,5365.766,1.0,1.0,,0,35,0.2,234.4,11,36
2040,0.0592881441116333,-3.236987590789795,-0.35,13218.664,1.0,1.0,,0,36,0.2,218.1,11,34
2041,0.05866958200931549,-2.3954575061798096,-0.54,33268.988,1.0,1.0,,0,37,0.2,221.0,11,36
2042,0.0633532851934433,-2.341254949569702,-0.06,5997.476,1.0,1.0,,0,33,0.4,232.7,11,36
2043,0.0454985648393631,-3.1973395347595215,-0.23,11845.34,1.0,1.0,,0,35,0.3,221.8,11,36
2044,0.05021421238780022,-2.707488536834717,-0.63,27041.094,1.0,1.0,,0,38,0.2,210.4,11,34
2045,0.06988698244094849,-2.1132547855377197,-0.19,6749.744,1.0,1.0,,0,33,0.4,226.6,11,36
2046,0.05902951955795288,-2.6380457878112793,-0.51,19491.357,1.0,1.0,,0,31,0.3,209.3,11,33
2047,0.03963758051395416,-2.4125280380249023,-0.13,7322.49,1.0,1.0,,0,31,0.4,234.2,11,37
2048,0.04729336127638817,-2.6600093841552734,-0.33,15550.855,1.0,1.0,,0,36,0.1,208.6,11,34
2049,0.06840486824512482,-1.4716651439666748,-0.25,10855.021,1.0,1.0,,0,33,0.2,214.6,11,36
2050,0.05762937664985657,-2.259876251220703,-0.55,31701.365,1.0,1.0,,0,34,0.3,244.2,11,37
2051,0.05799809470772743,-2.9591073989868164,-0.42,12414.496,1.0,1.0,,0,34,0.1,209.5,11,36
2052,0.046148769557476044,-2.2450032234191895,-0.39,10633.627,1.0,1.0,,0,36,0.2,223.8,11,34
2053,0.040471989661455154,-3.0212204456329346,-0.26,8913.471,1.0,1.0,,0,35,0.3,223.3,11,36
2054,0.039756424725055695,-1.8845629692077637,-0.5,21264.008,1.0,1.0,,0,38,0.4,222.1,11,36
2055,0.051293935626745224,-2.319535493850708,-0.35,12384.751,1.0,1.0,,0,35,0.3,220.1,11,34
2056,0.037014372646808624,-2.2662065029144287,-0.26,11077.495,1.0,1.0,,0,36,0.4,220.4,11,35
2057,0.06823115050792694,-2.4260635375976562,-0.54,21634.793,1.0,1.0,,0,37,0.1,218.4,11,34
2058,0.0696081891655922,-1.778304100036621,-0.44,24214.443,1.0,1.0,,0,34,0.4,233.2,11,36
2059,0.035528235137462616,-3.7199137210845947,-0.32,14569.694,1.0,1.0,,0,33,0.5,242.1,11,37
2060,0.060436297208070755,-3.263664960861206,-0.2,9751.13,1.0,1.0,,0,34,0.5,230.4,11,36
2061,0.040851958096027374,-3.704713821411133,-0.46,18927.705,1.0,1.0,,0,32,0.2,236.2,11,39
2062,0.04701727628707886,-3.0746312141418457,-0.74,30425.537,1.0,1.0,,0,33,0.3,223.3,11,36
2063,0.05508413910865784,-2.489152431488037,-0.12,-684.752,1.0,1.0,,0,32,0.4,234.7,11,36
2064,0.03654682636260986,-2.3855857849121094,-0.49,26408.854,1.0,1.0,,0,33,0.3,236.5,11,35
2065,0.04345715790987015,-3.488826274871826,-0.02,-710.65,1.0,1.0,,0,32,0.4,227.0,11,34
2066,0.048077475279569626,-2.4185268878936768,-0.31,7848.416,1.0,1.0,,0,31,0.3,226.3,11,34
2067,0.0517093650996685,-2.6796131134033203,-0.65,32742.814,1.0,1.0,,0,33,0.1,211.2,11,33
2068,0.068996861577034,-2.188504934310913,-0.68,32110.949,1.0,1.0,,0,35,0.3,229.9,11,36
2069,0.049809910356998444,-2.5069518089294434,-0.41,20498.047,1.0,1.0,,0,35,0.1,210.4,11,33
2070,0.06230856478214264,-1.5648185014724731,-0.47,24999.75,1.0,1.0,,0,34,0.4,242.0,11,35
2071,0.06504742801189423,-2.696192741394043,-0.39,14834.065,1.0,1.0,,0,33,0.2,214.5,11,34
2072,0.052569806575775146,-2.4870753288269043,-0.62,31128.666,1.0,1.0,,0,32,0.3,222.7,11,36
2073,0.05054676532745361,-2.7886500358581543,-0.07,-608.869,1.0,1.0,,0,31,0.4,226.1,11,36
2074,0.06556907296180725,-2.551431179046631,-0.43,17961.576,1.0,1.0,,0,31,0.4,226.2,11,36
2075,0.04422800987958908,-2.6040806770324707,-0.17,2290.529,1.0,1.0,,0,31,0.3,235.4,11,35
2076,0.04666391387581825,-3.6968510150909424,-0.59,25209.18,1.0,1.0,,0,30,0.2,221.1,11,36
2077,0.04111702740192413,-3.245872735977173,-0.41,9869.879,1.0,1.0,,0,34,0.7,246.5,11,37
2078,0.04646140709519386,-3.681313991546631,-0.26,10858.967,1.0,1.0,,0,33,0.1,216.9,11,34
2079,0.058403387665748596,-1.9519519805908203,-0.17,8138.155,1.0,1.0,,0,30,0.2,223.7,11,34
2080,0.031685907393693924,-2.813290596008301,-0.65,24520.115,1.0,1.0,,0,33,0.4,231.6,11,36
2081,0.04600047320127487,-2.2812352180480957,0.1,-8316.646,1.0,1.0,,0,29,0.3,221.5,11,35
2082,0.060002461075782776,-2.1680612564086914,-0.15,6683.817,1.0,1.0,,0,29,0.3,202.7,11,34
2083,0.045514874160289764,-3.265101432800293,-0.78,32200.35,1.0,1.0,,0,33,0.2,218.1,11,33
2084,0.04739336669445038,-2.798147439956665,-0.19,8005.829,1.0,1.0,,0,30,0.2,228.9,11,35
2085,0.050044648349285126,-2.9885449409484863,-0.05,96.24,1.0,1.0,,0,28,0.3,227.8,11,35
2086,0.04937025532126427,-2.278531551361084,-0.34,18791.064,1.0,1.0,,0,32,0.2,207.6,11,34
2087,0.04205531254410744,-2.3551506996154785,-0.65,29217.41,1.0,1.0,,0,29,0.3,229.2,11,34
2088,0.051132816821336746,-2.3840479850769043,-0.07,682.167,1.0,1.0,,0,29,0.3,225.2,11,36
2089,0.054718900471925735,-2.2044098377227783,-0.33,15379.266,1.0,1.0,,0,27,0.4,228.5,11,35
2090,0.05515963211655617,-3.04673171043396,-0.64,32722.266,1.0,1.0,,0,32,0.5,239.7,11,36
2091,0.04562033712863922,-2.368058204650879,-0.64,26835.24,1.0,1.0,,0,33,0.2,211.5,11,34
2092,0.04609961435198784,-2.1356325149536133,-0.45,23441.113,1.0,1.0,,0,32,0.3,227.5,11,34
2093,0.05512222647666931,-2.383044719696045,-0.87,38969.074,1.0,1.0,,0,31,0.4,218.9,11,34
2094,0.05423564463853836,-2.086925745010376,-0.57,15469.148,1.0,1.0,,0,35,0.1,219.8,11,35
2095,0.04956614598631859,-2.3427515029907227,-0.35,19996.971,1.0,1.0,,0,34,0.1,214.0,11,35
2096,0.05130902677774429,-2.3473291397094727,-0.4,20108.062,1.0,1.0,,0,36,0.2,202.7,11,34
2097,0.07559904456138611,-2.4487342834472656,-0.23,11221.951,1.0,1.0,,0,29,0.3,212.2,11,33
2098,0.02781839109957218,-1.6391431093215942,-0.46,18224.932,1.0,1.0,,0,34,0.2,209.1,11,34
2099,0.037141166627407074,-2.573580741882324,-0.44,13341.957,1.0,1.0,,0,31,0.2,225.1,11,35
2100,0.05616123229265213,-2.4210312366485596,-0.66,28511.629,1.0,1.0,,0,33,0.3,227.7,11,36
2101,0.04894094914197922,-2.7759623527526855,-0.66,31076.379,1.0,1.0,,0,32,0.2,202.3,11,34
2102,0.054638974368572235,-1.494093894958496,-0.83,36128.336,1.0,1.0,,0,31,0.2,218.3,11,35
2103,0.051494698971509933,-2.262031078338623,-0.83,34481.57,1.0,1.0,,0,28,0.3,219.2,11,35
2104,0.04326832294464111,-2.2012009620666504,-0.52,28148.824,1.0,1.0,,0,31,0.1,215.5,11,34
2105,0.07172051817178726,-1.9079192876815796,-0.43,18054.082,1.0,1.0,,0,31,0.2,204.3,11,34
2106,0.044210124760866165,-1.9594075679779053,-0.62,31581.545,1.0,1.0,,0,33,0.4,247.6,11,37
2107,0.059169888496398926,-3.228289842605591,-0.86,41824.254,1.0,1.0,,0,34,0.2,219.9,11,34
2108,0.05521255359053612,-2.3451356887817383,-0.91,31332.475,1.0,1.0,,0,30,0.2,219.9,11,35
2109,0.045742325484752655,-1.9354983568191528,-0.8,36833.816,1.0,1.0,,0,30,0.4,235.4,11,36
2110,0.04509325325489044,-2.2212777137756348,-0.83,43134.234,1.0,1.0,,0,34,0.3,215.7,11,34
2111,0.06579217314720154,-1.9540627002716064,-0.77,37441.574,1.0,1.0,,0,35,0.3,219.0,11,36
2112,0.06637544184923172,-2.8327245712280273,-0.45,21374.785,1.0,1.0,,0,33,0.1,221.1,11,35
2113,0.04500791057944298,-2.7287380695343018,-0.77,35482.953,1.0,1.0,,0,28,0.4,233.0,11,36
2114,0.04443945735692978,-2.304563045501709,-0.97,48140.953,1.0,1.0,,0,37,0.1,227.4,11,34
2115,0.05793658643960953,-2.5493245124816895,-0.89,45970.879,1.0,1.0,,0,34,0.1,207.8,11,32
2116,0.06487084180116653,-2.008845329284668,-0.66,24235.168,1.0,1.0,,0,35,0.4,223.0,11,32
2117,0.058806680142879486,-2.6893343925476074,-0.76,24543.16,1.0,1.0,,0,31,0.3,227.6,11,35
2118,0.04037582501769066,-1.9720160961151123,-0.59,21227.246,1.0,1.0,,0,33,0.2,226.4,11,36
2119,0.04357198625802994,-2.4525389671325684,-0.61,26731.521,1.0,1.0,,0,32,0.4,229.0,11,35
2120,0.04061406850814819,-2.286595344543457,-0.72,28486.156,1.0,1.0,,0,33,0.3,226.7,11,35
2121,0.0655415952205658,-2.4597229957580566,-0.61,27415.104,1.0,1.0,,0,32,0.1,215.0,11,33
2122,0.04152125120162964,-1.9882586002349854,-0.52,17095.809,1.0,1.0,,0,32,0.4,221.7,11,35
2123,0.055384308099746704,-2.8745551109313965,-0.87,41355.98,1.0,1.0,,0,33,0.5,238.4,11,36
2124,0.03445754572749138,-2.3174564838409424,-0.48,17642.822,1.0,1.0,,0,32,0.2,234.6,11,37
2125,0.04841761291027069,-2.858940601348877,-0.62,25186.035,1.0,1.0,,0,30,0.2,228.0,11,35
2126,0.04041453078389168,-3.25719952583313,-0.66,30483.93,1.0,1.0,,0,33,0.3,225.6,11,36
2127,0.04576624929904938,-3.2129101753234863,-0.51,23451.594,1.0,1.0,,0,32,0.1,214.0,11,34
2128,0.054129112511873245,-2.3249611854553223,-0.66,37838.492,1.0,1.0,,0,34,0.3,230.3,11,35
2129,0.07238706201314926,-2.6214547157287598,-0.88,48138.141,1.0,1.0,,0,35,0.4,253.5,11,36
2130,0.04911106824874878,-2.5931997299194336,-0.94,38132.633,1.0,1.0,,0,30,0.3,244.7,11,36
2131,0.06264865398406982,-3.105672836303711,-0.55,26755.402,1.0,1.0,,0,30,0.2,214.0,11,34
2132,0.05703716725111008,-1.7543176412582397,-0.28,15403.362,1.0,1.0,,0,28,0.3,219.1,11,34
2133,0.03409435600042343,-1.7684797048568726,-0.89,46430.055,1.0,1.0,,0,34,0.1,211.1,11,34
2134,0.0576024204492569,-2.303215265274048,-0.66,28088.467,1.0,1.0,,0,29,0.4,247.5,11,38
2135,0.04213687777519226,-2.3992648124694824,-0.66,26525.943,1.0,1.0,,0,34,0.3,226.1,11,36
2136,0.03527902439236641,-2.3289642333984375,-0.73,40801.391,1.0,1.0,,0,31,0.2,225.2,11,34
2137,0.05717087164521217,-2.734509229660034,-0.93,42521.691,1.0,1.0,,0,32,0.2,213.1,11,34
2138,0.044509001076221466,-2.048520565032959,-1.2,55389.828,1.0,1.0,,0,33,0.1,224.2,11,35
2139,0.05110720545053482,-1.9320738315582275,-0.88,35616.957,1.0,1.0,,0,33,0.5,239.5,11,35
2140,0.038310371339321136,-2.9367780685424805,-0.47,15478.362,1.0,1.0,,0,31,0.2,229.3,11,37
2141,0.06894542276859283,-2.2320735454559326,-1.11,53968.375,1.0,1.0,,0,33,0.4,226.2,11,34
2142,0.05339296907186508,-1.9305617809295654,-0.37,11552.98,1.0,1.0,,0,30,0.1,213.8,11,35
2143,0.03934384882450104,-1.4631719589233398,-0.67,31169.168,1.0,1.0,,0,30,0.4,227.6,11,35
2144,0.03921908512711525,-2.651987075805664,-0.62,24440.334,1.0,1.0,,0,31,0.5,234.2,11,37
2145,0.05462058633565903,-2.8057522773742676,-0.7,34058.141,1.0,1.0,,0,31,0.3,228.9,11,37
2146,0.04908198118209839,-1.9561687707901,-0.7,27689.418,1.0,1.0,,0,34,0.1,219.9,11,35
2147,0.04754307121038437,-1.7227349281311035,-0.65,30552.996,1.0,1.0,,0,33,0.1,219.6,11,34
2148,0.05200139433145523,-2.0469460487365723,-0.93,38618.047,1.0,1.0,,0,27,0.5,221.8,11,35
2149,0.03140619769692421,-2.5497663021087646,-0.75,27408.391,1.0,1.0,,0,30,0.1,220.5,11,35
2150,0.05011291801929474,-2.7893147468566895,-1.03,41719.062,1.0,1.0,,0,32,0.3,218.7,11,36
2151,0.05757159739732742,-1.887399673461914,-1.0,51889.488,1.0,1.0,,0,36,0.1,201.2,11,32
2152,0.08250780403614044,-1.2744241952896118,-0.73,24578.953,1.0,1.0,,0,30,0.1,221.0,11,35
2153,0.04806426167488098,-1.9282854795455933,-0.37,15818.65,1.0,1.0,,0,28,0.3,224.7,11,36
2154,0.06526512652635574,-2.0912652015686035,-0.23,9830.342,1.0,1.0,,0,30,0.5,234.2,11,36
2155,0.036661840975284576,-2.538701295852661,-0.73,34395.461,1.0,1.0,,0,36,0.4,231.9,11,36
2156,0.05603295937180519,-2.9346814155578613,-0.86,45396.164,1.0,1.0,,0,34,0.5,242.6,11,37
2157,0.04443264752626419,-2.686403751373291,-0.87,37796.172,1.0,1.0,,0,35,0.1,200.1,11,32
2158,0.046586774289608,-1.8935390710830688,-0.28,14834.129,1.0,1.0,,0,34,0.3,218.5,11,35
2159,0.06686276942491531,-2.478793144226074,-1.03,51913.43,1.0,1.0,,0,36,0.2,206.7,11,32
2160,0.05132584273815155,-2.2107105255126953,-0.56,35078.672,1.0,1.0,,0,29,0.2,231.4,11,37
2161,0.04601453244686127,-2.0908987522125244,-1.01,41753.117,1.0,1.0,,0,35,0.2,207.8,11,33
2162,0.05350657179951668,-2.2846882343292236,-0.72,29671.824,1.0,1.0,,0,37,0.1,217.6,11,36
2163,0.05143628269433975,-2.288543701171875,-0.89,36343.41,1.0,1.0,,0,31,0.5,232.9,11,36
2164,0.03476370871067047,-2.393361806869507,-0.6,34131.613,1.0,1.0,,0,35,0.3,230.3,11,35
2165,0.06509258598089218,-2.2710299491882324,-1.02,44856.848,1.0,1.0,,0,34,0.4,228.5,11,34
2166,0.04361385107040405,-2.8065309524536133,-1.15,51249.863,1.0,1.0,,0,34,0.2,207.4,11,34
2167,0.03845062851905823,-2.375749111175537,-0.8,40314.25,1.0,1.0,,0,31,0.3,232.2,11,36
2168,0.04831705242395401,-2.051668405532837,-0.54,24015.547,1.0,1.0,,0,29,0.1,220.0,11,33
2169,0.057997964322566986,-1.901381015777588,-0.76,38271.305,1.0,1.0,,0,31,0.3,216.1,11,34
2170,0.05570271238684654,-1.781520962715149,-0.59,29516.379,1.0,1.0,,0,32,0.1,225.3,11,38
2171,0.05715002864599228,-2.94819974899292,-0.43,21479.137,1.0,1.0,,0,29,0.2,214.1,11,34
2172,0.0483773797750473,-2.0529415607452393,-0.71,33143.172,1.0,1.0,,0,32,0.3,222.1,11,34
2173,0.03298261761665344,-2.4006402492523193,-0.98,47896.531,1.0,1.0,,0,33,0.3,233.7,11,36
2174,0.06858304142951965,-2.6998043060302734,-1.07,56656.094,1.0,1.0,,0,38,0.0,212.9,11,35
2175,0.06754167377948761,-2.7909646034240723,-0.94,42216.773,1.0,1.0,,0,35,0.4,233.0,11,36
2176,0.0462825745344162,-3.8526298999786377,-0.67,25251.809,1.0,1.0,,0,33,0.3,228.8,11,35
2177,0.04939102381467819,-1.9808063507080078,-1.08,53112.82,1.0,1.0,,0,35,0.4,219.3,11,34
2178,0.06141750514507294,-2.002573013305664,-1.13,52773.465,1.0,1.0,,0,34,0.4,223.0,11,34
2179,0.06109525263309479,-2.826690196990967,-0.74,34679.629,1.0,1.0,,0,32,0.1,219.4,11,33
2180,0.05804160237312317,-2.1189253330230713,-0.67,34841.258,1.0,1.0,,0,31,0.1,210.6,11,35
2181,0.06411517411470413,-2.528001546859741,-0.69,30148.424,1.0,1.0,,0,32,0.3,228.2,11,35
2182,0.04509289562702179,-2.1873350143432617,-0.6,28560.168,1.0,1.0,,0,31,0.2,205.8,11,32
2183,0.04762328416109085,-1.8731030225753784,-0.87,38554.445,1.0,1.0,,0,36,0.3,229.5,11,35
2184,0.06372730433940887,-2.6347975730895996,-0.59,26455.445,1.0,1.0,,0,30,0.2,237.3,11,36
2185,0.06368723511695862,-2.089416027069092,-0.69,33773.172,1.0,1.0,,0,33,0.4,229.0,11,36
2186,0.042570117861032486,-2.8854055404663086,-0.72,32667.508,1.0,1.0,,0,31,0.2,226.9,11,35
2187,0.044619008898735046,-2.979275941848755,-0.6,23155.664,1.0,1.0,,0,31,0.3,235.4,11,36
2188,0.046467121690511703,-3.3608357906341553,-0.43,19309.492,1.0,1.0,,0,30,0.1,212.0,11,35
2189,0.062461212277412415,-2.2335379123687744,-0.43,18628.578,1.0,1.0,,0,32,0.4,230.2,11,36
2190,0.06085089594125748,-4.295351982116699,-0.63,30890.84,1.0,1.0,,0,31,0.2,242.8,11,37
2191,0.05846672132611275,-2.2871384620666504,-0.7,33789.492,1.0,1.0,,0,30,0.5,234.7,11,36
2192,0.045131783932447433,-3.391009569168091,-0.6,20208.598,1.0,1.0,,0,31,0.4,222.8,11,35
2193,0.03547719493508339,-3.016153573989868,-1.2,56540.25,1.0,1.0,,0,34,0.4,229.3,11,36
2194,0.04571797698736191,-2.9229736328125,-0.08,2240.021,1.0,1.0,,0,26,0.4,237.8,11,37
2195,0.05446676164865494,-2.7806358337402344,-0.57,25703.096,1.0,1.0,,0,30,0.2,230.5,11,35
2196,0.06544168293476105,-2.3098948001861572,-0.63,34152.32,1.0,1.0,,0,31,0.1,229.7,11,36
2197,0.05327896773815155,-2.776705741882324,-0.7,38687.484,1.0,1.0,,0,32,0.4,224.3,11,35
2198,0.05162368342280388,-2.337629795074463,-0.77,41823.645,1.0,1.0,,0,33,0.4,224.1,11,35
2199,0.05045977979898453,-3.165926933288574,-0.75,38869.992,1.0,1.0,,0,32,0.5,229.1,11,35
2200,0.048816386610269547,-3.681978225708008,-0.27,14400.243,1.0,1.0,,0,27,0.6,247.5,11,37
2201,0.04009479656815529,-2.9206442832946777,-0.41,15920.041,1.0,1.0,,0,29,0.3,226.2,11,35
2202,0.0607021301984787,-2.1367781162261963,-0.65,32376.062,1.0,1.0,,0,28,0.4,232.7,11,35
2203,0.062083013355731964,-2.244739294052124,-0.69,32254.75,1.0,1.0,,0,30,0.1,211.1,11,34
2204,0.05677264556288719,-2.5434417724609375,-0.67,32971.867,1.0,1.0,,0,29,0.3,227.0,11,34
2205,0.05759222432971001,-3.2023909091949463,-1.07,47308.355,1.0,1.0,,0,31,0.2,222.2,11,35
2206,0.043242424726486206,-2.576554298400879,-0.74,33364.984,1.0,1.0,,0,30,0.4,237.6,11,36
2207,0.034815236926078796,-3.2527620792388916,-1.13,56350.348,1.0,1.0,,0,33,0.3,225.1,11,36
2208,0.06154660880565643,-2.4106342792510986,-0.97,42241.016,1.0,1.0,,0,30,0.3,237.7,11,37
2209,0.048701606690883636,-2.7325549125671387,-0.79,41863.711,1.0,1.0,,0,31,0.4,234.0,11,37
2210,0.04652387648820877,-3.5593690872192383,-0.83,40741.457,1.0,1.0,,0,29,0.2,234.5,11,35
2211,0.058996498584747314,-2.3564958572387695,-0.43,17916.207,1.0,1.0,,0,28,0.3,221.7,11,34
2212,0.04824896156787872,-2.2073450088500977,-0.76,36237.754,1.0,1.0,,0,30,0.2,202.3,11,33
2213,0.06862162053585052,-1.4694743156433105,-1.07,51408.281,1.0,1.0,,0,32,0.5,240.2,11,38
2214,0.04737624526023865,-2.482126474380493,-0.62,26373.395,1.0,1.0,,0,26,0.2,224.1,11,36
2215,0.03703741729259491,-2.0829901695251465,-0.72,29171.23,1.0,1.0,,0,30,0.3,236.0,11,34
2216,0.06438605487346649,-2.1695637702941895,-1.19,57994.512,1.0,1.0,,0,32,0.3,230.8,11,35
2217,0.06323306262493134,-3.8580291271209717,-0.8,38389.258,1.0,1.0,,0,33,0.3,221.9,11,35
2218,0.04816187173128128,-2.922881841659546,-0.88,34732.906,1.0,1.0,,0,29,0.2,227.2,11,36
2219,0.05351632088422775,-2.326125383377075,-1.09,48312.633,1.0,1.0,,0,35,0.2,227.2,11,34
2220,0.06364434957504272,-3.376237154006958,-0.79,37067.773,1.0,1.0,,0,34,0.2,213.4,11,32
2221,0.0531432181596756,-1.9118058681488037,-0.83,34422.297,1.0,1.0,,0,32,0.1,235.6,11,36
2222,0.06564412266016006,-3.2175939083099365,-0.92,44094.516,1.0,1.0,,0,32,0.2,210.1,11,34
2223,0.052189990878105164,-2.6082756519317627,-1.03,43927.219,1.0,1.0,,0,32,0.0,198.9,11,34
2224,0.04536714404821396,-1.4411582946777344,-0.98,47033.656,1.0,1.0,,0,32,0.2,209.8,11,34
2225,0.061856698244810104,-2.752307653427124,-0.45,18587.023,1.0,1.0,,0,29,0.2,226.7,11,36
2226,0.05427555739879608,-2.824559211730957,-0.94,40122.215,1.0,1.0,,0,35,0.2,219.1,11,35
2227,0.04732576012611389,-1.9111552238464355,-1.11,56375.355,1.0,1.0,,0,33,0.2,220.3,11,35
2228,0.06971625983715057,-2.117331027984619,-0.79,38317.828,1.0,1.0,,0,31,0.3,227.6,11,34
2229,0.04048587381839752,-2.6465225219726562,-1.04,44017.172,1.0,1.0,,0,32,0.1,219.9,11,34
2230,0.048246510326862335,-1.3951947689056396,-1.16,59491.18,1.0,1.0,,0,34,0.3,222.1,11,34
2231,0.05138247460126877,-2.800363063812256,-0.44,16485.068,1.0,1.0,,0,33,0.3,228.7,11,35
2232,0.057847484946250916,-2.7416439056396484,-0.84,38345.855,1.0,1.0,,0,32,0.2,222.4,11,34
2233,0.04581380635499954,-2.434542179107666,-0.63,26522.273,1.0,1.0,,0,31,0.3,222.0,11,35
2234,0.04554218426346779,-2.391350269317627,-0.93,41158.062,1.0,1.0,,0,31,0.3,217.8,11,34
2235,0.03892342373728752,-2.973517894744873,-0.98,51001.098,1.0,1.0,,0,34,0.3,212.8,11,31
2236,0.05222807079553604,-2.385225534439087,-0.85,43703.516,1.0,1.0,,0,32,0.1,222.6,11,35
2237,0.05412202328443527,-2.9834563732147217,-0.5,24289.662,1.0,1.0,,0,33,0.2,229.7,11,34
2238,0.052235595881938934,-2.04374623298645,-0.82,39280.746,1.0,1.0,,0,33,0.2,204.1,11,33
2239,0.06553415209054947,-1.5800697803497314,-0.87,40276.254,1.0,1.0,,0,32,0.1,207.6,11,32
2240,0.03593754023313522,-2.012448310852051,-0.69,33487.23,1.0,1.0,,0,31,0.2,219.7,11,34
2241,0.07320772111415863,-2.1220543384552,-0.93,47376.594,1.0,1.0,,0,35,0.4,223.6,11,34
2242,0.047477152198553085,-3.080970287322998,-0.9,45461.414,1.0,1.0,,0,33,0.3,236.4,11,36
2243,0.059544727206230164,-2.290560722351074,-0.53,25380.482,1.0,1.0,,0,30,0.2,223.4,11,35
2244,0.05816248804330826,-2.319593906402588,-0.82,37988.469,1.0,1.0,,0,34,0.5,247.8,11,38
2245,0.02917829528450966,-3.1491265296936035,-0.93,48195.016,1.0,1.0,,0,35,0.2,221.2,11,34
2246,0.056699253618717194,-2.4858760833740234,-1.34,65910.031,1.0,1.0,,0,37,0.2,210.3,11,33
2247,0.0746716782450676,-2.053737163543701,-1.08,55044.699,1.0,1.0,,0,39,0.1,211.1,11,33
2248,0.06144988164305687,-2.198504686355591,-1.21,57576.602,1.0,1.0,,0,35,0.4,233.9,11,36
2249,0.050987958908081055,-2.08975887298584,-0.54,25300.555,1.0,1.0,,0,32,0.4,220.1,11,35
2250,0.05793897062540054,-2.801797389984131,-0.8,37884.844,1.0,1.0,,0,34,0.4,230.7,11,34
2251,0.06364424526691437,-2.8679022789001465,-1.28,51843.609,1.0,1.0,,0,37,0.3,221.1,11,35
2252,0.04873674362897873,-2.3765969276428223,-1.03,48059.102,1.0,1.0,,0,37,0.3,235.2,11,35
2253,0.042027898132801056,-2.7718138694763184,-0.8,42529.695,1.0,1.0,,0,33,0.3,228.0,11,35
2254,0.0717930868268013,-2.5068607330322266,-0.95,43230.898,1.0,1.0,,0,35,0.3,237.0,11,35
2255,0.04913084954023361,-2.6178464889526367,-0.85,47682.27,1.0,1.0,,0,34,0.3,214.0,11,33
2256,0.05554930120706558,-2.460214138031006,-0.68,34480.125,1.0,1.0,,0,34,0.2,211.9,11,34
2257,0.06973542273044586,-2.6886656284332275,-1.02,50540.527,1.0,1.0,,0,33,0.2,244.6,11,38
2258,0.04589329659938812,-2.8567192554473877,-1.16,57218.664,1.0,1.0,,0,33,0.3,212.6,11,34
2259,0.04169308394193649,-1.4118988513946533,-0.6,31725.566,1.0,1.0,,0,34,0.4,227.5,11,34
2260,0.05614125728607178,-2.918123245239258,-0.73,34698.848,1.0,1.0,,0,32,0.1,219.3,11,34
2261,0.04732319340109825,-2.2061948776245117,-0.78,37097.242,1.0,1.0,,0,31,0.5,236.2,11,37
2262,0.05135410279035568,-3.8137593269348145,-1.53,73604.945,1.0,1.0,,0,36,0.3,228.6,11,35
2263,0.04366016387939453,-2.257871627807617,-0.78,37987.07,1.0,1.0,,0,31,0.2,211.0,11,35
2264,0.05826180800795555,-2.4632363319396973,-0.94,46738.047,1.0,1.0,,0,36,0.2,218.6,11,35
2265,0.06183638051152229,-2.9977521896362305,-0.67,27512.152,1.0,1.0,,0,33,0.4,231.8,11,34
2266,0.049790021032094955,-2.610661506652832,-0.56,29153.576,1.0,1.0,,0,29,0.4,229.2,11,36
2267,0.0624556764960289,-2.8683762550354004,-0.67,41501.625,1.0,1.0,,0,32,0.3,199.5,11,33
2268,0.05953116714954376,-2.0624780654907227,-0.86,39024.785,1.0,1.0,,0,32,0.1,223.9,11,36
2269,0.037797316908836365,-2.144695281982422,-1.1,46729.816,1.0,1.0,,0,32,0.2,221.0,11,35
2270,0.05501854419708252,-2.425980567932129,-0.89,44767.273,1.0,1.0,,0,33,0.3,236.9,11,38
2271,0.04378661513328552,-3.2257959842681885,-0.89,42370.668,1.0,1.0,,0,32,0.1,227.5,11,36
2272,0.04725033789873123,-2.420757293701172,-1.21,53729.855,1.0,1.0,,0,30,0.3,223.7,11,36
2273,0.03302370011806488,-2.3953700065612793,-0.92,42673.188,1.0,1.0,,0,32,0.2,224.6,11,34
2274,0.0596894845366478,-2.039358615875244,-0.95,43851.875,1.0,1.0,,0,33,0.1,209.2,11,33
2275,0.05026139318943024,-1.940359115600586,-0.84,39904.672,1.0,1.0,,0,30,0.2,246.7,11,38
2276,0.04334421455860138,-3.238025665283203,-0.7,35633.105,1.0,1.0,,0,32,0.3,206.9,11,33
2277,0.061477042734622955,-2.775084972381592,-1.04,47346.102,1.0,1.0,,0,32,0.1,226.7,11,36
2278,0.05839906632900238,-2.144011974334717,-0.83,38325.148,1.0,1.0,,0,30,0.3,222.5,11,34
2279,0.05843651667237282,-2.7955851554870605,-0.79,35863.688,1.0,1.0,,0,29,0.3,243.2,11,35
2280,0.058935608714818954,-2.9662787914276123,-0.78,36396.484,1.0,1.0,,0,28,0.5,219.1,11,34
2281,0.03941807895898819,-2.153432846069336,-0.57,28628.492,1.0,1.0,,0,28,0.3,219.5,11,36
2282,0.05557231605052948,-2.6986985206604004,-0.54,22363.98,1.0,1.0,,0,29,0.3,232.1,11,35
2283,0.04058093577623367,-3.0424277782440186,-0.44,19772.266,1.0,1.0,,0,29,0.4,224.7,11,35
2284,0.03839574009180069,-2.666691303253174,-0.62,27496.91,1.0,1.0,,0,29,0.4,230.2,11,36
2285,0.04522626847028732,-2.3844776153564453,-0.51,24699.334,1.0,1.0,,0,31,0.5,222.8,11,35
2286,0.0470866784453392,-2.9207186698913574,-0.71,36269.898,1.0,1.0,,0,29,0.3,217.3,11,35
2287,0.05303449556231499,-2.1011180877685547,-0.77,35995.758,1.0,1.0,,0,32,0.1,221.3,11,35
2288,0.04299263656139374,-2.60659122467041,-0.62,30257.938,1.0,1.0,,0,28,0.4,239.6,11,37
2289,0.04242369905114174,-2.4361538887023926,-0.42,18603.422,1.0,1.0,,0,25,0.4,245.7,11,37
2290,0.0401749461889267,-1.8986234664916992,-0.77,36595.27,1.0,1.0,,0,32,0.3,224.4,11,34
2291,0.06193797290325165,-2.1012306213378906,-1.0,51789.266,1.0,1.0,,0,39,0.1,218.1,11,34
2292,0.07552877068519592,-2.7075021266937256,-0.83,40123.406,1.0,1.0,,0,33,0.1,218.7,11,33
2293,0.051801420748233795,-2.618966579437256,-0.64,32598.945,1.0,1.0,,0,32,0.3,238.8,11,37
2294,0.05080733075737953,-3.0068182945251465,-0.85,44875.758,1.0,1.0,,0,33,0.2,215.5,11,35
2295,0.06653237342834473,-2.3231444358825684,-0.63,27585.938,1.0,1.0,,0,32,0.3,225.3,11,35
2296,0.05489697307348251,-2.2885074615478516,-0.39,15680.473,1.0,1.0,,0,29,0.3,225.9,11,36
2297,0.04992173612117767,-1.911744475364685,-0.69,33760.266,1.0,1.0,,0,33,0.2,233.0,11,35
2298,0.0634913295507431,-2.4516067504882812,-0.57,25300.752,1.0,1.0,,0,31,0.1,214.5,11,33
2299,0.04567611962556839,-1.5278022289276123,-0.78,39481.148,1.0,1.0,,0,34,0.2,221.0,11,36
2300,0.05742920562624931,-2.406604051589966,-0.84,42996.715,1.0,1.0,,0,29,0.4,236.3,11,36
2301,0.03426675498485565,-3.5186574459075928,-0.82,36431.703,1.0,1.0,,0,29,0.3,226.8,11,34
2302,0.052986353635787964,-2.682243824005127,-0.51,19021.02,1.0,1.0,,0,32,0.1,209.3,11,33
2303,0.052322424948215485,-2.6797404289245605,-1.08,48466.512,1.0,1.0,,0,34,0.2,218.1,11,34
2304,0.06064021587371826,-2.725066661834717,-0.53,18969.354,1.0,1.0,,0,28,0.5,243.9,11,38
2305,0.03249841555953026,-2.9224915504455566,-0.94,46004.691,1.0,1.0,,0,30,0.2,224.2,11,34
2306,0.05739297345280647,-2.400653839111328,-0.7,30273.566,1.0,1.0,,0,29,0.1,200.9,11,33
2307,0.044257380068302155,-2.219395637512207,-0.7,34888.988,1.0,1.0,,0,29,0.3,206.0,11,33
2308,0.06501920521259308,-1.9102048873901367,-0.37,16507.109,1.0,1.0,,0,28,0.4,242.2,11,36
2309,0.05398191139101982,-3.4217448234558105,-0.88,40566.152,1.0,1.0,,0,31,0.4,227.1,11,37
2310,0.04889320582151413,-2.6660852432250977,-0.44,21578.807,1.0,1.0,,0,31,0.2,219.7,11,36
2311,0.06444460153579712,-2.6021649837493896,-0.71,28119.438,1.0,1.0,,0,32,0.1,212.5,11,35
2312,0.05794476717710495,-2.4315168857574463,-0.94,47668.238,1.0,1.0,,0,34,0.3,236.8,11,36
2313,0.0536237508058548,-2.432680606842041,-0.88,38167.551,1.0,1.0,,0,35,0.0,200.6,11,34
2314,0.07124754786491394,-2.4140543937683105,-0.96,45041.051,1.0,1.0,,0,32,0.2,223.2,11,35
2315,0.05522247031331062,-2.188908815383911,-0.68,33230.703,1.0,1.0,,0,32,0.2,231.8,11,35
2316,0.06825307011604309,-2.848785161972046,-0.71,27111.914,1.0,1.0,,0,29,0.4,234.3,11,35
2317,0.05857550725340843,-2.459127187728882,-0.69,30399.326,1.0,1.0,,0,26,0.3,251.3,11,38
2318,0.0413249135017395,-2.2388975620269775,-0.8,41736.664,1.0,1.0,,0,33,0.1,225.2,11,34
2319,0.06274542212486267,-2.4434969425201416,-0.93,50457.438,1.0,1.0,,0,31,0.2,220.8,11,34
2320,0.05011395364999771,-2.2116923332214355,-0.75,37442.602,1.0,1.0,,0,30,0.2,215.3,11,35
2321,0.04540546238422394,-2.485466957092285,-0.7,31584.088,1.0,1.0,,0,29,0.3,230.0,11,36
2322,0.060255032032728195,-2.4433906078338623,-0.73,33813.797,1.0,1.0,,0,30,0.3,230.1,11,36
2323,0.04914561286568642,-2.7759201526641846,-0.79,35419.973,1.0,1.0,,0,30,0.3,219.6,11,34
2324,0.05590692535042763,-2.18854022026062,-0.89,34462.57,1.0,1.0,,0,29,0.3,235.8,11,36
2325,0.04654650762677193,-2.232046127319336,-0.52,23901.359,1.0,1.0,,0,26,0.3,222.5,11,35
2326,0.048327766358852386,-2.623598337173462,-0.71,29646.633,1.0,1.0,,0,28,0.2,217.1,11,33
2327,0.05899719521403313,-2.238964080810547,-1.05,54839.727,1.0,1.0,,0,32,0.2,224.8,11,36
2328,0.047335412353277206,-2.392059087753296,-0.86,43770.133,1.0,1.0,,0,30,0.4,240.5,11,36
2329,0.046013034880161285,-3.3700058460235596,-0.72,30537.242,1.0,1.0,,0,29,0.3,209.7,11,34
2330,0.0426766574382782,-1.9829789400100708,-0.75,35862.461,1.0,1.0,,0,30,0.4,233.4,11,35
2331,0.06280024349689484,-2.896207094192505,-0.66,31556.078,1.0,1.0,,0,27,0.2,242.1,11,36
2332,0.05384118854999542,-2.682612419128418,-0.84,44819.25,1.0,1.0,,0,30,0.5,227.8,11,35
2333,0.04384971410036087,-1.6377151012420654,-0.71,31576.928,1.0,1.0,,0,29,0.3,224.6,11,36
2334,0.05168290436267853,-3.2586019039154053,-0.82,35804.887,1.0,1.0,,0,28,0.3,230.0,11,36
2335,0.04432903602719307,-2.9578843116760254,-1.07,50754.562,1.0,1.0,,0,34,0.1,211.1,11,33
2336,0.07280674576759338,-1.8157458305358887,-0.83,37183.938,1.0,1.0,,0,27,0.3,225.2,11,36
2337,0.05978202819824219,-2.2664401531219482,-0.58,27169.883,1.0,1.0,,0,29,0.1,220.3,11,37
2338,0.050864193588495255,-1.9823694229125977,-0.7,34727.898,1.0,1.0,,0,30,0.2,213.4,11,34
2339,0.07768315821886063,-1.3632593154907227,-0.73,33537.156,1.0,1.0,,0,31,0.4,250.3,11,38
2340,0.0547248050570488,-3.2518973350524902,-0.72,34144.609,1.0,1.0,,0,29,0.3,214.0,11,34
2341,0.049555979669094086,-2.3235578536987305,-0.69,32663.277,1.0,1.0,,0,32,0.2,219.4,11,35
2342,0.06080589443445206,-2.8189046382904053,-0.81,37591.75,1.0,1.0,,0,27,0.4,238.0,11,36
2343,0.038842763751745224,-2.4825873374938965,-0.6,29346.086,1.0,1.0,,0,28,0.3,213.2,11,35
2344,0.051811911165714264,-2.770094156265259,-0.65,30739.551,1.0,1.0,,0,27,0.2,226.9,11,32
2345,0.053238701075315475,-2.0556907653808594,-0.68,34465.305,1.0,1.0,,0,36,0.1,201.0,11,33
2346,0.062048476189374924,-2.1131207942962646,-0.17,5010.852,1.0,1.0,,0,25,0.5,233.8,11,36
2347,0.05126919969916344,-2.258577346801758,-1.08,47604.781,1.0,1.0,,0,35,0.2,203.3,11,33
2348,0.04505845159292221,-1.6678277254104614,-0.59,21959.254,1.0,1.0,,0,32,0.3,228.4,11,36
2349,0.05604444444179535,-2.991676092147827,-0.73,37321.668,1.0,1.0,,0,32,0.2,215.6,11,33
2350,0.06971115618944168,-2.270843505859375,-0.68,30981.33,1.0,1.0,,0,29,0.4,236.8,11,36
2351,0.047621846199035645,-1.9220093488693237,-0.85,43149.617,1.0,1.0,,0,34,0.2,228.0,11,36
2352,0.06334862112998962,-3.099668264389038,-0.84,39704.688,1.0,1.0,,0,30,0.4,231.2,11,36
2353,0.05195482820272446,-2.2492761611938477,-0.89,34904.727,1.0,1.0,,0,30,0.2,236.2,11,36
2354,0.0430041141808033,-2.2407102584838867,-0.96,45659.625,1.0,1.0,,0,36,0.2,221.7,11,35
2355,0.06557118892669678,-2.4011707305908203,-1.01,50360.699,1.0,1.0,,0,30,0.2,228.5,11,34
2356,0.05488025024533272,-1.8057739734649658,-0.95,45526.102,1.0,1.0,,0,31,0.2,221.4,11,35
2357,0.05010942369699478,-2.4704949855804443,-1.06,49984.781,1.0,1.0,,0,34,0.2,225.9,11,35
2358,0.05674086511135101,-2.9483094215393066,-0.79,40024.367,1.0,1.0,,0,32,0.1,205.2,11,35
2359,0.04936923086643219,-2.114546537399292,-0.57,26784.479,1.0,1.0,,0,31,0.3,221.3,11,35
2360,0.07287226617336273,-1.6202625036239624,-1.01,48231.773,1.0,1.0,,0,35,0.2,197.8,11,33
2361,0.05940088629722595,-2.247938394546509,-0.95,44434.258,1.0,1.0,,0,31,0.6,228.6,11,35
2362,0.0496036522090435,-3.3231382369995117,-0.66,30367.537,1.0,1.0,,0,31,0.5,224.3,11,35
2363,0.04917565733194351,-2.5065817832946777,-0.66,35044.453,1.0,1.0,,0,30,0.0,212.2,11,34
2364,0.061306342482566833,-1.9719352722167969,-0.59,25060.316,1.0,1.0,,0,29,0.1,201.7,11,32
2365,0.057930782437324524,-1.8938210010528564,-0.64,31731.562,1.0,1.0,,0,30,0.2,237.4,11,37
2366,0.0453818142414093,-2.230252742767334,-0.78,35910.367,1.0,1.0,,0,34,0.2,220.1,11,35
2367,0.0651407539844513,-2.567108392715454,-1.16,50689.461,1.0,1.0,,0,33,0.3,241.3,11,37
2368,0.022953322157263756,-2.996985912322998,-0.43,20075.117,1.0,1.0,,0,30,0.3,216.0,11,34
2369,0.05033573508262634,-3.0835390090942383,-0.62,29285.516,1.0,1.0,,0,30,0.4,234.8,11,36
2370,0.060307107865810394,-3.500605583190918,-0.78,37384.949,1.0,1.0,,0,32,0.2,223.0,11,35
2371,0.057490743696689606,-2.753419876098633,-0.7,40830.434,1.0,1.0,,0,36,0.2,212.9,11,33
2372,0.06743546575307846,-2.262206554412842,-0.79,36409.359,1.0,1.0,,0,31,0.2,220.8,11,35
2373,0.04101421684026718,-2.07879900932312,-0.46,21870.246,1.0,1.0,,0,29,0.2,220.0,11,35
2374,0.0469634011387825,-2.1903812885284424,-1.02,39987.766,1.0,1.0,,0,30,0.3,225.5,11,36
2375,0.03185482323169708,-2.750108480453491,-0.54,28603.527,1.0,1.0,,0,31,0.3,217.6,11,35
2376,0.062141504138708115,-2.1222057342529297,-0.54,23573.145,1.0,1.0,,0,28,0.3,212.5,11,36
2377,0.02870219573378563,-2.777076244354248,-0.72,37479.055,1.0,1.0,,0,35,0.3,218.8,11,34
2378,0.07312751561403275,-2.246419668197632,-0.42,18181.629,1.0,1.0,,0,29,0.2,204.6,11,34
2379,0.04011693596839905,-2.567350387573242,-0.56,31006.547,1.0,1.0,,0,34,0.4,225.6,11,35
2380,0.07192224264144897,-2.036982297897339,-1.13,46623.516,1.0,1.0,,0,34,0.3,226.1,11,34
2381,0.040437884628772736,-2.7344202995300293,-0.98,41458.723,1.0,1.0,,0,32,0.2,232.3,11,34
2382,0.045493148267269135,-2.4057207107543945,-0.71,35808.926,1.0,1.0,,0,33,0.3,228.6,11,34
2383,0.053548965603113174,-2.707071304321289,-1.23,55439.359,1.0,1.0,,0,36,0.2,238.8,11,36
2384,0.04877014458179474,-3.0359370708465576,-0.68,27975.346,1.0,1.0,,0,29,0.1,212.9,11,32
2385,0.05344461277127266,-1.6842310428619385,-0.75,34394.75,1.0,1.0,,0,32,0.2,222.1,11,34
2386,0.058872517198324203,-2.5691332817077637,-1.09,53238.289,1.0,1.0,,0,36,0.3,214.5,11,34
2387,0.05962458252906799,-2.7908120155334473,-0.39,15479.486,1.0,1.0,,0,30,0.3,215.5,11,35
2388,0.057452283799648285,-2.328754425048828,-0.81,39107.641,1.0,1.0,,0,31,0.3,243.8,11,36
2389,0.04240816831588745,-3.570713758468628,-1.04,48271.125,1.0,1.0,,0,33,0.1,223.1,11,36
2390,0.0520251989364624,-2.7188100814819336,-0.69,36156.254,1.0,1.0,,0,31,0.1,218.0,11,35
2391,0.0630713403224945,-2.120765209197998,-0.6,31287.441,1.0,1.0,,0,33,0.4,233.7,11,36
2392,0.05356525629758835,-2.7929649353027344,-0.56,28660.711,1.0,1.0,,0,32,0.2,218.9,11,34
2393,0.05773624777793884,-2.3632495403289795,-0.41,23440.75,1.0,1.0,,0,31,0.5,243.3,11,37
2394,0.05523030459880829,-3.0182723999023438,-0.85,41757.336,1.0,1.0,,0,36,0.4,226.8,11,34
2395,0.04527346044778824,-3.1675198078155518,-0.8,37572.973,1.0,1.0,,0,31,0.3,226.9,11,34
2396,0.056421004235744476,-2.1969010829925537,-0.99,47100.57,1.0,1.0,,0,35,0.2,227.2,11,35
2397,0.06282825767993927,-2.475977659225464,-0.88,47198.41,1.0,1.0,,0,33,0.2,229.0,11,36
2398,0.05506231635808945,-2.755373001098633,-0.66,29538.598,1.0,1.0,,0,33,0.4,250.4,11,36
2399,0.05509781092405319,-3.1481876373291016,-0.7,38338.062,1.0,1.0,,0,35,0.3,224.6,11,35
2400,0.07326195389032364,-2.7776472568511963,-0.83,38640.359,1.0,1.0,,0,30,0.5,231.4,11,36
2401,0.04440751671791077,-2.6252284049987793,-0.71,36861.098,1.0,1.0,,0,32,0.2,218.4,11,34
2402,0.055092908442020416,-2.442290782928467,-0.81,41207.766,1.0,1.0,,0,35,0.3,224.1,11,36
2403,0.05450417846441269,-3.3901336193084717,-0.83,33916.152,1.0,1.0,,0,31,0.2,241.6,11,36
2404,0.04685288667678833,-2.7005348205566406,-0.63,30632.645,1.0,1.0,,0,34,0.2,226.3,11,35
2405,0.05113042891025543,-2.855665922164917,-0.93,49177.898,1.0,1.0,,0,36,0.2,225.2,11,36
2406,0.052085451781749725,-2.4038496017456055,-0.97,44952.664,1.0,1.0,,0,29,0.2,217.7,11,35
2407,0.04529203474521637,-1.3462846279144287,-0.59,25718.373,1.0,1.0,,0,34,0.4,221.6,11,34
2408,0.05539528280496597,-2.270293712615967,-1.0,45031.68,1.0,1.0,,0,33,0.4,235.5,11,38
2409,0.02799685299396515,-3.9301512241363525,-0.5,26062.219,1.0,1.0,,0,33,0.1,207.7,11,33
2410,0.06645771861076355,-2.1423821449279785,-1.17,51824.305,1.0,1.0,,0,29,0.1,204.6,11,33
2411,0.03045910783112049,-1.8328672647476196,-0.54,27412.844,1.0,1.0,,0,32,0.2,221.8,11,35
2412,0.0672125369310379,-2.347430944442749,-0.71,32578.17,1.0,1.0,,0,30,0.4,225.1,11,36
2413,0.038383349776268005,-3.650723934173584,-0.77,34323.535,1.0,1.0,,0,34,0.5,229.4,11,36
2414,0.04024495184421539,-2.4196112155914307,-0.98,46645.68,1.0,1.0,,0,32,0.3,229.1,11,35
2415,0.05645524710416794,-2.105879306793213,-0.66,36430.828,1.0,1.0,,0,32,0.2,226.9,11,34
2416,0.05238116532564163,-2.6165194511413574,-0.73,31277.59,1.0,1.0,,0,31,0.2,221.7,11,33
2417,0.06245280057191849,-2.9114139080047607,-0.82,43227.125,1.0,1.0,,0,33,0.2,207.3,11,34
2418,0.05609099566936493,-1.6163623332977295,-0.67,31253.996,1.0,1.0,,0,33,0.2,216.6,11,33
2419,0.05797680467367172,-1.9303196668624878,-0.58,28103.291,1.0,1.0,,0,34,0.2,224.2,11,36
2420,0.05489511042833328,-3.2277474403381348,-1.0,48219.109,1.0,1.0,,0,32,0.4,226.2,11,35
2421,0.04914132505655289,-2.4844017028808594,-0.75,40321.59,1.0,1.0,,0,32,0.3,220.8,11,34
2422,0.054819103330373764,-2.278081178665161,-0.76,40602.391,1.0,1.0,,0,33,0.1,214.0,11,34
2423,0.058545392006635666,-2.1752092838287354,-0.89,39383.141,1.0,1.0,,0,32,0.2,220.1,11,35
2424,0.044948771595954895,-2.330601215362549,-0.77,37214.008,1.0,1.0,,0,35,0.1,203.2,11,34
2425,0.0690365731716156,-1.8703304529190063,-0.47,19040.266,1.0,1.0,,0,28,0.4,234.8,11,35
2426,0.045228660106658936,-1.908722996711731,-0.96,43450.371,1.0,1.0,,0,32,0.3,214.2,11,35
2427,0.046366650611162186,-2.2741713523864746,-0.91,47061.746,1.0,1.0,,0,33,0.1,209.0,11,33
2428,0.06197235360741615,-2.083890199661255,-1.06,49364.469,1.0,1.0,,0,36,0.2,227.4,11,35
2429,0.05549940466880798,-2.893260955810547,-0.87,43669.457,1.0,1.0,,0,35,0.3,220.5,11,36
2430,0.054723672568798065,-2.223301410675049,-0.9,47103.465,1.0,1.0,,0,34,0.3,224.0,11,34
2431,0.048551686108112335,-1.8013896942138672,-0.5,20239.258,1.0,1.0,,0,32,0.3,216.5,11,33
2432,0.04227162152528763,-2.3585665225982666,-0.99,55576.984,1.0,1.0,,0,36,0.1,206.5,11,33
2433,0.05544372648000717,-1.4922912120819092,-0.96,42783.027,1.0,1.0,,0,31,0.3,210.7,11,34
2434,0.045458488166332245,-2.1253790855407715,-0.64,32553.812,1.0,1.0,,0,31,0.3,217.7,11,35
2435,0.057986803352832794,-2.5483901500701904,-0.89,44488.156,1.0,1.0,,0,32,0.4,242.2,11,35
2436,0.06264536082744598,-2.8506062030792236,-0.86,36315.664,1.0,1.0,,0,32,0.3,235.2,11,35
2437,0.04250450059771538,-2.695286512374878,-0.53,26720.215,1.0,1.0,,0,30,0.3,241.1,11,38
2438,0.05069355666637421,-2.8434906005859375,-0.37,17091.334,1.0,1.0,,0,31,0.3,240.5,11,37
2439,0.05873766541481018,-2.7409305572509766,-0.9,43657.211,1.0,1.0,,0,33,0.3,221.6,11,34
2440,0.05864471197128296,-2.3792014122009277,-1.18,52693.387,1.0,1.0,,0,36,0.4,211.0,11,35
